gender,cibil_score,job_stability_months,education_level,income_regularity_score,app_session_duration_sec,form_paste_count,form_typing_speed_wpm,linkedin_tenure_months,public_footprint_score,utility_bill_on_time_ratio,avg_monthly_savings_ratio,default_target
0,612,82,1,0.3253674366103353,872,3,46.2553472996533,0,0.6087698767940662,0.8052709261009802,0.37489037175801443,0
1,818,16,0,0.7932138018615922,125,2,39.76617410338481,94,0.6094136648209864,0.7804851976625948,0.49601329988883336,0
1,505,4,0,0.6795427136883349,143,2,60.98864680727436,90,0.29615301703249686,0.6144084221573336,0.0664975539670627,0
1,674,12,1,0.24605749224223772,898,0,32.03538427455795,43,0.6287277793161458,0.6990387007681818,0.35764769797401896,0
0,750,29,1,0.8219565026027289,458,1,46.730096855907554,99,0.4112909649769554,0.7839944977024713,0.48954159651676277,0
0,478,7,0,0.5064642250665481,569,1,71.75250019944434,61,0.6753834269907696,0.4716557612838222,0.23129651362223497,0
0,509,14,1,0.4643047474637101,847,0,49.669479261455876,60,0.36194024230498145,0.5377071486723365,0.3667052217130063,0
1,799,119,0,0.5584601212653075,31,2,33.05218038444686,90,0.6330626128644188,0.9342976923917097,0.4876853252727151,0
1,763,12,2,0.4769400618449033,241,1,50.212736973403636,78,0.7914790371132308,0.6053958259294685,0.27374244695299815,0
1,423,99,1,0.47062847376792727,609,0,81.48040462770186,88,0.982142898131744,0.8806938291518231,0.3495207973515507,0
0,412,5,0,0.8464621341605005,669,0,45.588408455427476,78,0.9199612508245816,0.5505938514022864,0.010042405006047972,0
1,311,81,1,0.29960420349255384,362,0,56.90431121592065,82,0.5531848725947071,0.42498421092161315,0.2598325528132221,0
1,425,106,1,0.9764800542859668,53,4,45.07773726530485,49,0.5395141749858563,0.7002403554840457,0.1279002030209711,0
0,630,32,0,0.6439453154994746,794,5,49.13176647544971,74,0.4939300053421739,0.9354892261374919,0.06562232117527106,0
0,582,74,1,0.3463391987370503,397,3,43.8261717669979,40,0.1249755381897746,0.8915707294852826,0.35429904234066395,0
0,439,43,0,0.30497238634534923,771,2,29.729331938924044,32,0.2493590477376355,0.551763501354694,0.019544744454170926,1
0,700,81,0,0.6732076257079861,535,1,50.60936794589734,86,0.1532701794736502,0.9459614646546082,0.45243257578852886,0
1,396,69,0,0.7063995550775424,205,1,26.654783078478278,11,0.7267195762977887,0.687829536949782,0.25888682993542117,0
0,816,45,1,0.24242061682384863,458,1,40.31339787319833,1,0.471911185196349,0.42939940227320206,0.3241150575946894,0
0,368,106,0,0.3944015313030287,762,1,73.67548408290801,20,0.15739289025886863,0.4167547718606511,0.12671739956313322,0
1,417,9,1,0.836369536977174,471,0,43.920515205456205,13,0.721517569888483,0.691068240401995,0.09109650934464614,0
0,358,49,1,0.2396997021948204,577,0,31.151374434436207,33,0.6799922765451495,0.7277937134282897,0.12187681055600696,0
0,332,33,1,0.8840709311248289,543,0,48.61328400293253,78,0.7479665476214474,0.44794775234955425,0.11614649550214667,0
0,617,100,1,0.7265299812210668,390,2,36.69626983595553,84,0.6398507059854123,0.9533443922351074,0.4322508141467259,0
1,349,100,2,0.5475386074905639,303,0,46.629170370627314,63,0.24538560395255568,0.8309300970944938,0.39366970073122426,0
1,788,18,1,0.4771462791767327,206,1,27.35178039088135,22,0.15525306796795194,0.8807694150920451,0.42636826706201597,0
0,318,9,1,0.2153991710791152,293,2,56.6951252155795,84,0.8354268732043335,0.7504139507298109,0.36743602182919904,1
1,496,62,0,0.8601719566014745,215,0,46.86959015921772,49,0.29422809906927944,0.7981264456927089,0.3217751807322107,0
1,749,57,2,0.3141774831748305,556,1,29.971518739887962,13,0.5882763164267647,0.6327161378962722,0.26393734486533416,0
0,751,29,0,0.44763359348967047,308,0,50.395843877153666,84,0.5366953132589685,0.807578250966456,0.1327409131899544,0
1,588,114,1,0.6552855842902431,735,0,74.02766252945709,75,0.9289472863928627,0.9869097348425616,0.3526814788635579,0
0,440,78,1,0.3967940800570034,227,2,33.061888712494984,45,0.5971957847688686,0.7886295463665813,0.06829220260926333,0
0,383,25,0,0.5977123710017611,378,1,56.364428588963165,4,0.6220151968484356,0.6049802337239019,0.2555307717835604,0
1,690,15,0,0.847474262990962,450,1,51.26901990935263,65,0.3875545303442315,0.5711434734294807,0.09763738425280799,0
1,514,6,1,0.5764303478322199,334,2,51.049481145776795,21,0.9628252315917951,0.9780075645082378,0.2523796524397293,0
1,825,42,1,0.9591818752956769,93,0,58.503885348308486,69,0.6511364341653112,0.511001378264839,0.14695370643717748,0
0,514,29,1,0.8780004963010735,319,0,40.844982254942074,1,0.10448234523213228,0.8837179670017719,0.026739834768243154,0
0,702,79,2,0.4664313882907154,47,0,47.28502739740901,28,0.600474037361467,0.6791573752052553,0.25185450643198987,0
1,427,93,0,0.5199696996671502,93,2,46.4738852260229,60,0.42747884947468107,0.6662558526116804,0.09091510434997618,0
0,776,4,0,0.5386613816180217,359,0,32.16402617035688,99,0.128900983868949,0.8485226727873094,0.08057751628457654,0
0,703,82,1,0.7009435623396119,899,2,51.88196248910009,70,0.48839480695637605,0.4888230580275661,0.1921829488388494,0
1,328,114,1,0.42943658335083185,792,1,39.56337268364111,15,0.7962098395407667,0.6797775556869523,0.18089357892668168,0
0,637,57,1,0.975399311058007,46,1,72.45327614910812,63,0.5534105121607262,0.421500212660649,0.43347893280613414,0
1,660,49,0,0.6869473764828007,472,2,37.382106271939726,96,0.6755131775259953,0.8022440929068817,0.2823185114468544,0
0,691,44,1,0.5195213269929069,170,0,25.195378858076566,96,0.6757673191482853,0.4350263703721998,0.427283714067375,0
1,517,103,1,0.7160078523932538,337,3,61.80624347521879,13,0.7039173722350842,0.4523732786043322,0.07341782707103794,0
0,501,80,1,0.5163240084237661,473,1,33.836309082903426,42,0.44883657511171793,0.906895828737522,0.17865513502782204,0
1,316,75,1,0.8542365447835352,525,1,26.8006206591912,75,0.43300435515116054,0.6657731122095567,0.27766480880177485,0
1,621,14,1,0.654272768441377,455,0,50.81291937363218,42,0.10412607821074774,0.5205854131289456,0.07656403470497375,0
0,817,3,1,0.2335764027248536,504,5,64.98741539926041,69,0.23880021447602898,0.755550745573228,0.06402853316240276,1
1,624,115,0,0.3414054939387686,861,0,56.06021640087107,54,0.9557291915033965,0.7115699587507189,0.33070079910598843,0
1,711,114,0,0.8919951784236277,274,0,36.42379665872877,75,0.8581750442093887,0.6465449960457149,0.32691698540160086,0
1,617,62,1,0.6503198610854319,479,1,46.928383820540795,30,0.3475975936509127,0.9432502400496084,0.11707933204296939,0
1,381,106,1,0.9602747812111241,831,1,40.68942540453304,75,0.4610727540332049,0.8496747988914076,0.11356177771945375,0
1,773,64,1,0.2579378502885479,380,2,69.91282367406194,73,0.9459291910461697,0.490955722753178,0.3727228896650419,0
1,767,102,1,0.43620850406877915,628,0,38.44040660718312,39,0.3254000315982195,0.742464789968452,0.058493919709297626,0
0,724,45,1,0.3548346985916581,740,1,46.48497086437195,26,0.579279672360037,0.45324634042286027,0.46163174833832826,0
0,503,106,2,0.6430722337829891,899,1,47.538723926139944,51,0.1198718056498641,0.5467923822656839,0.47186926052025524,0
0,686,82,0,0.5062342648639275,190,0,27.596744144508143,6,0.6577613527175259,0.9459162080323843,0.4354961615846232,0
0,397,58,0,0.32581882726111455,169,2,42.10624241204917,45,0.9370662383569555,0.6772479554249453,0.10533864951327959,1
0,644,20,0,0.7142015311676375,522,1,42.35097421701085,99,0.89626904635602,0.935263660970621,0.00840087488693142,0
0,507,58,1,0.6290386926377491,617,0,65.65256434228294,32,0.5517722985647799,0.4995993793549385,0.46834542091261494,0
1,813,112,1,0.4197890010370408,560,1,47.927100746384895,90,0.6846777750494493,0.5232050485069834,0.17198591367675564,0
0,465,89,0,0.5838170862259022,422,1,39.32516328013359,7,0.6128183746119569,0.6116948338402557,0.15520513249417306,0
0,321,57,1,0.7965906520329515,871,0,42.82322154995796,4,0.160276819738758,0.61979538535568,0.13083879007857468,0
1,453,102,0,0.3642173396405268,430,1,43.99560999147862,60,0.24285113818907128,0.8471663621383746,0.12226808652444493,0
0,738,77,1,0.4343245973613833,79,4,44.41629382635036,71,0.9674355832927838,0.7596463371810231,0.3672766452208283,0
1,594,68,1,0.47688878967529214,773,3,58.91144653787407,59,0.3303718271845059,0.7319496555679781,0.453946814243713,0
0,518,119,1,0.7973811497608254,324,1,59.68059194482191,84,0.4460042944867595,0.7614253040968564,0.3930281829676122,0
1,794,78,0,0.8775380796407257,454,1,30.139458615998265,23,0.5580498771590565,0.8393148235140455,0.3370539829791703,0
1,529,97,2,0.5011107971532887,41,0,61.01939511801137,6,0.9812189164540074,0.9356899831654533,0.14387878140571508,0
0,319,92,1,0.4372966894671346,364,1,56.270211917251956,60,0.7209941556067988,0.6488439738863321,0.27348173764721856,0
0,447,52,0,0.9115574066813419,44,0,44.20912373647528,82,0.6666386479573287,0.8817555657540792,0.11848358631246841,0
1,407,37,0,0.9994919457541431,57,0,22.890537294358573,94,0.5719599751967734,0.6970581298516172,0.055753552103478765,0
1,702,8,1,0.7362829117294394,417,1,48.18963723490238,35,0.7306069731351015,0.833246945529723,0.060146481200263835,0
1,782,44,2,0.9919844919913448,321,1,39.69086276209542,26,0.697614301475512,0.9248942728358606,0.30188455261908304,0
1,666,98,2,0.7279730222415279,862,1,53.323234576435276,28,0.9125568030348838,0.4193288934189003,0.019239829388403795,0
0,713,108,1,0.78676821760626,279,1,54.69905096255647,86,0.5876517748281604,0.7279778532020683,0.4866272479018088,0
0,608,5,2,0.5109248012348109,534,5,64.78613442088829,19,0.4793523293714408,0.9936283758762853,0.49773323174826234,0
0,433,118,0,0.5463740375992427,127,5,29.082184541387548,69,0.8264458252574841,0.6977346487134786,0.07471234562471535,0
1,582,69,0,0.31530853119151614,844,3,77.07550862967827,75,0.8198050012181366,0.9185822095610153,0.21365120484903538,0
1,372,31,2,0.8582000118120987,366,2,58.42930990350893,75,0.25285279421087875,0.5115399114500977,0.38403800927774084,0
0,780,45,1,0.9448472247097601,68,1,55.71376268848351,2,0.3131127980708101,0.7625722541477991,0.4775334134762661,0
0,651,9,1,0.6987505069552897,67,2,73.74613218597867,38,0.9627744351697352,0.9221835779406671,0.44566058722128254,0
0,625,106,1,0.4749178467563188,329,1,49.76756447962045,98,0.4996985845441463,0.6589198789712627,0.1273775919463322,0
0,742,32,2,0.32321306029949304,208,0,60.50470766518105,82,0.5676946268780707,0.6920332353430263,0.042598466904807564,0
1,399,33,1,0.412124983764252,638,3,47.546570997514074,44,0.37914411212182886,0.4492107426694107,0.14436468037619654,1
1,358,67,2,0.40432833668147466,498,2,57.612283585135664,67,0.5329639206076181,0.42530325517036305,0.21861872154983814,0
1,807,30,1,0.6908223073308585,311,0,62.42410410700218,30,0.7690209464760903,0.68122497974979,0.17996915860636226,0
1,557,114,0,0.9560299722908836,779,0,60.88392096176103,37,0.5341105877173078,0.9060851989846803,0.3869345614498392,0
0,712,76,2,0.23861750956638517,193,1,22.32022064147639,96,0.3833062119627987,0.958794563268829,0.12889394394916198,0
1,751,29,0,0.2008178396755584,482,0,38.79273545918706,5,0.18640090395493888,0.7951918020767654,0.42931855786844597,0
1,364,3,2,0.6801455554514605,126,3,62.57703255626518,7,0.9354353684838319,0.8958391596007704,0.11281721380339205,1
1,453,90,1,0.4272483696637722,798,0,52.472043399601894,27,0.884492040521706,0.8409124975950433,0.1806760224686857,0
1,565,57,1,0.9044386738711656,338,1,44.258564396887756,14,0.81222844901475,0.8208914961402456,0.22390453386098236,0
1,378,30,1,0.4618002463246536,291,2,52.61475147826084,94,0.7246638674583086,0.8614198592720552,0.14560907127556894,0
1,614,9,0,0.43179008042311146,322,2,28.444578447685693,7,0.5639588960055251,0.7031817714465576,0.3831861185066166,0
0,547,26,0,0.41560849697463786,799,3,56.797177784411964,53,0.9076571075102053,0.6747628620981128,0.20477360570846925,0
0,713,2,2,0.31588226181459533,278,1,50.57188580926524,5,0.812531361517345,0.4954861133451161,0.443512886712927,0
0,324,62,2,0.6652243794216885,274,0,46.278749644392704,28,0.8344097576420163,0.9062891900248539,0.4817943292677152,0
0,583,3,1,0.33457088186736805,280,1,42.31632236819609,33,0.37859542569951987,0.4267683280623428,0.42990357627250975,0
1,748,46,2,0.5397049278322328,152,1,48.46587079847974,6,0.4811124460621584,0.5604664727423975,0.26131258613824576,0
0,600,68,2,0.5687776418045192,354,0,40.885902895885465,39,0.7361220377109327,0.7119496882874374,0.254904201306912,0
1,367,25,1,0.21639363750237958,710,0,40.141766386784134,73,0.43395607288697846,0.9829588675132298,0.10793632364030759,0
1,306,51,0,0.21344582385691402,530,2,71.83299741426103,12,0.5445771879479329,0.8715837653775383,0.29613883123672097,1
0,436,13,2,0.6161701510054634,716,1,21.20208534513535,61,0.6818616709346111,0.6212027347891769,0.47636286272005085,0
0,463,103,1,0.7568277857833059,810,1,21.510468054797553,85,0.49398256142585295,0.828369034307461,0.04030326382353766,0
1,382,44,2,0.9537139858243238,745,2,56.72277229070556,84,0.8137356464466009,0.9588216328090937,0.3762287071725395,0
0,719,35,2,0.34329542732556406,866,1,26.70396590510478,64,0.20465095499606345,0.7233300709222457,0.434769777161926,0
0,372,55,2,0.28260704754886606,95,2,14.947043708817603,40,0.7462508588038156,0.6771641173005696,0.4933517422478237,0
0,536,87,1,0.24167032554172074,856,1,60.21400481954861,41,0.23068905455015015,0.7317959633645965,0.16737885788346518,0
0,345,9,0,0.5488332663303602,865,0,63.90104094255264,65,0.9440556894356733,0.5869180246923896,0.1777870731174957,0
1,561,2,1,0.6985178938687655,88,0,25.379463339587925,92,0.38263391262546287,0.9444092864105144,0.11488762082857457,0
1,475,61,1,0.8724426854010114,760,0,18.070076654231613,10,0.815889124935524,0.8783690874768861,0.3945318129906231,0
1,465,118,0,0.746115905834505,527,1,26.71835650216227,49,0.5692752802978085,0.8232904674119662,0.07001980022400656,0
1,669,41,1,0.3666886312598859,402,2,34.501358823489,70,0.18197835992908673,0.7534552483375856,0.1338834806491206,0
1,353,44,1,0.5694162931170232,295,1,73.70869269560482,34,0.6243281689519896,0.981684867071313,0.14763117888523702,0
0,718,64,2,0.9282770770469242,682,2,38.55379370568231,93,0.9209599631943128,0.5786234376846523,0.1874653093617934,0
1,806,31,0,0.461392849981897,265,0,57.47786555420392,79,0.24151096399411354,0.5698810989441098,0.21083245180596488,0
1,640,108,1,0.5989842920735452,247,4,55.82650883791733,78,0.38917625442474857,0.5452829997179094,0.2795124823899228,0
1,426,47,0,0.9668522677149574,556,1,64.83631773155761,19,0.4952428038619662,0.8450655931869595,0.4741866607489053,0
1,708,2,0,0.7877664044589581,843,0,35.61028871204668,27,0.34754775700658835,0.8783713839245801,0.12363987380539992,0
0,666,96,0,0.7981923085133535,470,3,44.847088082266396,36,0.949401527262725,0.7582685057000151,0.38961029446282786,0
0,570,82,1,0.40186720353058214,679,0,41.71201168838187,2,0.43975023832761906,0.7911902262028704,0.33819514443419546,0
0,678,77,0,0.5317584946441025,435,2,53.06993473603251,92,0.6922558526371108,0.6093764587638357,0.058025114873791694,0
0,372,110,1,0.2658737304773774,773,1,63.23825923887131,58,0.3015250879330593,0.4238545254837294,0.4051883756802264,0
1,547,69,0,0.685220693640427,630,3,77.6762431205681,72,0.2977353437334834,0.5521815061847518,0.04530588981493244,0
1,342,58,2,0.2829841316339954,618,2,39.14057035849989,26,0.2582644020435452,0.7505819362782555,0.36946311482270955,0
0,676,106,2,0.8687276657647638,677,1,47.12071014451987,31,0.491331037174051,0.8877596094306333,0.35789337261887705,0
1,340,44,2,0.8516430296159976,498,1,58.00076992814328,47,0.5795723820610486,0.8663169870597983,0.34470093081853387,0
0,469,74,2,0.6268840808978476,139,1,54.176527604228646,45,0.1096733491764236,0.5076924185159087,0.13834617174477515,0
0,511,56,2,0.3129328265576238,382,1,70.72632292998786,94,0.849631084851803,0.430867726045737,0.28668349474506366,0
0,792,43,2,0.22046318655613453,842,1,43.38208456610465,46,0.561478503277989,0.9103360239976248,0.38078889540002514,0
0,338,89,1,0.8373669340340579,120,3,39.03843136679514,89,0.24148893107478883,0.44535353962159097,0.3187959724642584,0
1,668,34,0,0.6801123865707415,443,2,65.64444116719199,39,0.1605639812526899,0.6359867576734399,0.4021528602723502,0
0,450,101,0,0.7687437093983067,731,1,49.54575635430224,2,0.15687936741639524,0.45653539407094945,0.3439411824629699,0
1,410,30,0,0.4430457005890941,102,1,53.103608161263104,74,0.3318791381726761,0.7384292262691641,0.13722494404611574,0
1,779,71,1,0.6075861902751316,714,1,43.90975870193573,28,0.549362933173881,0.6180018587125098,0.07652827241156901,0
0,735,70,1,0.7977393364317205,576,3,58.90646218336705,90,0.8742155824026986,0.5214961706809076,0.31598949317407293,0
1,346,118,2,0.5700506466510397,751,0,32.02384616048823,57,0.9126688842018131,0.7571006009308248,0.3798791904353607,0
1,665,55,2,0.6811073782149848,327,1,38.125891269028415,49,0.8490951279814635,0.6180350739278138,0.07116147618281665,0
0,368,67,1,0.8317826094463698,674,3,5.276442429800873,9,0.3957071213086514,0.500072951032481,0.08741022893121081,0
1,598,13,1,0.3721765162131031,312,1,35.58642479365412,60,0.3759019765354894,0.8200518475385579,0.0060346736292031244,0
0,595,3,2,0.2527431114859859,534,1,58.973694345049296,98,0.9887125106394978,0.9020849859294259,0.2658745905179234,0
0,502,26,0,0.6254588086486441,227,1,45.69624504352186,60,0.713152566988713,0.564245542652497,0.27114552387359125,0
0,360,57,1,0.2497006165760766,61,1,31.141224133450983,22,0.37445674713178756,0.5118550274811042,0.2500378958993339,0
1,613,24,0,0.8132458354934027,677,2,66.44197063614831,5,0.39617213709232313,0.4451511171912881,0.1580050094058577,0
1,460,53,1,0.775369158107031,789,1,47.07765874526603,74,0.4911799953796273,0.7167412750421239,0.2139056172460594,0
0,630,70,0,0.9053701371722376,370,1,70.40625936322132,59,0.6596260280423537,0.8987762198480016,0.3831183852178179,0
0,827,43,2,0.7116496784271684,687,1,57.85031683977919,26,0.9081812439745109,0.5504739370001926,0.09089844063105101,0
1,637,60,1,0.25375805660189904,363,0,47.82303132634226,54,0.2784764077267683,0.6763826629782563,0.10077394332747225,0
0,603,58,0,0.40252170039169394,172,2,72.52507432891782,30,0.17596305791601635,0.4964820720686679,0.33348913238829503,0
0,802,49,0,0.8463454756501754,775,2,39.38007656239122,29,0.46517691155880936,0.6425204943961766,0.4334504367929864,0
1,637,42,1,0.3337059338508702,439,2,28.57664421484362,66,0.320909934349519,0.40926706453328515,0.1701967341181515,0
1,849,76,2,0.75878437425191,73,2,68.99026306221009,12,0.618429406095193,0.9464374407120717,0.46637216257330405,0
0,574,113,1,0.8242074647363824,61,3,54.06795459269895,58,0.7292933534326793,0.8059431370003411,0.02883803680882624,0
1,463,100,1,0.4640894382841929,772,2,65.90703526714904,53,0.37966235834568696,0.5996882305808631,0.05925966016072304,0
1,742,66,1,0.4578379787223268,57,2,58.22046647628642,20,0.7169061599757898,0.9287189560336139,0.2299798097465729,0
0,618,11,1,0.6462421449673175,452,1,69.65214406465385,42,0.40883252937202597,0.5097577776598265,0.36174261381426975,0
1,803,103,1,0.889029066203811,520,3,37.32718247436291,10,0.6714713256996359,0.4472402391134046,0.18541848236780462,0
0,686,98,1,0.37912496153078445,189,1,42.17048004221736,66,0.6697547260726598,0.9655729486875355,0.27737364508380075,0
1,793,90,1,0.9530065568339221,874,3,42.012447149094115,37,0.3503437330794794,0.5854101770415363,0.014285342821300617,0
1,789,18,1,0.6792949478560866,236,1,42.21473255807032,94,0.6721504765391831,0.9615840364650722,0.23091715583559824,0
1,372,85,1,0.9937011770818209,47,1,21.49430140790991,23,0.4428595861512903,0.782567751563684,0.12128776723757079,0
0,808,100,2,0.2716909791962581,132,1,47.45155983321214,50,0.4028094499245988,0.9880257596892829,0.25818442026792743,0
1,689,104,2,0.3012497092054073,611,1,56.86613165808826,75,0.3603589723598434,0.8520575273274522,0.2629166026557185,0
0,594,52,1,0.8613134429707863,660,2,34.79222891574878,60,0.4110807341208601,0.46329032015697885,0.37657946403852766,0
0,668,46,1,0.8918047164830794,680,0,31.29496953830643,45,0.8080704028550332,0.9113372001852894,0.2699208139334511,0
0,848,44,0,0.5563669506967472,701,0,42.96078062913489,42,0.32066093275526547,0.488727113516781,0.3071345863889607,0
1,486,22,2,0.7712569409138681,261,3,56.76817308861846,26,0.7137886646316788,0.8153185634645884,0.26482329086502177,0
1,744,53,1,0.8940458299564309,689,4,28.864643626163787,84,0.9105585264828101,0.7002444696540185,0.4951887171929148,0
0,662,59,0,0.23450223057506295,894,1,80.02916679865132,88,0.4153860469311059,0.8246350048866904,0.3958096809616121,0
1,422,94,1,0.659160338394607,453,0,25.512810873664588,29,0.12656085804541037,0.858993719600919,0.37782251400113637,0
0,487,114,2,0.8827845332211917,784,3,36.439388209142734,93,0.1221454262124911,0.8821991268479896,0.3136297304968819,0
1,719,107,0,0.5185239556678201,576,0,62.01120444103481,62,0.2255525995152739,0.900988079617429,0.26418534966541873,0
0,551,30,1,0.4419068848899415,866,0,59.51297778905939,9,0.19904035878879903,0.9083347129297863,0.1723785698031845,0
1,848,8,1,0.8365653480758701,896,1,58.1998127294989,2,0.7732767248842899,0.6475446559134519,0.3919839630441055,0
0,634,98,0,0.46862926680226896,268,1,34.718466608407184,76,0.3653656452166354,0.9335368433153245,0.09480458319359736,0
1,391,57,0,0.2025394385476026,363,3,37.56509379121832,59,0.6872587962406158,0.831748152127352,0.01827444996970956,1
0,829,111,2,0.9676580701032527,178,0,32.153706405579456,26,0.13820989215282733,0.9033825588509937,0.3490860222640506,0
0,362,73,2,0.6736985890808148,652,2,40.197104705480285,81,0.3661662484703283,0.99351481171876,0.07242584838936678,0
0,811,115,0,0.8556143349680569,437,1,50.74119472422332,44,0.3107316112095524,0.4698488452795305,0.4519130413804655,0
1,438,20,2,0.8602412498741716,46,2,32.08090694410654,61,0.34919245931712656,0.6223478186112449,0.3853406934847572,0
1,484,104,1,0.25312833629818626,255,0,18.777182291390066,23,0.2716459922204195,0.8839282124237591,0.30112218891365,0
0,504,25,1,0.33668815950917186,681,1,62.538294065214444,45,0.6561244189920878,0.4517820828377548,0.15696232683730438,0
1,513,19,1,0.44889654460771794,685,2,42.2975070923791,77,0.6964055826910002,0.724468639283476,0.31897117954492016,0
1,555,5,2,0.45655942803305827,289,1,56.221304208648164,43,0.23361894143493428,0.9150387753568784,0.23842834494250287,0
1,434,75,1,0.7270288941447303,758,0,40.36284773776587,62,0.767031386153282,0.4113947579248995,0.14557423390983215,0
1,387,79,0,0.6985063366021478,703,3,53.141937758251686,3,0.32504092863276607,0.9637113391354435,0.4725394885483953,0
0,506,72,2,0.595671822407851,633,0,79.89283588295424,15,0.35463025224960887,0.9868868943427617,0.0809447076832463,0
0,428,83,1,0.36901098584701436,203,0,27.85070299898473,50,0.8459275049592603,0.5933685578249428,0.3766918747104385,0
1,302,87,0,0.5055867757522428,872,2,33.33115453750597,73,0.9110493237440729,0.8600747148340306,0.4000192839459171,0
1,420,27,1,0.6348751747721356,234,0,31.488923450719344,90,0.8422806821215809,0.4763056615986709,0.4758973040891644,0
1,684,40,1,0.5743882928831536,444,0,76.56268912675152,47,0.23298653831583624,0.863718562316305,0.2747082149010794,0
0,337,96,2,0.3018340264760627,537,1,44.728861299664125,64,0.9993408715868678,0.6889130085004032,0.2674375805071828,0
0,640,26,1,0.719608394801539,182,5,58.31216340914639,68,0.7049398733041314,0.9161638471169273,0.4601446045061696,0
1,320,27,0,0.25844142144852844,132,1,5.342618430547574,76,0.5596017593866336,0.5275638563657206,0.40054662967059457,1
1,541,62,1,0.5025557464648642,743,0,50.616882107986804,44,0.9593572669780921,0.8035947719453437,0.381818239772702,0
1,754,83,1,0.7680234781401833,821,0,39.587847762325474,2,0.8356423558839341,0.8716715046495104,0.3945685271056561,0
1,602,50,0,0.2160188276157652,94,1,65.82914680339404,16,0.7225687356658631,0.5214953591513967,0.24659054573214345,0
1,368,42,1,0.655986255236253,146,0,54.8814128673616,82,0.8545575236339199,0.8909723665418929,0.020709308915523417,0
0,428,29,2,0.46761677931463785,694,2,38.70432995229897,36,0.44691992495013355,0.9747913005651215,0.09913244182973957,0
0,495,39,0,0.2070654747381876,185,1,68.69728867249333,4,0.7159946008961922,0.7696471599523786,0.32149604383214336,0
1,439,60,1,0.3523066168487775,705,0,70.07442686869655,46,0.2715220168567912,0.8709102500743302,0.1980829592146358,0
1,743,41,1,0.9527569546165235,111,1,67.58533274013121,43,0.9892005717403919,0.7195503156157874,0.30338512419850155,0
0,582,33,0,0.6169191244040724,547,4,56.4373940032171,87,0.6300835300840631,0.7588620165973785,0.27583895137062964,0
0,611,83,1,0.9977817637033055,863,0,40.840750160435796,32,0.8328135226917767,0.40801146071540756,0.21933015277844253,0
1,834,101,1,0.619853400291793,96,1,48.481142947539375,20,0.4666058924779306,0.7145723601016163,0.11736401074047309,0
0,576,83,2,0.6351491298322146,267,0,38.74927115657779,66,0.7827299373476626,0.7453382498944241,0.35947994538931755,0
0,360,97,0,0.5134744103462819,613,0,48.31957340964834,67,0.4486464095224245,0.8020285274592319,0.4545225648756979,0
1,618,111,1,0.44803233498513145,636,1,36.08055437619912,31,0.6310045782645246,0.5016343652996132,0.3849818594753948,0
1,351,16,0,0.4012364425063559,845,0,42.45480257297618,23,0.8003213341176809,0.5448245574310555,0.06001911806107463,0
1,452,23,2,0.4747364929045391,355,2,77.15323142057949,34,0.20482652196661472,0.8536027790153576,0.26897486924989067,0
0,610,7,1,0.5678808647203457,619,1,49.66410668649968,17,0.42110726623268346,0.5005832920164194,0.41768309118279096,0
1,843,26,1,0.35359356018463206,96,0,38.55190898681861,66,0.5904432540784872,0.6496156434314543,0.2954908910518496,0
0,688,96,0,0.37990007344455673,205,0,28.496224157985534,53,0.4005979354793523,0.5502941313933374,0.21978458045676885,0
0,847,12,1,0.4172358149347513,862,2,43.50289933269104,25,0.3782505112800929,0.727110462173052,0.14227317490246044,0
1,476,72,0,0.5594079135446713,713,2,56.18038462185402,59,0.353497680624441,0.9921225286929662,0.16519537529321504,0
1,661,5,2,0.7222506934513946,507,1,47.05057984135893,87,0.3050126396284254,0.911222738606976,0.12107841504900518,0
1,613,106,1,0.8849169202290299,284,0,44.19056009902899,64,0.8640141063000676,0.5616846039769541,0.0978632256521707,0
1,396,92,1,0.4297054697497147,92,3,51.383490688238744,50,0.9313202164605332,0.6211670863470655,0.2944325743094148,0
1,512,117,1,0.34698267227314994,843,2,50.914343189417224,97,0.7301525033406953,0.9511801494987037,0.2546924018067909,0
0,436,69,1,0.503077971880444,432,2,55.579252349649835,59,0.12699956148856906,0.9389769834128431,0.3674165421039414,0
0,305,49,1,0.9155064610974846,787,3,55.9788936807853,58,0.8076098756161018,0.496316823069192,0.15396476867910458,0
0,408,26,1,0.20788858266971158,221,2,43.671446140217355,75,0.5787458570038287,0.89756267905272,0.23041204028789858,0
0,846,5,1,0.7422948928461963,358,2,42.92108626195373,16,0.7822990790952457,0.5785647428724711,0.34018510952513425,0
1,338,22,1,0.5817280371292652,100,3,45.012309425145475,84,0.49360453629654677,0.7262818955909618,0.4816168925330885,0
0,724,79,1,0.32883697196854406,770,1,53.40405715677878,20,0.13715372339966786,0.4030590335741189,0.1744352008202465,0
1,560,13,0,0.45681722101957334,92,2,61.81733134777714,66,0.7135704872891182,0.9991541145376931,0.1491044348066876,0
1,725,28,2,0.3799600351016271,326,0,39.94689820940124,27,0.49971564327585394,0.8566578817890691,0.2246441854621815,0
1,386,33,1,0.9022657343120979,274,1,42.544080707734935,88,0.8866391459907219,0.5450398359392348,0.3619369817317768,0
1,764,107,1,0.5854987071559923,548,2,32.79817914406527,43,0.7643241431392847,0.8102769364834362,0.4807751489835107,0
1,375,23,2,0.6504754222979943,422,2,22.571182229951976,69,0.42360557300002843,0.5759844176940879,0.268268161657978,0
1,770,97,0,0.6749500954696166,801,0,26.432497947819893,61,0.7516737638054367,0.4536734883916099,0.4062201201982948,0
0,713,107,2,0.711693699681885,630,3,29.944215044840302,41,0.5456877395045777,0.6551859738202782,0.2321999029104967,0
1,756,18,2,0.596444552300744,206,0,35.01347316288167,93,0.27949955703359064,0.7682313174661871,0.019928564345043365,0
0,584,114,2,0.21429882466905267,233,0,51.8982336557073,95,0.47789768749619965,0.453866474926647,0.44710565463884977,0
0,538,117,2,0.46777814953172153,675,0,28.929918747629074,21,0.30030615505778135,0.7110437791173656,0.1449390463492637,0
1,671,30,1,0.347098592576793,623,1,45.2652490506471,37,0.10447886794453941,0.708918539467306,0.06933282065134655,0
0,794,26,0,0.7441142743293416,562,1,57.56761656578844,13,0.32211619623023136,0.7771871443682219,0.4980807469143513,0
1,344,16,1,0.24536372109603732,157,2,32.552148477937365,97,0.2885691933174253,0.5467873831182782,0.1736994981395284,1
1,700,77,1,0.6510427128893155,224,1,37.621804263289235,25,0.10390321781821137,0.4123848899475198,0.06826913866885131,0
1,546,39,0,0.36850537781944076,223,0,25.199121511383115,39,0.805532831290196,0.594914504035363,0.15577108921912314,0
0,749,33,1,0.9590766707736489,213,1,30.712214080856363,53,0.16928644435376694,0.6391487155154181,0.2569188133914562,0
0,784,26,1,0.46843275374922844,276,3,65.54905079802401,12,0.5041531665449939,0.781444632808256,0.04397854325149342,0
1,317,48,2,0.4601769530997074,353,1,52.57487947364439,93,0.4760948581273584,0.9581031173651509,0.17631041718194668,0
0,588,65,2,0.9387077343925789,189,2,77.24332633842008,18,0.2632673055749892,0.5220313136701107,0.3344282113880301,0
1,713,113,2,0.533878336243313,735,3,33.94497472795875,41,0.9701816558836428,0.8124001772610039,0.45796600245178043,0
1,534,38,1,0.9702898673485938,651,2,67.62634692937363,40,0.6433602444341725,0.4584405456239619,0.1987188422800713,0
1,715,2,2,0.2193362817068028,95,1,34.067655142472674,49,0.8321617411523523,0.5143730533328903,0.28228212287245696,0
0,798,113,2,0.44507566016171707,283,0,37.48239700198757,2,0.5465265015114552,0.705480706941755,0.318031099983472,0
0,414,6,1,0.732954368213145,312,4,85.83466398872437,30,0.7505307256356217,0.8250265474958636,0.03537673966891447,0
1,533,46,0,0.912685571622111,89,0,32.47415662240978,75,0.9728012874805823,0.9151411215645633,0.17111252119499193,0
0,839,50,2,0.40512447440662713,147,1,68.80002571808986,14,0.4135648724227914,0.846342059187819,0.3421270075812566,0
0,310,38,2,0.9443820735709345,452,2,44.520133551954025,53,0.5538374674389509,0.40921167211631104,0.36783054324512016,0
1,505,106,1,0.6752971731993506,585,0,28.845911210022976,52,0.5630832088228059,0.8103587955516143,0.17797605508691383,0
1,546,88,0,0.8408065945583327,751,3,23.53950942582244,44,0.9927953346917248,0.894794622220184,0.0033681251749018704,0
1,426,18,1,0.5177658434455178,65,1,46.57775489345885,37,0.3097892317529918,0.7153200864334828,0.003432800123714108,0
1,446,27,0,0.3697443060534987,560,0,28.147344819248282,77,0.7077767577283709,0.9793592145798455,0.26906000886335985,0
0,417,41,2,0.9289883323581545,120,1,40.56682798111479,98,0.22440671061012313,0.40258745346629987,0.2757429482662276,0
1,681,72,2,0.946508694724975,330,0,16.432132206470307,79,0.9343661788488232,0.8911947703745824,0.2778597161888646,0
1,711,92,0,0.5980601153233085,753,1,50.31618392566294,49,0.6313437271015286,0.6008918391515167,0.3608765329151924,0
0,662,74,1,0.20519601279940522,763,0,21.863323747264094,23,0.8734703743355231,0.7902698690426965,0.46063469784706823,0
1,808,17,0,0.2878263629363236,246,2,44.09871648930329,16,0.9057173899055567,0.8160891366510998,0.4950851038671746,0
1,436,119,1,0.6584223681853774,764,1,24.243097036663595,17,0.6013989208937328,0.5837494098263571,0.35053337731243944,0
1,474,62,1,0.219021361841509,127,1,63.38818572336305,41,0.7138065441143785,0.9972546998881046,0.2569993588119823,0
1,588,29,1,0.5175295391893562,485,1,13.351382455958007,16,0.7288485760260194,0.4619500168422239,0.0704973991601574,0
1,780,58,1,0.44269595645761006,560,1,40.75582536953461,15,0.5144327411578828,0.49421745110119203,0.1920875896999173,0
0,318,70,0,0.7714786203217638,838,1,53.391123513081226,84,0.49135442257239836,0.9353150231506372,0.2862283328399404,0
0,494,78,1,0.24446293835834823,567,0,50.38328422756626,87,0.26756939708032856,0.47150792586692314,0.49990424058688243,0
1,629,22,0,0.59098501518183,57,1,26.297542197850756,97,0.44552310445108834,0.6287717588475812,0.063490811659065,0
1,474,118,1,0.6632914159004843,605,1,18.903820012789787,51,0.9916812464909993,0.8398853271377209,0.3965382355767781,0
1,748,6,0,0.6938328608420942,353,2,56.72087251773518,35,0.34287541940663735,0.8748951165014429,0.4994700991445403,0
1,653,26,1,0.5241261376135526,252,0,43.14491780972873,90,0.7861968178084934,0.9728015060876755,0.4026456414855329,0
1,798,39,2,0.4434942267436408,109,3,28.924228809776643,38,0.1534127230509749,0.87374430080452,0.38357207977815044,0
1,440,12,2,0.745994426989719,592,1,57.26695872803582,80,0.5207219176668925,0.9067194304718544,0.12934056853202436,0
1,392,99,2,0.878055238481996,487,0,36.55946751350245,24,0.15256911872543105,0.9696256034166464,0.0016812535804462958,0
1,538,14,2,0.7548941102263031,643,1,35.13927513197316,41,0.5282199404271085,0.7322126153644686,0.11299354404993878,0
1,504,22,0,0.9456818923657773,205,1,31.999820679700733,20,0.12479721472843922,0.6060600760591266,0.3949000575369477,0
1,732,51,0,0.7738108202863418,551,3,33.608140200245046,67,0.6519652943355144,0.8569678867999019,0.05364059928287357,0
1,544,23,1,0.8116949872108947,778,2,33.06750893099784,88,0.6278581899809924,0.49812495185293404,0.14805918741214902,0
0,616,48,2,0.3343225572816711,486,0,49.92460763432001,58,0.8180589003673199,0.44093900200243397,0.28125263548992446,0
0,594,71,2,0.5356317156213695,452,0,68.2595435738318,29,0.6249575819812123,0.8711985190736614,0.28990515022051144,0
0,581,104,0,0.5880442647647721,129,2,24.049058298552076,56,0.9333992461159659,0.9704028148377111,0.27149434522264876,0
1,316,50,1,0.4050345298356861,769,2,39.8849000430862,32,0.8047941526669206,0.6654681669798252,0.4904417476872706,0
0,370,89,0,0.6228318882850303,432,1,42.539201508658955,89,0.21939086829006044,0.4966800720688711,0.006142797825448576,0
1,568,13,1,0.43263355537747805,605,0,51.96844091497641,88,0.3389258694754818,0.6982125856521175,0.24379925503963712,0
1,624,85,1,0.7500016742435329,409,0,59.824846734095445,52,0.12360753799191421,0.6359907111720469,0.2522103101639201,0
0,604,105,0,0.5762307813625407,560,0,42.609568510430314,15,0.44752060141552663,0.6234843638550974,0.14666106656047512,0
1,750,10,1,0.5670455634152285,361,0,35.44369200091967,48,0.5585826283925053,0.7768485039863293,0.2625356378293864,0
0,306,117,1,0.9869140248262493,347,1,53.67105896712013,87,0.9513516239038599,0.5048414288261837,0.3366399204002878,0
0,613,55,1,0.5139558788340564,682,0,20.398535671375452,4,0.5700406890536366,0.6282889292184282,0.33637795382528984,0
1,402,9,0,0.48983634607165466,566,0,12.840071060380474,76,0.8029252377486522,0.9212061034640383,0.0439284878708453,0
0,492,79,2,0.4548834970261235,769,2,83.85561712793148,93,0.34122161133361106,0.8377990585702729,0.4012299903322833,0
0,828,52,1,0.9157993767806385,118,0,32.88182750077499,59,0.23784259353294857,0.4333530800732735,0.4653549150428571,0
1,470,2,2,0.5973790608785425,633,1,38.79412016115563,70,0.8297526284436275,0.7083422775774924,0.061805928981298386,0
1,836,25,2,0.6800115819845085,540,0,53.15723771327587,80,0.3226826308371322,0.454777190744127,0.2083201428526602,0
0,550,13,0,0.344654783201916,71,5,50.20491388688415,54,0.8842016059039958,0.974497857369138,0.25587511389352635,0
1,686,98,0,0.6327538880039416,836,1,58.27857458610284,90,0.25286488812276675,0.5467843845298032,0.06741084467195652,0
0,506,51,1,0.41971855429479066,418,1,59.064446207707206,34,0.8664278869135963,0.9595726154280482,0.2516920251095272,0
0,840,58,0,0.7845095370103021,110,1,23.363183131590077,68,0.7955628220670051,0.9004050450949087,0.10342941831219077,0
1,715,34,2,0.8660226790339058,431,1,64.0392101679769,41,0.6500986058265434,0.7308186608183798,0.4676804787143929,0
1,679,35,1,0.7718485537050221,136,1,52.660648064384546,68,0.8651986100403545,0.6017827437057811,0.22423517091295486,0
1,443,102,2,0.7841953330162059,140,3,50.6702347164033,23,0.3976391060942154,0.9147680084143903,0.4974506256733572,0
1,324,3,0,0.6099797632956137,306,1,51.33777216512404,70,0.249430731098849,0.49167022056192483,0.023255574133733137,0
1,372,106,1,0.7696944450673082,243,0,11.515659658822244,70,0.24133660759401007,0.5079844683394182,0.06379037218108241,0
1,392,59,1,0.5381495484065282,772,2,41.851155154073396,54,0.3433230224341337,0.5348336064200856,0.22160540026994063,0
0,804,70,0,0.7211913228236904,847,0,30.501369043278544,13,0.5016044189620475,0.7586181387077122,0.43717964246596625,0
1,635,119,1,0.40723136809641175,535,1,28.340797100019877,54,0.8884205785731041,0.5885951347315086,0.27761289518058824,0
0,724,48,2,0.25580560984960815,150,1,37.68183598976432,14,0.18058208694196287,0.9935088636873463,0.3661716103245032,0
0,798,64,1,0.5307786112975748,163,1,57.381782261717404,4,0.9237178399912744,0.5170678211758987,0.21178157862477376,0
0,663,113,1,0.569422524624392,847,0,49.307899168091915,3,0.9329452393060776,0.8833660585324925,0.020256017923997283,0
0,498,19,0,0.405125726550952,749,2,51.562119966324204,29,0.7545127516023641,0.4575017311040774,0.32390627921689913,1
1,712,67,1,0.7821676147257901,400,0,38.305008042718526,83,0.910255252263352,0.6120679373797117,0.3170007285658616,0
1,638,82,2,0.25884038318102337,286,0,50.64446668786598,52,0.792987967160166,0.5462575001236323,0.03571401607812563,0
1,728,103,2,0.37819865950335085,726,2,42.0142557698885,89,0.5754708686401783,0.9861015691781521,0.08544073461914298,0
0,438,73,1,0.7988517747629016,827,3,59.236853835692784,72,0.6406752036033498,0.4154383478664737,0.23807789944390956,0
0,841,116,2,0.5496994189920099,209,0,55.434893164486645,29,0.6654020288298245,0.8330017154203359,0.22331879387198816,0
0,356,76,1,0.76422689923145,77,0,47.39726434090724,85,0.21420395288479982,0.5486332752405388,0.37620875018962935,0
0,531,5,0,0.6539887022268771,628,3,32.98060124049565,93,0.2737487237657594,0.8867491975519715,0.19370656846084172,0
1,734,67,0,0.96057019999789,48,0,49.09484856735675,83,0.5710318514831448,0.5867346397511104,0.33165011941283234,0
1,683,11,2,0.6782366661782664,75,0,48.63679055087051,91,0.20370548149384765,0.51237054700689,0.35221177002387866,0
1,493,94,0,0.21189517947641578,480,1,46.79000980608168,60,0.9684813664415,0.8158239108539576,0.32250192976293135,0
0,833,68,1,0.4823018804034672,85,0,37.86205405295324,70,0.5564145506629795,0.5545459214247641,0.29806278595222685,0
1,817,69,1,0.3144485457637662,770,1,35.181870283828744,67,0.4420775303317537,0.6913281219870493,0.40284174032592507,0
1,484,1,1,0.9397069420781625,686,1,49.83555599591376,91,0.2417860338324033,0.478920053388427,0.3285534867418551,0
1,591,91,1,0.28320996342806426,121,3,32.13457998101128,54,0.47488050772766766,0.8347588066259035,0.41709217320616204,0
1,634,92,0,0.51016533050487,111,4,41.223445871026826,98,0.372183568293294,0.6441017230323236,0.31834276339170425,0
0,415,63,0,0.3808793549013538,766,1,53.80301903787504,96,0.17913445408183118,0.4843478556623566,0.07948650843714467,0
0,348,29,1,0.8773775923173868,108,3,51.62232058890528,70,0.9703047657142192,0.8449570280745893,0.1547227031951684,0
0,381,82,1,0.4468531980711336,691,1,27.640990344386154,72,0.33848028644405204,0.46201731521904177,0.16517766624218538,0
1,632,12,1,0.9935147865141161,312,1,49.477870580153635,97,0.7214232179201718,0.7448922535053797,0.046957735368450826,0
0,634,77,1,0.23089328448980073,340,1,75.47822103045252,41,0.1821902516401805,0.7644911018140308,0.3461533287471851,0
0,831,41,0,0.3026214179700527,189,0,55.13393274096478,97,0.9218521083940953,0.9582103002248185,0.2975555731636899,0
0,520,2,2,0.3797110211432873,345,2,40.881176316734404,76,0.6316763064045192,0.4905882991271415,0.2948774608901352,0
0,622,37,1,0.8488848321601277,697,1,64.61241961847611,28,0.6911848003389509,0.7920078158381618,0.23925865063374735,0
1,302,45,0,0.9028137672512127,185,2,77.98782056833629,34,0.8036059246019817,0.62846114883716,0.2715623134165826,0
1,505,80,1,0.25716110448753793,743,1,57.95034771907062,44,0.6453237957985752,0.6404886082157857,0.004043645776323157,0
1,339,48,2,0.22596811340982115,497,3,19.026645150494122,73,0.1638167125719301,0.7010951091662849,0.048124034721718056,0
0,358,24,2,0.7956454856836634,882,1,54.25219618107893,93,0.48662418126893736,0.5402707672294031,0.3416764852326526,0
1,806,99,0,0.3066816054028908,491,2,65.23181434260248,89,0.33582708399803024,0.6767099433714748,0.1307334032003583,0
1,421,22,1,0.30639886965971136,883,1,14.04092355595332,98,0.5380453186130655,0.812107701040501,0.05395576868730906,0
0,778,100,0,0.21789322759554342,146,0,59.05673261976389,91,0.46389264551356424,0.6742678237290756,0.16432763009402007,0
0,395,11,0,0.23984630206673752,695,0,41.95317395591248,28,0.8438798055689628,0.4255050563986536,0.12724127498001075,0
0,713,119,1,0.41094036687639135,393,0,64.7315769278577,69,0.32234279698879387,0.5546957485269147,0.01468623181240275,0
1,534,58,1,0.25200439152864507,872,0,43.932659523064075,2,0.2811709533501536,0.6108761276518657,0.20527890165358098,0
1,361,46,1,0.4951032733274205,660,1,50.14838578075505,92,0.9622776659055174,0.6128326821337802,0.013514598084446439,0
0,555,29,1,0.8662200249818792,740,0,50.39988959131013,56,0.9545649525002615,0.4486041355115931,0.00019542792349153126,0
0,647,35,0,0.46105620585727414,495,1,55.711660320088846,65,0.994118468425841,0.6697423309703578,0.396236875326888,0
1,423,112,1,0.7822673300634972,804,1,51.70656068586505,21,0.6115425215917034,0.8151694113931403,0.15748581489545904,0
1,781,118,0,0.2751279718648241,213,2,31.513543010832038,26,0.2018295645300987,0.429203210829174,0.2837931924431625,0
1,616,15,0,0.7275001499355944,689,2,41.05313209559346,21,0.8921509666634775,0.8505545034239383,0.1488753847469791,0
1,803,60,1,0.453397746605948,195,0,44.901293200304735,73,0.23060348583187654,0.9730631217780751,0.46501184858507577,0
0,347,95,1,0.7998023029576304,104,1,63.45536583942754,48,0.24003489342624051,0.40560289382296233,0.36459061575024226,0
0,708,42,0,0.3090016112451055,777,1,52.26488156554058,82,0.27405781073747915,0.5162153895592868,0.1845851287818453,0
1,435,105,1,0.9183067022115856,855,0,35.13614576565293,23,0.6880769518537836,0.7260926694071754,0.10531345852648061,0
0,500,43,0,0.39406176231834933,301,1,31.204570218580358,26,0.19647914790459026,0.5308296919300413,0.06890319130022116,0
1,549,80,0,0.4825102346249412,720,0,54.821208287422,35,0.8004534661105894,0.8587756190067207,0.3812093419891459,0
1,613,74,1,0.9601445686544334,532,0,37.877643236842886,16,0.15242643636224879,0.5872805889756658,0.22651837868192687,0
1,667,49,0,0.6627858877846872,824,0,56.29791291085161,55,0.19940190460463814,0.5761751693907509,0.11598168944590642,0
0,728,64,1,0.49261721517041757,592,0,44.16320659639466,9,0.4910384274998757,0.40055432547006514,0.45981303561121656,0
1,779,32,0,0.9596817176269055,616,1,66.90158859371704,53,0.4412543517549107,0.5620757129129654,0.1950481982660125,0
1,613,64,1,0.4632619335120256,685,0,33.944761863221075,80,0.9907374415576906,0.5306023131441153,0.2717463575944179,0
1,799,115,0,0.27589657014014385,372,0,66.58144668635043,73,0.970177561046833,0.6059445802854855,0.4288995921370391,0
1,654,2,0,0.997479110287536,729,3,59.75214660843844,73,0.27071362662006304,0.48859399181458013,0.41668753171874284,0
0,784,24,1,0.4142759364471311,664,2,38.39405035332001,37,0.9519989905706163,0.7567891998534969,0.31897681586271276,0
1,510,87,2,0.881006278959686,873,5,31.82500801329397,80,0.7230357136107695,0.5432449260954056,0.4443118915355431,0
1,343,66,0,0.3324326358584698,280,1,73.91532084736222,89,0.4679588489799106,0.8990505188489055,0.47604908072140334,0
0,840,38,1,0.7850831774219025,837,1,31.460570618906704,89,0.7656678389448472,0.5707347680425672,0.46755706730844476,0
0,391,31,1,0.6195595155778016,864,1,49.59574201113689,97,0.9101268691358921,0.5265217596757962,0.17450366782169746,0
0,564,115,1,0.9847252466321037,159,1,50.18035291101759,3,0.2621273984190775,0.4340508171636609,0.19858554810189516,0
0,519,104,2,0.6422642848739196,793,1,45.150066686218175,49,0.276385835239895,0.8439440140130463,0.12025193249065841,0
0,741,26,0,0.22001212151268332,387,0,56.72015159054171,90,0.4678486860048944,0.7049249050225335,0.41841492179708084,0
1,700,29,2,0.6831023916992703,721,1,31.041439383650054,60,0.25229059420156363,0.4682697984282897,0.06091230295524869,0
0,699,67,1,0.31625316506930085,437,1,73.99597838566186,20,0.42435773713523417,0.532800869570507,0.17754168508447482,0
0,789,78,1,0.8388327322256697,890,0,32.6322216979939,35,0.6811223743562627,0.9992314432359055,0.004866598353960028,0
1,784,25,2,0.8852545571919193,524,2,42.84099923975898,45,0.8315363128004692,0.8836172360701476,0.2973231218119543,0
0,769,48,1,0.5856748150357715,651,1,23.427346449065524,94,0.3717414439168596,0.6099216914605535,0.3291921534746073,0
1,744,65,1,0.826577165641839,511,0,60.69169658771362,70,0.35355761542435427,0.7255328983692064,0.1244937504327524,0
0,568,53,1,0.31608858838528414,879,1,73.3216631821878,43,0.8017686679502598,0.649610295340356,0.3683653261494925,0
0,566,67,1,0.5936625492285168,107,2,75.12212904206156,63,0.4429236034022582,0.4218337392405139,0.19076839396002354,0
1,353,118,0,0.5151554117524677,543,1,62.02081553228796,97,0.8366278310819573,0.8672062055277439,0.1558555392256603,0
1,827,90,1,0.689053909642465,350,1,39.43286884567691,17,0.9940422882962919,0.8301916679339365,0.47808271163876775,0
1,819,18,0,0.235581751042528,817,0,45.02579152585046,87,0.9817018083853453,0.6452813886975266,0.29434623221805467,0
1,358,9,2,0.801698270598902,319,2,40.15643331050039,12,0.6964182593625601,0.9075382821283764,0.12615969793224657,0
1,339,38,2,0.26330343157974695,326,1,26.802739690496402,12,0.43769189023970556,0.7208434569335287,0.49162107592584675,0
0,536,87,1,0.7251772140241319,710,2,40.56778898210085,24,0.15894087352908642,0.4391250636470821,0.19377481916842904,0
0,685,21,1,0.21476578043195538,781,0,58.63142220171645,4,0.7642365694453547,0.5556437741481288,0.32391489212857155,0
1,599,65,0,0.8655104510053837,504,1,31.995239691187418,38,0.9801705169479196,0.6770637016515076,0.3619269573370947,0
1,694,21,0,0.33975970417902507,52,1,10.785196034958581,28,0.1611860168940653,0.4620695432264783,0.2111479101515646,0
1,506,27,2,0.6123979807815925,835,1,26.204950209769276,56,0.10555093955857614,0.742648715717743,0.2679583925924679,0
0,635,106,0,0.4091943229820955,201,1,57.273268748184734,45,0.8485985769235458,0.4723408970100409,0.11989096432081198,0
0,813,70,1,0.7781177616488548,864,3,19.226941566808154,32,0.19203306583441343,0.5203049112905491,0.23291087788332576,0
1,477,119,2,0.457080880151777,347,2,37.92011741064998,87,0.17346068240102153,0.936390196802937,0.1554000440066977,0
0,695,44,2,0.7796873548706538,827,0,39.245671019947274,9,0.9193024614008607,0.9998874328247404,0.2737289665144274,0
1,670,100,1,0.42789696546838124,884,4,48.87001496504242,57,0.17160473050469321,0.730152006428012,0.33494516971401506,0
1,617,28,1,0.8019784727486081,222,2,48.5190726159387,24,0.20261588929788354,0.771789166079059,0.3070026004301665,0
0,668,45,1,0.2244843970695234,710,2,51.0032758625801,73,0.6126163077427239,0.8784586881558581,0.38835838030444214,0
1,683,17,2,0.4266490682990788,147,2,42.769813666928535,38,0.7811327557299621,0.8176836977224535,0.020765014590692188,0
1,361,40,1,0.5989068051522232,35,1,30.832058134510486,15,0.45961503284280447,0.5094799267928298,0.03929838052883122,0
0,804,116,1,0.23604766553578038,872,3,58.52103135242076,59,0.4785302446213514,0.6470029147230666,0.10265705314727286,0
1,538,3,0,0.3488272490970229,512,0,18.544141852695105,27,0.6693633884360247,0.7210699113450403,0.492901266776552,0
1,494,76,0,0.9476295853129626,161,0,56.718857864943864,75,0.5548827653477031,0.6158271952880248,0.40013402637248946,0
1,521,103,1,0.9814674121441513,122,1,62.16139041811941,43,0.11676546349994575,0.505663701854677,0.4620605086239357,0
0,360,76,2,0.7917999579123884,792,1,80.05119681037496,57,0.20222486764497988,0.8416680064368237,0.13604517576939584,0
1,428,66,2,0.4017600404935303,551,1,33.68711821807283,31,0.6234400139728624,0.5193078430476147,0.28692824792053495,0
0,455,46,2,0.4084139563487752,592,1,36.59713228988541,62,0.8142962587280795,0.5562915572210825,0.27744239812807364,0
0,677,86,1,0.7166322862360583,890,0,45.799919487741576,92,0.7867928308869604,0.5719117690770595,0.284759475578137,0
1,736,87,1,0.29407969327896144,323,1,44.68103921981779,44,0.7660509033642805,0.49706753828558053,0.3587834704347917,0
0,506,30,2,0.9586475043442932,670,1,57.519347733717424,52,0.7941453545873206,0.9097309737971996,0.1969900156821715,0
0,687,69,1,0.3798503196081477,421,5,52.83696176085144,60,0.13999912869207076,0.7663697913188177,0.33860518009656543,0
1,779,9,1,0.9997085003403552,278,1,39.72176738789322,49,0.9055914084663297,0.9008488779952832,0.39421852206384694,0
1,639,85,1,0.5965870362419683,643,2,43.528718814055956,26,0.9003547946905072,0.6962375881054655,0.14453661799913653,0
1,639,11,2,0.8171439911943492,878,2,58.99981176977852,25,0.5787315901878526,0.7117378240724412,0.47287159952749425,0
1,503,69,0,0.2017472756044458,624,2,26.007061350545005,2,0.32373489904188885,0.7696867780806186,0.2590240073512894,0
0,460,99,2,0.9109971238013135,732,2,41.49451779710732,89,0.6329606255032901,0.6225517263584213,0.36638135188720633,0
0,839,91,0,0.41600163582446437,446,1,53.320849539763806,38,0.6020973337377579,0.6979504568986621,0.3644624500930371,0
0,691,113,1,0.7343493956384524,172,2,28.999968933378586,64,0.3006614869211893,0.7281490774406091,0.2826216595438746,0
1,833,66,1,0.8450842246348718,266,0,-8.114417195198435,34,0.6428171610358022,0.9721254617063506,0.1613418473251924,0
1,369,88,1,0.3313181924472016,316,1,66.69864680252678,52,0.8175647044905487,0.9297448790947181,0.3334697309795661,0
1,704,31,1,0.5540075850633832,306,2,44.692901970460646,90,0.8254961782707305,0.4775475084847137,0.04364243666273243,0
1,816,33,2,0.5950687525215388,416,1,26.136496052095254,45,0.15372804005192295,0.4247694800755103,0.4907176938567976,0
0,419,39,1,0.44969557227136364,411,3,58.806289549702875,67,0.277446980631218,0.8082003710549075,0.09199863064303199,1
1,516,94,0,0.5854046637831851,479,4,41.875377645454456,82,0.7014010245338759,0.42951919998692645,0.13771309300130846,0
0,355,46,1,0.4540365261242705,320,2,29.47777667138114,21,0.873848750872872,0.43621063897159484,0.47721956827990286,0
1,665,37,0,0.48859819604416743,198,1,50.545931115509134,59,0.569095374204294,0.4955580381064857,0.0932706887080102,0
0,803,115,0,0.7354649429621911,472,0,45.77329773316773,5,0.7367731015014823,0.6110242545200404,0.0850463491743434,0
1,754,92,1,0.7060746146439978,685,0,35.802167784188995,51,0.11896480959121052,0.6609976671107254,0.4022679899310799,0
0,403,60,2,0.3858125806380202,213,0,33.45580855459073,72,0.6475787306968593,0.711626820828662,0.125644085740111,0
0,376,31,1,0.9179863078363397,74,1,29.607906336129624,74,0.9657182299929415,0.9953729157833042,0.047363294006813605,0
0,529,11,1,0.8902308365371125,784,0,56.03328203220334,85,0.6949131463294641,0.6311396528272519,0.11332151390580109,0
1,557,87,1,0.6072666453519613,856,0,26.274652834324666,72,0.9300481449402878,0.5456518579118563,0.4441867928565991,0
1,563,2,0,0.5466005941566003,297,0,33.03740129281488,28,0.6094085123179663,0.7451514451508374,0.1401595927270275,0
0,630,104,2,0.5014847863872871,505,0,46.51731442049346,42,0.8590408639983349,0.5290905715642029,0.3475302582085153,0
0,481,105,1,0.7658143349331514,282,4,66.8832493097438,73,0.21174616743143276,0.9643260590751308,0.19756961473973766,0
1,849,27,2,0.7373328457675765,425,0,46.99349979788134,33,0.21116193659813487,0.5555525812273415,0.13105938355087549,0
0,326,99,0,0.35694448555038294,318,0,53.822598704179235,30,0.2081613962762151,0.9939604813919629,0.0720237035763383,0
1,575,2,0,0.7371664250402892,241,1,46.53313499611962,85,0.5399645968330382,0.6512009142285073,0.48609586427725165,0
1,598,103,2,0.401944955281632,718,1,58.596553018980764,45,0.3972372047534035,0.8876116044182509,0.26055777213387593,0
0,390,101,1,0.21484666921882045,50,0,74.06344080586356,3,0.7472672683669324,0.7889681950274621,0.057377496595081734,0
0,779,21,0,0.7593669420299016,345,5,38.43411636919728,1,0.9123597228703575,0.9600965046668414,0.09940698804002313,0
1,757,58,0,0.7158348819685998,593,1,45.21061227011761,4,0.6574373457161338,0.7752561717452109,0.20364853885850043,0
0,750,5,2,0.5286474098994731,467,2,47.60292039201744,45,0.2918895004887214,0.7487307876651104,0.2720852633075135,0
0,664,52,1,0.6205488447356049,452,3,52.94715098525458,78,0.9377891807762023,0.7917114667411075,0.09089839911984204,0
1,650,45,1,0.9577353533646078,262,2,46.986224648304514,18,0.5750716043241844,0.8718793192867269,0.13886417888870106,0
1,699,85,1,0.6761601447243502,152,0,36.84388334451113,37,0.7479509978221798,0.9393049793144848,0.3918531625582832,0
1,552,93,1,0.7263071482692252,641,1,44.893562106411146,58,0.9014552653916594,0.560088940057895,0.20874079994354205,0
1,758,20,2,0.2511290567593129,243,1,81.47508513797135,78,0.9908487388890124,0.5205322551280662,0.0007011839138611475,0
0,798,61,0,0.3327955685401002,868,2,49.70825658185961,71,0.5554575541915064,0.4206098173995878,0.026970144203228408,0
0,807,38,1,0.44076182112927054,676,0,16.338443464917905,19,0.8272564468153064,0.6220475218261601,0.21966422313653095,0
1,603,20,2,0.6315034544225144,859,1,39.076590309093575,75,0.6101803587864179,0.9077110137028304,0.03005886879241909,0
1,800,114,0,0.8212727167866569,759,2,45.200926945810075,67,0.5378085513962254,0.44191445718213196,0.08695220590588737,0
0,465,25,1,0.45699270223086963,629,2,42.891383381552316,52,0.5839412673486608,0.7231120458780111,0.3639382213320387,0
1,714,2,1,0.4851059443830192,821,0,43.9734244676276,54,0.5358477194395338,0.8168731817386388,0.2401919123607854,0
0,761,32,1,0.4049207081389991,69,0,49.29400522768412,38,0.4789253069152125,0.9021118198726351,0.24123096658129473,0
1,413,26,1,0.40368746343624473,781,2,52.62917354214633,35,0.751348621462589,0.7500581931852979,0.2991090459157052,0
0,732,70,1,0.9590910767158374,361,1,48.88254609102638,57,0.3247082343528933,0.5117920061157717,0.39425933407551583,0
1,655,41,1,0.7083657436951121,677,2,59.25936817755249,14,0.6547433192254005,0.9787217549309345,0.07929297554068548,0
0,506,67,1,0.3247209948319575,211,2,22.569755607044176,0,0.7416641599879866,0.45679090624122276,0.08652379680745276,0
0,534,97,1,0.7777988624674079,294,2,41.21014176435368,94,0.9028817500516345,0.8613997670781749,0.060701925112844,0
0,741,1,0,0.7776169146880232,800,0,51.5140090371563,8,0.3986894340438272,0.4519355343059852,0.46841463862242183,0
1,654,51,1,0.733176156842964,723,1,48.84244529479237,22,0.8745391931644579,0.48605146460866916,0.2886451118183224,0
1,814,5,2,0.3077763560725309,562,2,35.21550893258156,51,0.9507620541932774,0.9389293562169669,0.046320211477066886,0
1,507,13,1,0.5263931867756695,892,1,37.02157885705072,25,0.6838114444675469,0.8518447951610559,0.11032278045081406,0
1,424,19,1,0.28540506439553054,461,3,32.37416598005117,59,0.7942897071307118,0.61930496273919,0.3627950249564228,0
0,437,12,1,0.8532964032737091,225,2,59.64999742839929,17,0.46513626383698603,0.7832346139937224,0.014495839408772304,0
0,638,48,2,0.7241377145423356,753,3,17.218451182132167,96,0.9569218778062235,0.6743483330264166,0.36282777899348667,0
1,836,25,2,0.6057631494142548,538,0,25.776998287897225,77,0.7037753095777817,0.4399226565377882,0.45573220909636347,0
0,367,57,0,0.4744123812004773,476,1,51.27963476145459,57,0.37914112775599074,0.8326765698032175,0.028190882885693602,0
1,840,115,1,0.34739957959554674,557,1,53.14762784649072,64,0.46383521251062054,0.8579534342416921,0.09321022287927933,0
0,682,35,1,0.28515807106648633,231,0,21.233683077343386,76,0.6559799627184185,0.9294048316912098,0.0011893008067853095,0
1,318,76,1,0.9753924860295198,759,0,54.39659625680909,78,0.3107216480610656,0.724382407966768,0.05451525729522694,0
0,749,94,0,0.35971891356481844,634,2,47.7075695083363,68,0.7785229639062629,0.8038827706008735,0.30849576033612136,0
1,373,5,2,0.24789970137710854,162,1,52.734942074063326,13,0.3022223646426788,0.6628302510249208,0.022408898169567815,1
1,575,98,0,0.9693334177459971,168,3,46.08679694716407,77,0.6326102761938454,0.5913455554646958,0.2129175377431627,0
1,347,22,1,0.6391613930862616,698,1,51.3820708737014,45,0.7273058616953446,0.6470199971128656,0.25170088327507556,0
0,510,103,1,0.8373253879929143,522,4,51.90042127674884,68,0.8737731060953847,0.9470514139986926,0.45331454913627145,0
1,839,77,0,0.23501267775865486,876,1,52.07865622761214,74,0.7605103742100399,0.4985027710265132,0.2371451777569097,0
1,490,57,2,0.6535566859837237,99,1,48.660985657397056,31,0.8189425823970565,0.5490998905723273,0.07127275957241941,0
1,614,47,2,0.5185679712943961,845,3,43.71657237399212,50,0.9216386213480634,0.7637144748266393,0.1446461073154977,0
1,412,54,1,0.8175715474799068,44,0,43.80537032691322,68,0.637994405099865,0.46976879293671175,0.3360976828291239,0
1,469,3,1,0.23074051651124688,776,1,48.4524930536909,99,0.861652009595815,0.9351187069914563,0.056057905111382145,0
1,767,53,0,0.5213524548492915,241,3,57.38121177373105,14,0.30868500792265485,0.42834182311795754,0.11587138383437107,0
1,313,84,1,0.8392587355889569,831,0,74.47111502473909,52,0.8332598537127757,0.8531873759589437,0.49788856053546354,0
1,587,31,0,0.6181578117106961,89,4,52.92702457454316,70,0.29951806717583224,0.6242368282895799,0.0027672854565095606,0
1,488,69,1,0.6400309927988832,281,0,50.66111375834907,68,0.9411662968685018,0.4306993441668767,0.0760916565982857,0
0,454,88,2,0.2777317455727724,475,3,63.231447205290834,93,0.3969760037119018,0.9057567362312423,0.4218429206301302,0
0,770,104,0,0.3058644448960731,31,0,50.94689569561411,14,0.2546541983580516,0.7842761408082731,0.0506910116114872,0
1,374,118,2,0.7415996842926287,777,2,29.09535324297658,29,0.23335188411628172,0.4053152254888831,0.01682050279228181,0
1,576,33,0,0.7400372978319358,365,1,34.00003959858173,77,0.2685449952440491,0.560519709030768,0.06065615192637669,0
1,642,72,2,0.9832827154018187,48,1,72.43379512809787,23,0.5027862777068494,0.6112273646350145,0.3467985943489112,0
1,724,88,0,0.7695623904524405,590,1,34.29849898332709,87,0.5699344519720531,0.5935468893395627,0.4965552659113915,0
0,810,50,1,0.5945947967467579,107,1,53.55220986970442,34,0.9224072492715267,0.6990052174177852,0.2953177828973187,0
0,481,84,0,0.8858622588268423,501,1,30.16940826638925,68,0.442913322634926,0.7160817747261075,0.062158134529493425,0
1,757,16,2,0.283578388652749,57,0,64.26440614590442,11,0.2957340779083487,0.6380524106758949,0.09188938548061665,0
0,363,114,1,0.5594366567170037,589,4,38.097450471856135,83,0.7694390006554435,0.5990622032667141,0.26884100427680835,0
1,559,116,0,0.4296872887420558,637,1,46.24169304992431,45,0.22118896713574537,0.7026455969740333,0.35782909359280834,0
0,492,76,1,0.2837102455421005,194,0,41.57638578422143,68,0.9030550348136691,0.42016924277719603,0.3314560913870447,0
1,705,77,1,0.810801667776293,487,1,52.572999484429204,35,0.4684596716879236,0.7871210560189688,0.28736324916221806,0
1,392,109,1,0.6086336243991071,205,1,47.57317575844981,84,0.6524573352894817,0.7635895101421868,0.4931348879131347,0
1,729,106,2,0.6454149759179926,614,1,58.64946206116944,47,0.2675659083548704,0.5675318798350897,0.09901697509324342,0
1,733,39,1,0.5290041503282632,897,0,54.829003332793,66,0.23097623417185306,0.5077092682003823,0.08645199553473637,0
0,703,89,0,0.5682697852821882,58,1,49.22747252349761,92,0.81895543727937,0.4437909835767609,0.4295306052091971,0
1,733,46,0,0.29281390969840254,698,2,54.77080068280257,53,0.4867320627231039,0.7524062507836669,0.14541086468426118,0
1,411,96,1,0.7383342594295812,855,3,55.505542044715256,88,0.9880685314535892,0.7413401635511212,0.1662631885818852,0
0,674,88,1,0.5459578876841711,845,1,39.03811245323047,90,0.5718681500072065,0.719990854066332,0.2743340699971661,0
1,358,112,1,0.8534140585036667,308,0,37.89436292798083,35,0.8610876196819207,0.9913709609122906,0.1906373996431125,0
1,342,47,0,0.3570297601144609,312,1,68.2814251150808,51,0.9819673108492917,0.718926466612912,0.14382021591993482,0
1,506,44,1,0.3640440747350686,508,1,55.594247147156224,21,0.35303514535765146,0.8330744379818145,0.45858763062368446,0
1,595,9,2,0.7166076572245503,548,1,51.06599281392245,37,0.8207935409398295,0.4677509631001592,0.06463710648433535,0
1,417,104,0,0.8768027387179176,334,1,32.974814449983235,98,0.1198055469921814,0.5793824735113381,0.20214489170248728,0
0,831,114,1,0.5777582708945403,723,0,18.17628771173672,61,0.7117787062549259,0.565267968956783,0.0014835293552454831,0
1,521,87,1,0.78156309498648,138,0,40.60997081383786,64,0.7706809820060644,0.745585303514805,0.40372682998285514,0
1,465,50,1,0.9994639371944685,353,0,38.21011325103257,2,0.5296273411919521,0.5984879370142444,0.08420942304797457,0
0,455,77,1,0.9922125117831426,235,2,40.345118140070596,87,0.24589468910575182,0.78463985612203,0.38649499840794227,0
0,483,60,1,0.79546947425736,263,0,57.792846591026475,7,0.6550484932706048,0.8140538435210218,0.074301557239072,0
0,389,96,2,0.7916691917425991,487,2,67.9111381314653,38,0.9077757934920018,0.4202139023064423,0.2083694237588017,0
1,393,114,0,0.39809510975912454,216,2,61.641992729319696,17,0.938187279620442,0.7838546274636671,0.3640924692514579,0
1,312,15,1,0.866831705235019,511,3,35.91424625027108,2,0.7714921513776425,0.4700724173673048,0.13540440158740785,1
0,737,36,0,0.5240817016376964,436,1,53.07260919791264,17,0.3373419325830418,0.6790811811133404,0.1569585628046961,0
1,837,113,1,0.9695951278934583,870,4,37.69019195836812,79,0.883294233453928,0.835945942461358,0.3336612473883466,0
0,449,63,1,0.26514215096554844,538,0,17.383324013699013,95,0.8999407600315255,0.8220069975670876,0.09385049181613159,0
1,307,69,1,0.5486722950981808,898,1,43.853106737407856,0,0.4305179851706985,0.5798935269984766,0.47589219131757565,0
1,328,86,0,0.6446723901467989,549,1,63.910880235829595,25,0.2646835628893126,0.5634195102764907,0.09439384209536633,0
1,595,80,1,0.524124965668932,82,2,39.97957547237601,51,0.8871934907200314,0.6641359047133732,0.3749977301954435,0
1,639,41,1,0.36846335240395467,427,0,57.49836792217447,11,0.8965875837275329,0.5132002498106724,0.40129943463683065,0
0,738,74,1,0.6743907910260079,228,3,35.015916331363165,37,0.19081547609609267,0.9848194076250879,0.1871852198037186,0
0,443,24,1,0.8047343317001101,420,0,55.32747698368683,84,0.9702858630002394,0.6069502427883867,0.07811957033552452,0
0,818,82,1,0.7158708768161572,678,1,41.34600738370407,40,0.579772497770918,0.9537959644073063,0.08295175794012394,0
1,344,49,2,0.3875590790464316,800,2,67.85052829694692,52,0.9943571754486427,0.9449589777759771,0.4927251820045119,0
1,538,18,1,0.7852863554948193,875,1,40.300161119938025,12,0.5005074251950133,0.6189093925373886,0.3627049682712243,0
1,454,7,1,0.40551824483565063,527,2,36.86420604476558,75,0.5799550054235932,0.5524507793637434,0.2250237183457312,0
1,480,4,2,0.34016189033923205,201,1,67.07231497760321,12,0.3394745487741211,0.8625013807157579,0.12867489458260845,0
1,514,90,0,0.7525344123509778,115,1,36.34742634495737,17,0.9090527009638325,0.5376267085381923,0.009455061372349138,0
1,387,69,0,0.8742297968911432,587,2,48.1924891068802,18,0.4993409053653196,0.7127478339774858,0.3352319283968005,0
1,555,60,1,0.5852315581572596,887,0,36.455507946862696,18,0.8331526482646454,0.466413624651934,0.4784581733403509,0
1,810,55,1,0.6251134345107503,215,1,58.86145070163428,69,0.17176084758557442,0.6315592927296577,0.05342160386678618,0
0,372,16,2,0.442198056376986,185,2,64.45319507041494,47,0.8094219656453314,0.44689295419307007,0.3772456235917512,0
1,478,99,2,0.5956944120880259,522,0,34.882078831271784,70,0.5412188280263275,0.5700637556116345,0.07661844362996245,0
0,511,90,1,0.3055863984099258,550,0,53.19508283333671,70,0.10486709175979538,0.7991762429143278,0.3960525913298053,0
1,533,82,1,0.964664663746392,656,1,54.5873543555886,27,0.3036366450989154,0.9947842939301083,0.18528642254942196,0
1,764,29,1,0.840288522925277,695,1,46.89300758365945,91,0.2743571902988053,0.552884557903947,0.3560307888289391,0
0,522,23,1,0.7343784486577478,159,6,67.88386729183526,18,0.7765881231784958,0.6839927743296035,0.4631412021699254,0
1,563,117,1,0.6305554973475225,872,0,67.770394373557,79,0.5294819708138968,0.6688276688014918,0.3100695974610638,0
1,506,14,1,0.8337353089823716,110,0,32.21032635546523,80,0.24374655701838768,0.5104921805245369,0.46034951214287034,0
0,665,79,1,0.5958057916686434,413,2,63.129871625646516,85,0.3311226793407273,0.7660414217185046,0.11751218797543883,0
0,575,49,0,0.43997912652362603,831,3,52.59923489884651,82,0.5536691247752964,0.8348229680931831,0.4890669047160944,0
1,679,33,1,0.32829938813333764,688,2,48.66011444474279,47,0.11767437758770649,0.488331690061871,0.4364240359869791,0
1,608,25,0,0.7180684710414458,324,1,41.51712007652504,28,0.4817130292894364,0.8542747435484808,0.05378666707047669,0
1,567,21,2,0.9435405960212113,298,0,22.765622650138944,47,0.7102552632883661,0.8200969814772947,0.20676987220025805,0
1,363,17,0,0.32289484280348096,674,3,49.24532429172581,18,0.5659791267572909,0.518405728496574,0.46351476202330566,1
1,649,23,2,0.3440144360406454,591,1,49.618013812158644,98,0.6382895869679489,0.789368575070742,0.03905768241248647,0
1,793,57,1,0.5468848267276281,564,0,74.92100929062335,46,0.39395630531048487,0.6362030076181135,0.22688138123195611,0
1,822,107,1,0.8455194783357511,407,1,34.8882153148007,88,0.2647681516177802,0.8086826514966579,0.36179688099057006,0
1,397,81,1,0.4351381831772037,405,0,20.890931942914165,59,0.828767161319663,0.6976581113415126,0.0167236549661956,0
0,370,58,1,0.4031303397360225,117,1,27.31240171895537,47,0.9150713842927244,0.42888260514043064,0.3764154519868187,0
0,663,14,1,0.6959730331702672,653,3,68.86834799652362,19,0.5596665133374042,0.8721801928826758,0.18060128889124805,0
0,575,93,1,0.6284918254994656,140,1,38.283155724547505,18,0.37453709132325175,0.7333599548314502,0.12468590828273629,0
1,349,20,1,0.24817629155618903,613,2,65.45737760400564,41,0.560084346566187,0.8348767737152396,0.287986125485082,0
1,657,30,1,0.26519198184742127,183,2,45.09384811456106,76,0.891086968573656,0.47564306492815517,0.2721656083195271,0
1,784,19,1,0.7144103841478129,492,1,30.379705219236342,75,0.7222657126376056,0.8327634835618605,0.43696964309995695,0
0,383,53,0,0.5720988793182237,598,0,75.0197693529924,48,0.8727544776611057,0.6481997131098891,0.3380014678697671,0
0,595,103,1,0.9767817532713177,798,1,64.76665046588887,14,0.3955414807702453,0.8795602264154341,0.21093217095976408,0
0,535,56,2,0.7428251285840519,185,2,42.30724820652693,59,0.7407812155037463,0.7594995251937922,0.32506920598604533,0
0,355,77,0,0.20805892959458516,654,1,59.95196649191382,67,0.6877440743604549,0.6129412751618801,0.37507401758508235,0
1,659,82,1,0.5848150238403695,347,0,46.84593549789427,78,0.6144548145853755,0.5211501713483677,0.46866429005755167,0
0,409,23,1,0.5315583480283836,588,0,51.56381421879491,80,0.5754023787074579,0.8895545011835455,0.3521307951471083,0
0,491,62,1,0.285371087995015,267,1,71.43482478242714,26,0.5958800948256373,0.7361155981459155,0.2719361777799672,0
1,392,110,0,0.9385670686977521,363,1,22.205487202235624,74,0.8647039807540291,0.9924808435781588,0.1864900414698012,0
0,359,33,1,0.844009039265379,135,2,39.62041663817806,54,0.9243950509037305,0.6240932022072591,0.44574181614132175,0
1,338,103,0,0.3840687267360015,511,1,45.438165235661096,86,0.2015744179467144,0.8114315329514781,0.3962598173214564,0
1,839,104,0,0.4047846070743978,728,0,50.017398125180144,14,0.6118944198313009,0.7736925230658884,0.03859063361036863,0
0,348,18,1,0.22561444265556077,700,1,26.269704147642564,51,0.9265675802259111,0.7825490255724692,0.34977060245104574,0
1,719,73,1,0.4373739612632328,739,0,58.75394180807758,30,0.22126598664318473,0.8421879787213942,0.26937478968094863,0
1,312,33,2,0.6676976071306828,411,0,27.690507136651963,89,0.4715734359672157,0.48346496798977245,0.051821963328129494,0
1,335,32,0,0.5366747107093346,718,1,26.252941390872866,6,0.18017215421581356,0.7297864263989626,0.2824804420264901,0
0,400,61,1,0.9754043709757447,290,0,41.23822400945317,12,0.20212876180876366,0.7054778022366539,0.09625296657316873,0
1,385,54,0,0.2448641354109367,828,1,73.43253629088751,53,0.91369973130358,0.6055178734543244,0.35407244228628654,0
1,815,17,1,0.6731441271192085,322,2,83.1246158976023,12,0.5015616263474441,0.6616901599115417,0.13923065310894583,0
0,522,19,2,0.8866475524056385,364,3,52.32783269142401,19,0.7198656886041387,0.7112872459907303,0.07517196683331356,0
1,637,91,2,0.5845927299277781,684,3,41.42702939598584,97,0.22502298091918,0.5925533889792166,0.04098645947666002,0
1,465,70,0,0.20237017644831745,849,0,47.344690467239005,9,0.11975273415348021,0.5758952992111287,0.24539973137688426,0
1,682,99,1,0.3942411998610202,738,2,50.02364904689911,51,0.9014355616139775,0.8429635447999073,0.09981738704700821,0
0,675,101,1,0.45901518053437296,505,3,66.99598086901514,36,0.6170910755941197,0.4401508856318457,0.4275639183438006,0
1,770,34,0,0.97279559564597,254,2,26.7277738189609,51,0.11798898001390618,0.5877778471022692,0.0015005524666494852,0
0,330,84,0,0.9294186254709595,584,1,62.916972079915,26,0.9931055328351883,0.792226687680277,0.42181939480213193,0
0,674,25,2,0.9593364040861043,483,1,23.59893653933392,33,0.5429731447123822,0.5252637809986256,0.26054620291950376,0
0,310,68,2,0.8606067660935748,692,0,37.78656436779565,99,0.5282888573487483,0.7433635811713494,0.4610727721790103,0
0,601,74,2,0.4813181872911235,325,2,44.96143704471936,61,0.6588227658903592,0.5812984849891295,0.10230562865005921,0
0,395,74,1,0.9247011376769605,604,0,51.167185462944026,15,0.1071140807759159,0.9059807640101263,0.05113689938210836,0
0,489,88,1,0.985347604749639,671,1,44.945932228298254,58,0.612224536335796,0.609993599277481,0.3124791046138728,0
1,752,85,1,0.48005704981996233,796,1,47.625975701900835,20,0.6665355135906911,0.5377099370385463,0.3533637098703064,0
0,491,11,0,0.40844477278915914,492,2,45.60659759266498,15,0.36725821129276537,0.7180622662536349,0.18629252980184036,0
0,785,91,0,0.637533034225777,884,0,22.188787127866657,80,0.7541671687914686,0.48139630780333564,0.0068400867969349854,0
1,565,16,1,0.349721754079144,243,3,53.62702655476693,78,0.439688634596171,0.8784903804430351,0.2034812292031482,0
1,723,90,1,0.2260993771251042,614,1,57.16958258546639,12,0.7459958210123262,0.8080169507635961,0.11689346215574609,0
1,427,61,2,0.9566649368926958,645,0,65.13979867517219,32,0.22944266060726287,0.8623053428169495,0.1737348206892912,0
0,537,94,2,0.9405925059531355,187,0,72.70600826832623,53,0.9223280344369161,0.6393269198782747,0.25337722929838785,0
0,654,113,2,0.33012308300969684,301,1,51.162507116714735,68,0.8915116362906341,0.901002048312965,0.3511709146463179,0
0,411,80,2,0.5261921975437756,856,4,66.17267682809643,26,0.23556382847899354,0.696128878442292,0.4816126431641888,0
0,745,7,0,0.8648290506181484,267,1,45.27149946485842,51,0.9446085433769689,0.45681942095214234,0.07199992219403184,0
0,642,16,1,0.7288002390566823,332,0,23.243726381518456,64,0.6020022454905465,0.5344175493951094,0.33994971326232437,0
0,444,99,1,0.5158300073365711,699,1,59.416289523629594,43,0.7314847105284715,0.8266316809169316,0.11660572590678969,0
0,364,16,0,0.7953367977462553,650,3,56.092852260823584,29,0.8562644131388757,0.9378533792851016,0.11035235187816189,0
0,546,40,2,0.9176379105681527,550,1,45.00940247754628,22,0.1752129523720033,0.4571113554511652,0.3167770398732854,0
1,789,12,2,0.9409266644206944,350,1,44.065772641415265,78,0.2523559217195499,0.9185288746583271,0.3879997606818357,0
0,738,35,0,0.5030796895377512,88,1,52.16999081170407,99,0.36135182933736565,0.8794418975070986,0.48889352120466456,0
0,405,113,0,0.33884854405825515,387,0,39.93650117045702,82,0.5294840332483123,0.6139366359910513,0.38441540512385125,0
1,480,21,1,0.9302710865551802,733,1,51.633860095418136,93,0.4114490556688666,0.8135660826379938,0.07865748411498752,0
1,483,50,1,0.27404435668882265,677,1,31.167075553285844,15,0.5552617392478477,0.5121708062809199,0.11270132816347955,0
0,525,43,2,0.777350712982531,280,1,32.852610644792065,54,0.26732532460936265,0.8880359799603674,0.3806948474607057,0
1,388,100,0,0.31239785188864133,465,0,25.191160507352674,17,0.7139387259398482,0.7944034131094064,0.263493951901172,0
1,829,112,0,0.5115094837341538,175,2,78.6608776790512,89,0.15016139306535806,0.663297627680239,0.14770400669946926,0
0,670,17,0,0.5292445972360219,888,0,46.09623196391174,16,0.4253045555871654,0.9187103893280218,0.23589162316320583,0
1,698,32,0,0.3270063320896667,381,1,63.12385098979836,74,0.2611299202040103,0.48354070078054096,0.4574440107906123,0
1,405,41,0,0.9381451472052895,599,1,28.548257558782844,51,0.7569399446836124,0.9074713794617817,0.37779968383632506,0
0,570,6,2,0.202134534407429,718,1,42.274702826617954,44,0.8952880049469202,0.4143318439133607,0.22534887156276406,0
0,802,88,1,0.9150468345733045,829,1,53.27247794993638,55,0.1709075882831274,0.8519202425960777,0.49027696232285345,0
1,824,27,1,0.9070634587803885,274,4,67.06893187808723,92,0.80653407027976,0.7440184460472208,0.3974373132589425,0
1,331,20,0,0.4535709229584013,589,0,35.96259196630445,53,0.906150064349892,0.8180339639323655,0.0029354555259410997,0
0,692,25,0,0.7634274159034204,330,0,38.962095020899454,8,0.9765731949526496,0.6474067154386394,0.056183626676805765,0
0,339,66,2,0.40224712903865245,467,1,33.12070859980302,16,0.6214476258505801,0.9186646755352978,0.27698439440353095,0
0,517,9,1,0.8070188498031508,897,0,43.19080245544671,26,0.3946526974066661,0.587889414483888,0.17497708685778707,0
1,381,92,1,0.6488957934301947,129,1,29.702272687747147,36,0.3897762398805972,0.5649731711191165,0.4062793819180819,0
1,500,53,1,0.4401803633981267,754,0,23.448866426125335,21,0.4410730713650074,0.5810503874487054,0.4478435038278059,0
0,746,61,1,0.5201878029101237,843,0,48.880186282248545,71,0.6514006665948642,0.8646183057055504,0.12032541333762342,0
1,727,38,1,0.7519109857907229,509,1,55.058949391666054,66,0.5412070109252125,0.6971750388104274,0.38164290942236856,0
1,337,3,1,0.9248779597150265,444,2,27.914356671328672,37,0.6882715237661515,0.722251195512488,0.2676986777182641,0
0,510,84,2,0.3045812132538197,194,0,34.88261655812451,98,0.13538248617661855,0.8989932510453131,0.1959835202578002,0
0,743,70,0,0.6570911757353257,667,1,43.500788971883686,95,0.19529339534300233,0.900019331389967,0.3933900259438811,0
1,626,103,1,0.402983359565694,331,1,70.6012853208622,71,0.978885549484085,0.49704286274106657,0.28246189251898846,0
1,526,97,0,0.8410977999003675,150,0,2.511427638253757,43,0.9958469519676147,0.7298606037329902,0.31764202498960187,0
1,347,55,1,0.25618984469558487,117,2,51.67456939679074,90,0.7719929354254509,0.475610923860282,0.031127028032906456,1
1,317,1,2,0.7511646321369359,246,2,55.188797785503155,95,0.3307574351629269,0.9211170827168547,0.29293983936304724,0
0,738,101,1,0.3399568109528238,602,3,34.3179448243306,35,0.9580435609604949,0.9022034212585227,0.15035563582479683,0
0,486,70,1,0.6771083347225835,843,0,39.761557868769486,97,0.29233251441253316,0.9096093149326794,0.24664711269744016,0
1,644,45,2,0.8685540697541536,208,3,49.99485119667175,24,0.7582881901848452,0.8229151002279801,0.11100552535441899,0
0,523,98,1,0.8040645296973437,731,1,44.55548494374634,94,0.20373248052283494,0.6801263836254738,0.307237826888888,0
0,787,47,0,0.8023543101469099,192,1,70.48591128595451,41,0.6840140487038507,0.6428327358067292,0.07373441877210773,0
0,528,79,0,0.6142762497495242,622,3,46.539676544606586,12,0.7835635030205224,0.637134738348166,0.06145195845825541,0
0,689,109,1,0.9125964734797771,199,0,57.91835122649766,55,0.8736761301292744,0.43972767316525657,0.09420569835056236,0
0,487,26,1,0.6704841585935983,330,1,51.75386536784613,78,0.7608755257192095,0.9693221718787066,0.4087322710440793,0
0,569,14,1,0.9340143748396565,403,1,55.411782807766635,50,0.9311368198199067,0.670165394034081,0.01676696949487927,0
0,609,54,1,0.6372179662659341,737,2,33.33916847342762,49,0.5688309321106525,0.9580689395670275,0.36478861578433214,0
0,431,71,2,0.6047724504160024,232,2,48.01783589100664,76,0.7096857462039949,0.927554523497036,0.028253793429245277,0
1,371,46,0,0.3778824153682516,76,3,44.01654110955382,51,0.4325950765795168,0.8971662326752087,0.2959286193265338,0
1,486,31,1,0.6358293232241641,492,1,34.25662485865476,32,0.10935050436038127,0.7529853308984962,0.38677923601412595,0
1,785,88,0,0.3124678649991176,699,0,58.875262021837,94,0.7810236599206063,0.46093353157038436,0.11553646464766776,0
1,490,59,2,0.8957521610076364,437,1,14.768978897067097,24,0.8828745830840851,0.5943468697309218,0.09797347378609766,0
1,721,95,0,0.7407135109666347,223,3,65.20431328857073,57,0.2565320293087543,0.7621517255716435,0.1445890635261664,0
0,419,29,1,0.9949083587943537,456,2,11.718671180379594,39,0.125776676498762,0.4080734850488027,0.34980663751304053,0
1,519,106,0,0.2736779422324185,820,0,42.694100089540306,86,0.24805166095131728,0.4255785482010986,0.12741329330278828,0
1,352,96,1,0.3925381998762295,346,2,59.117427986201264,37,0.9057603639153602,0.8065980293203467,0.25088499758897737,0
1,750,17,2,0.9017268834129115,508,3,27.174271917659212,2,0.3659593504341968,0.9329217109011078,0.06723305009575692,0
0,711,14,1,0.5162032798151341,450,1,51.35609515262015,15,0.31033370336830457,0.9130978775939221,0.23059780197613328,0
0,536,104,1,0.5730423919855181,298,1,49.73433496242574,1,0.11313084235889473,0.5008871658864472,0.31236423715706496,0
0,705,36,1,0.8885215099100936,510,2,49.899479433851894,22,0.3673496324890596,0.9467400715554046,0.03590946332601175,0
0,721,58,1,0.6174585799599619,740,3,39.76947546839813,97,0.7440751693200126,0.8177813203907625,0.40771164652387554,0
1,546,112,2,0.3547806795314945,765,2,38.02051254773497,29,0.9631803595385977,0.8297955725954103,0.46871795939840694,0
1,371,24,0,0.9136240923278247,292,2,21.448120775315324,9,0.38146710919386995,0.582424720442449,0.09677387953748545,0
0,484,109,1,0.22484932513842681,455,1,43.440250519693535,64,0.3166167881896239,0.829598065410291,0.379716372837922,0
1,305,63,0,0.9163170141147547,195,0,58.762662406231975,21,0.8992621184163708,0.8258633665503354,0.15673333118929733,0
1,505,118,0,0.24041618133786777,721,0,38.15848488282931,51,0.8672543657490057,0.756799315367872,0.33836231036495457,0
0,843,91,1,0.7326794916801025,457,1,38.90663505939766,55,0.3953443781293178,0.6143730419554261,0.15333870263136723,0
0,686,25,1,0.25734350374026776,733,2,68.84492348765086,32,0.1619246383813486,0.8866086626109765,0.4311715664498607,0
0,375,59,1,0.7649703887720525,426,1,42.547515619066694,88,0.9927904964200683,0.9625107627881614,0.17355404268118974,0
0,476,32,1,0.2271770570663607,245,0,50.28239644854354,85,0.7126338587156064,0.9219330550161978,0.4244153490420376,0
0,648,116,0,0.87396618216863,825,3,53.03578122512175,79,0.9339224473757208,0.5457875165278349,0.3830712859679609,0
0,554,82,0,0.5727551607439878,893,3,42.537726227876725,29,0.40768702688751535,0.6674042974297936,0.09816195625196922,0
0,607,110,1,0.27476313013510234,136,3,55.218843474312656,81,0.6829168771746947,0.605448611376473,0.07847654047892177,0
0,644,18,2,0.7654555560081151,127,1,59.841015955045656,23,0.7070475071859516,0.824487730125768,0.38982794236804863,0
1,426,37,0,0.59143212600301,511,1,58.55357088053402,4,0.8856149207850271,0.8988942026026038,0.19515162705091404,0
0,586,26,1,0.3527590871003543,528,0,60.230722835761,52,0.9937522334044037,0.5294776794636813,0.4746965846307665,0
1,786,9,1,0.21253789911098064,259,1,13.759256089656997,54,0.197799560671588,0.9683653212115351,0.4714741323476057,0
0,682,99,1,0.5343986077804297,286,0,27.421186009247023,22,0.6680051608873883,0.8063974799797411,0.34674031530551086,0
1,705,64,2,0.26850338458282846,72,1,37.28282853873506,90,0.4027959535263276,0.5310687229461224,0.25029016983622615,0
0,687,72,2,0.2753357585977898,271,3,33.06067829696315,75,0.8304925843541098,0.622656766784456,0.09748365391955971,0
0,824,20,1,0.41386363869014153,583,2,34.198469763316695,9,0.7787331862717981,0.4627641148339294,0.44119636818843555,0
1,575,54,0,0.7043666377939395,124,2,58.34345512585735,97,0.9032666718015224,0.7582413910177652,0.04099897717006212,0
1,799,106,2,0.6239284868487593,795,0,46.60371319154908,32,0.4093325895524348,0.5015149136755744,0.18517563839664725,0
1,636,86,1,0.2551898466069445,217,0,42.94722107205209,79,0.2660773097419885,0.8158539628978249,0.15960975522784632,0
0,780,83,0,0.9747450207139758,414,1,41.61656282428554,92,0.1196215094360477,0.842348045934793,0.47921441461915465,0
0,572,30,1,0.9097349506356729,848,0,38.99793543220497,61,0.3299560153463901,0.687600890994059,0.059057963246133105,0
1,357,53,2,0.4073803897161266,429,1,41.37099556049256,81,0.43045438577970785,0.4562900626865112,0.4450749983130697,0
1,627,92,2,0.29787086076971303,535,1,65.8138452029105,26,0.9514602873531928,0.7665239139829307,0.22821731603345746,0
1,408,99,0,0.9539222918055923,196,1,18.536661620479464,6,0.5422353704625275,0.6233231512742886,0.0237494543089507,0
1,578,107,1,0.56891342230456,812,1,64.11672078832814,99,0.6007955536979106,0.9697884827284278,0.36443317623895627,0
0,627,63,2,0.44893357181714866,154,2,79.40515614573174,26,0.8921158858433033,0.7079234240212249,0.05043963113945232,0
1,614,11,0,0.5922864281321499,702,3,64.00264596450667,73,0.8965625623877267,0.4433596413185044,0.11850203914496543,0
0,773,31,1,0.8181953156371298,116,1,30.151000851357885,9,0.5751242439068819,0.7816294499183076,0.3998644174793067,0
0,410,49,1,0.3347082386424436,850,0,37.70203093661188,74,0.2023331488599986,0.8676122215158991,0.07736600448765113,0
0,528,112,1,0.8139966668074459,518,3,60.499485000816314,56,0.3434645482131067,0.4963016856433615,0.16273502161992098,0
1,796,103,0,0.7995574303470925,255,1,41.270164746520884,29,0.51119938000551,0.6694344186066319,0.18049914491907848,0
0,455,100,1,0.6314785638727038,686,0,37.409845661946456,2,0.7760525456600978,0.8459181719426929,0.294401284407712,0
0,772,94,2,0.8926738309996654,374,0,43.48529480760993,28,0.7405135734962011,0.4122961692333285,0.39496664838953816,0
1,571,87,1,0.30571470253588845,789,1,28.172237624992846,13,0.6784374117697888,0.41738187765842627,0.11540563048867936,0
0,301,19,1,0.6763832053325385,547,2,43.046128388448764,76,0.89222100382211,0.8061472401297167,0.10289145969135227,0
1,810,12,1,0.5594744420014572,60,0,26.906764752389737,82,0.8223817674764129,0.835075898995058,0.11095129681201749,0
0,585,15,0,0.5378336902686653,738,3,55.83710866363734,24,0.9839028167268673,0.907521662391833,0.19080593710906768,0
1,312,31,1,0.4020488570156204,773,1,32.335031323790005,9,0.90024266883984,0.6397598894755765,0.2675515812884442,0
1,797,43,1,0.49782372544792647,325,3,45.7725407995998,78,0.2760907850590857,0.6338659990273033,0.006722477230774848,0
0,537,101,2,0.2865206048189326,443,1,38.33337990996604,91,0.15185490896835607,0.7314207836377946,0.3901487926912515,0
0,393,37,0,0.4012791758118602,866,0,50.73076016329996,48,0.473059849639891,0.8543961730209587,0.46335809231588476,0
0,637,79,1,0.4175720862224661,164,2,57.33501104358736,37,0.6557540058111512,0.7845953181629315,0.4217597788541091,0
0,470,29,1,0.7765342939681117,554,0,49.29747913934004,70,0.6787931497255353,0.5963939823063116,0.018592255866630103,0
1,766,114,2,0.23884034176709054,33,1,34.49527650358852,13,0.34076148536652284,0.6079283538615068,0.2622523448602895,0
0,442,107,0,0.7209538465206886,207,0,36.55256667736614,29,0.8738928680038033,0.8578029613402636,0.4070135556512857,0
1,500,26,0,0.3771279278345519,775,0,80.39850319966266,39,0.39632181728088434,0.720787997056962,0.17205723428929814,0
0,479,108,0,0.26548920473303517,288,2,59.22771120530183,11,0.9272031457448291,0.45878570534788565,0.4485186889582753,0
1,663,2,2,0.44064492886834733,681,1,42.032130722085476,91,0.5244412611728994,0.4917969724913739,0.4434398392355652,0
1,778,84,0,0.37957829554288225,94,1,36.38758794302811,13,0.10935159943765244,0.9107142255629895,0.07085226039187692,0
1,770,15,0,0.6416259006718801,824,3,23.415857048250896,0,0.24583718007527158,0.9992820590190952,0.246815385064852,0
1,683,116,0,0.48590112275836994,392,1,61.923501392368166,67,0.19208733098949787,0.601409743444753,0.012833741370649632,0
0,716,4,1,0.9727949939266609,847,1,34.336450683533336,48,0.13962321622027687,0.6320209969340953,0.14092980388926346,0
0,607,86,0,0.9708396795126806,746,0,60.806029764734,17,0.7426155797296083,0.49269281487375177,0.4059364190098708,0
1,666,50,1,0.5549722152961916,46,2,57.41197201874269,35,0.273084285754362,0.541427850436253,0.48757030283990915,0
1,300,38,0,0.8360699685282078,229,3,65.29203224520766,63,0.8547578149658376,0.6547779074655328,0.45666162820384987,0
1,343,23,1,0.21061483268870004,573,1,56.382585845397436,95,0.338021945932987,0.5706337866464575,0.02129018490059953,1
0,397,59,1,0.6382492677798421,241,4,41.85236834986422,27,0.12909439584175733,0.820854912754309,0.4633652625592001,0
1,564,90,1,0.7946393378455834,464,0,45.23861429735837,91,0.8386078095777062,0.7227096649025009,0.41132408842227025,0
1,439,115,2,0.37355458032586875,302,0,45.36803380126142,31,0.5195312654778884,0.8933782769759462,0.4338512583753674,0
0,780,75,2,0.248937404132755,319,1,40.96881014244397,71,0.6395548962420945,0.8347149506314117,0.4574133876428435,0
0,536,28,1,0.32473514872516474,832,1,20.65173457575302,24,0.40260455977740683,0.4768603671762883,0.2440899587736422,0
1,371,66,1,0.5534784697390857,512,3,12.674896246504446,46,0.14143635654007763,0.4740333793460313,0.10560914688021766,1
1,489,8,1,0.6050971366050095,263,0,56.3824390241374,19,0.43315938024771217,0.9373891831044742,0.010512043436458451,0
1,567,29,2,0.5047080976870149,437,2,42.286169585101945,32,0.566457733264215,0.8917067436686215,0.011774135356825033,0
0,620,11,1,0.551979013633904,723,0,59.400587713431385,29,0.1105179431829567,0.6807503938976254,0.32125571141203657,0
1,406,101,1,0.5761879676874251,175,0,39.3069165386711,36,0.6168610289834369,0.47821848086438357,0.16864004465193977,0
0,531,18,1,0.8155493292808771,591,3,44.98275652793001,79,0.9037379391032556,0.9391457744114832,0.24794832616484286,0
0,341,55,2,0.28419351846212193,459,2,58.94293359524201,52,0.29605647017802367,0.538420334425558,0.0656675885380339,0
0,438,50,0,0.8151603737275168,461,4,68.33007359212617,88,0.9340922450335589,0.42132086477779285,0.4877566830923823,0
1,572,14,0,0.7509018418359985,644,2,40.257311211365746,73,0.1878476669412274,0.9545437149924413,0.06497149979486538,0
1,780,118,1,0.7933286475810546,574,1,29.998788861195003,68,0.8428927152005394,0.8853613724338067,0.22240317180575425,0
1,715,74,0,0.7875747087002583,526,2,63.195122144132505,7,0.8562919224719415,0.816089015391069,0.2216767665527632,0
0,805,99,1,0.576473452641427,118,2,40.69371200516823,96,0.331983876608325,0.42041821441122107,0.004319278156302786,0
1,723,9,0,0.36912014764872003,440,2,37.721413124427876,0,0.9620590671176206,0.7170587070356256,0.3338989869634749,0
0,706,99,1,0.6293031234414432,882,1,39.00309968268641,94,0.4749388531405999,0.7921816930502628,0.2691052863370979,0
1,689,11,2,0.9663856428872797,856,1,34.22049104920784,6,0.22713047871903444,0.8556083444692189,0.2487480943652559,0
0,641,63,1,0.6708205451146909,270,2,56.60618125723083,61,0.63254300574445,0.6826443308791141,0.4090424191798205,0
0,792,108,1,0.2088377161702221,807,1,24.926559442833433,86,0.9969532336407396,0.9720095800489341,0.12056859337417036,0
1,491,76,0,0.24776872390111251,252,4,46.53076735969277,57,0.9093623940633649,0.5468686365839047,0.43054840489237584,1
0,798,67,0,0.9942907468828419,777,2,48.745632096111336,87,0.35074254350359224,0.4418409504170934,0.43238933150827485,0
1,532,53,2,0.2575570873915523,694,2,36.02182024745946,77,0.6192879394405381,0.5996597470051899,0.4134311579583006,0
1,526,39,1,0.23683612803591886,497,1,68.80698677181576,86,0.20383089370913496,0.7970829221840277,0.17069888751966267,0
0,670,78,1,0.48241941548692435,598,1,58.4750136991599,72,0.5156603239033805,0.8422943225657633,0.08127871992282615,0
1,438,56,2,0.9754537626154693,351,1,38.18206541413888,7,0.5707630609220633,0.8430981382688854,0.23758855468994228,0
0,448,28,2,0.4549401229862926,404,1,43.40780407765006,63,0.38375046849801564,0.46640429657364035,0.1299205291631838,0
1,414,75,2,0.5279073047002165,141,3,58.414357920697256,7,0.5357683746433051,0.9310536727769619,0.02609077262986914,0
1,749,39,1,0.7072616489668524,556,0,46.2004063252132,2,0.9279446123630563,0.5685002217537318,0.13973500601971517,0
1,362,25,0,0.21928947146111827,441,2,66.02367208499169,57,0.5501238734617576,0.5259466645979359,0.23456415583864376,0
0,403,21,1,0.9182108620153504,298,0,53.49314548723801,31,0.8478912795108376,0.7686744861625604,0.056367771736982764,0
1,572,10,1,0.6155544140435457,655,0,48.79324915695125,67,0.3856513862470905,0.5271094446603001,0.47216686693858634,0
1,305,43,0,0.5734487248032464,281,0,48.66414943455791,48,0.9742638001352335,0.7048230957130144,0.3280505905955966,0
0,446,15,1,0.8885813297653045,403,0,92.2334496757031,37,0.18411691010066694,0.6442178179272243,0.0681703655916917,0
0,483,83,0,0.9624612714864169,683,3,29.723054551126136,1,0.6270279821577903,0.5392205575771105,0.40603210039482496,0
1,327,48,1,0.5387401853174678,655,3,28.58345926397394,8,0.8108990156501223,0.5752357795010068,0.4640441479070625,0
1,849,86,1,0.3379528634345846,479,2,41.378354093754815,45,0.8326368876792211,0.6564443388165178,0.13139203558177914,0
1,418,21,1,0.8525674160016583,831,3,66.07032496990949,64,0.2784529997083377,0.6076962077891189,0.071626378722014,0
1,592,60,1,0.5226083369779897,898,1,8.041699579735337,48,0.46148129981648756,0.6289454706229538,0.16123775152128084,0
1,670,116,2,0.9484364316094129,566,1,16.441656988121995,74,0.6617765552176927,0.8412607729421431,0.416124399814263,0
0,543,108,1,0.9599191870647863,397,2,39.00408026377613,28,0.384294438795175,0.5010279476154007,0.08754694642479877,0
0,517,96,1,0.29186322537709564,851,1,76.80239561810512,89,0.692466413692132,0.7765711523994547,0.3896732934060171,0
0,476,50,2,0.965243173866281,284,0,45.38161023112547,90,0.44090260418143234,0.8068946653887009,0.3581316308966058,0
1,598,23,1,0.4946162603560968,492,1,27.563715541064195,28,0.41577969032670015,0.8812522277060469,0.32568335377800645,0
0,357,13,2,0.7170020141257525,297,1,57.33072660558113,32,0.19726135434136866,0.9083963051857954,0.21665874967431192,0
1,568,69,0,0.22780006538723685,155,0,69.92894655520914,27,0.13532759096774116,0.4951993260802689,0.1833851414504749,0
1,607,4,1,0.9111074192670661,422,2,35.41965239034296,94,0.8517464110109637,0.48295645667080134,0.04262898771099444,0
1,587,92,0,0.7132778634758921,791,3,51.816083389821266,82,0.5405900429404668,0.7688626078879655,0.17867789263078604,0
0,404,78,0,0.7148435735651353,828,2,47.35136077769447,25,0.606585819888106,0.8541499303497787,0.30092090309458314,0
1,527,72,2,0.921740927981987,363,5,53.583980593524785,28,0.4349989202756325,0.5633958581438095,0.44910460807308555,0
0,546,9,0,0.6066777399258745,594,3,38.11563999308579,10,0.22306784092639342,0.7155083233438677,0.4165622690799164,0
1,793,115,1,0.5284133122900405,397,2,54.42946502668235,95,0.5046147979220859,0.8633436583670626,0.016107865120025322,0
0,382,35,1,0.8929030018338531,584,5,57.57702078137358,84,0.30606137022805185,0.8605018649442726,0.06943144757974856,0
0,485,101,1,0.7939364094971186,707,1,55.71449076151154,33,0.8539147420994895,0.7922920996682473,0.42424398905239663,0
1,551,21,1,0.9591805319719209,583,1,20.66489038757264,85,0.9881096842670408,0.447272617560019,0.4696591825246114,0
0,654,58,1,0.9520975146484261,485,0,23.49204521077291,47,0.9001865219282251,0.43038631616543443,0.027904422286620323,0
0,509,18,0,0.5058609316481922,717,1,34.66151141797002,26,0.5754468393330674,0.6330671860296484,0.3506260320501534,0
1,746,97,1,0.5575890321131343,96,2,49.01231113100764,71,0.66531857066384,0.4160124558875314,0.18286655723211337,0
1,759,72,1,0.40478796303262277,95,0,53.38799405161313,39,0.9533102884653144,0.9424865991128514,0.1821451237375839,0
1,771,115,1,0.7285183113108542,624,3,29.188696802561978,30,0.5848137402298527,0.41208679885283456,0.32133459626286076,0
1,669,113,1,0.49163357607110925,891,2,49.86355951899517,64,0.6747302109623955,0.41776771728518897,0.405108043958355,0
1,791,81,2,0.8288805172861369,646,0,59.1859366897535,38,0.6663065533680954,0.4991964270228762,0.13741877544018183,0
0,436,43,1,0.29724060858472845,429,1,55.02001310912135,97,0.7373090366312186,0.7762090789513363,0.3526771720336055,0
0,666,95,1,0.29312228093259673,316,0,38.10252656903055,23,0.676256589620487,0.7249324843518137,0.3179381543871759,0
0,483,98,0,0.3635643051355175,215,3,39.47368810707035,91,0.7036348582500155,0.7956922819332106,0.2586603308021192,0
1,586,6,1,0.2674337507499308,313,1,25.536478056892108,67,0.7533050250095185,0.9361330846648008,0.30121287440771016,0
1,771,86,1,0.6960252861425877,545,2,71.10485943625696,81,0.8281893067011539,0.6729673904870193,0.009026691454012747,0
0,674,78,0,0.3178822128133909,679,0,52.110442922389595,92,0.4627494723367037,0.4263255855282991,0.002032964973832041,0
1,836,67,1,0.3279703339741234,720,2,20.816493013350957,22,0.7712505858345204,0.8580979751268747,0.27521928334617596,0
1,810,12,1,0.2113825789833328,266,3,63.399691975786766,60,0.19018338323856607,0.8871786776642621,0.26205423238337217,0
0,549,100,1,0.8256720116988878,47,2,54.878228305956675,26,0.8885693190173757,0.4299330159319395,0.03566760266367769,0
1,809,12,0,0.8498368443387849,844,0,62.91441855330092,15,0.36103987711827257,0.5457095761824844,0.24601316331153228,0
1,372,109,1,0.32961793309155174,443,0,36.62091706742625,44,0.46311428267855537,0.8623580795990404,0.37876438751355146,0
1,581,66,0,0.7916195474137797,38,1,38.71461622739556,26,0.8232493713917576,0.6256931431277871,0.2706012220075531,0
0,659,2,2,0.5468360985258878,449,2,32.81029416166423,72,0.6732883342819052,0.6835908390786514,0.25880714537897076,0
1,309,15,0,0.3916759063723131,58,0,76.75772309984659,4,0.3777651908660513,0.8939054454869293,0.35895422696288554,0
1,510,23,1,0.6971076864590631,685,1,37.485141047850846,58,0.30285920001217626,0.4567717230454855,0.08592210347655554,0
1,451,29,1,0.34278725947766786,377,3,30.671822854504605,71,0.9619430038395309,0.8063705946791826,0.22874026607438314,0
1,304,81,2,0.8055068861224284,690,0,35.29570418822969,81,0.17899872492842814,0.5289906320505995,0.07402393845172811,0
1,494,96,0,0.23809218205644136,605,1,40.122611490361884,34,0.10390159774840715,0.4375908586459099,0.26192014845887,0
1,582,7,1,0.9673047463423317,479,2,68.33930586100213,69,0.7056414120577152,0.7974987073546369,0.29597071623432386,0
0,763,94,1,0.25750020296689957,409,1,49.15258722195362,86,0.6530269843742665,0.4728473517838734,0.06083665080887801,0
1,412,28,1,0.6635587353989518,728,2,63.503260460536026,45,0.7638525666566054,0.84820435528151,0.03775759903077908,0
1,570,14,1,0.9217554320979029,395,1,49.27956008232472,89,0.7584704484481422,0.5216232347531303,0.08336680555793147,0
0,462,44,1,0.2095235750782803,256,0,42.29646442475263,55,0.8769332145394209,0.42910721221471126,0.2931688116573107,0
1,759,30,2,0.5988115687912456,147,0,29.362311943026178,23,0.9298977313676111,0.45957847899549137,0.09480958059895828,0
1,404,81,0,0.48000557144854394,441,2,68.91042709600897,9,0.7975221294320974,0.9047621492475441,0.13762165498384799,0
1,581,32,0,0.6642657522063273,385,0,59.864424185889796,78,0.3090635214598871,0.6225809298041646,0.3512729730930624,0
1,461,110,2,0.380365909390127,283,0,61.22922266569872,37,0.5171465604690768,0.5813599848204507,0.12417241351506786,0
0,650,70,0,0.2519193737853798,572,0,58.877464393269186,83,0.6775437165903001,0.694719291827516,0.19876349472778454,0
1,733,115,2,0.7007464294789656,702,1,34.34828242972953,92,0.5854287419602678,0.7797595413100507,0.4644226798501184,0
1,439,88,1,0.533479391594722,756,0,48.97510903852586,69,0.24300776119116224,0.42226134718785824,0.4124983056805561,0
0,770,6,1,0.6979884309649838,473,3,61.30294749111873,47,0.6303457275616411,0.9389131080703189,0.12773612507908078,0
1,431,27,0,0.36843131747027436,710,1,59.165052821950646,8,0.897875784490578,0.9750888188922382,0.2987879007009074,0
1,386,82,0,0.4709930103627855,110,0,47.348872580796865,49,0.47666550093858795,0.6503840896929216,0.33290221134883385,0
1,482,88,1,0.6493451114916883,75,0,74.62480235311378,68,0.7020395419918631,0.647577341509274,0.45012075486556397,0
1,667,101,2,0.6744902226597819,78,2,52.99466048847711,47,0.6543408576487043,0.9271359527586829,0.27373365838626795,0
0,428,24,2,0.49785184621941214,478,2,64.82988004804105,38,0.4393388231690645,0.6575870788824685,0.2806434387913872,0
0,545,102,0,0.4240425644932452,839,3,48.002175495607226,82,0.6087440864325095,0.913713960886878,0.44422360673872496,0
0,677,34,0,0.4189605035908767,436,0,39.42508449473532,4,0.2891908305089749,0.4170021666936329,0.027190877590694218,0
1,448,40,0,0.3397594811367187,312,0,59.53774481043402,83,0.5914965328256687,0.693790365260779,0.3140706612550014,0
0,732,47,2,0.46032396986366975,502,4,56.00277693706824,10,0.8189466314413413,0.9714574268634169,0.20832460323889612,0
0,768,79,0,0.35955226961057596,445,3,50.19696341821522,59,0.7830529926321397,0.5516827952384036,0.4548816924980432,0
0,745,75,0,0.707052324983956,629,0,32.308006371763526,26,0.4221590948263645,0.5596928922714589,0.48027013579089023,0
1,780,86,0,0.6552535985936717,150,2,60.164417787917344,92,0.20087669431585792,0.7780737932275765,0.08512363211300833,0
1,593,118,1,0.5060710589367361,32,3,33.09807795553263,6,0.8199483085358793,0.9557145299925802,0.14073423530902007,0
0,442,24,2,0.4606640159499156,345,1,56.66034644377676,59,0.33853518054507054,0.5192453447737859,0.13672895138136237,0
0,549,65,1,0.39009136015571405,489,1,28.545214618669537,49,0.14773939049086096,0.9529906155104683,0.050313813630860516,0
1,601,18,0,0.6283666471674729,256,2,32.29429771247081,66,0.5006736641944026,0.7978022464689284,0.24147195273564942,0
1,324,44,1,0.9351222114765507,108,2,49.381356269772894,68,0.7655234765918928,0.9958283885566325,0.25654070536476276,0
0,369,76,1,0.7485624411111498,686,0,53.68448389626392,54,0.8276440064402689,0.8418753078715785,0.28648912982977714,0
1,411,57,0,0.795531771228454,783,0,48.250313722079895,76,0.9839819342997406,0.8006803244303834,0.33147918322312764,0
0,663,107,0,0.8675022909251262,573,0,37.09259647055396,15,0.2704669156271112,0.8889419031759798,0.03145872623237128,0
0,602,28,1,0.481307978670279,804,2,61.69815487566326,11,0.3644153654144795,0.5050841915741755,0.31124177289619703,0
1,770,104,0,0.2503006256915901,752,1,47.08237135712008,26,0.6485414486315475,0.9675913678200099,0.45690464408702636,0
0,390,71,0,0.6980470426573154,100,0,47.90062815851799,32,0.8302093274044223,0.49935730526563754,0.22749548949136733,0
1,829,23,1,0.35093783298242615,226,1,42.63729018314873,78,0.31066751911824314,0.4154022219378726,0.05335622165890197,0
0,491,85,1,0.655234919996533,87,2,34.15930697421324,84,0.4689230053363833,0.8187141047186453,0.0429720133642148,0
1,541,34,1,0.7916081865256519,453,0,61.900150191451935,80,0.4675606016072429,0.5107572556773002,0.1408761314554522,0
1,437,11,1,0.8269106417182692,498,3,35.359270168346036,54,0.795643059788489,0.8552519077791308,0.3762623131486704,0
0,644,86,1,0.4414712961980124,653,3,70.46118339657878,51,0.31683898511102926,0.8770233867894265,0.1304998276587953,0
1,479,106,1,0.6099465860554522,77,4,32.62526787492546,36,0.9718826992263349,0.5420195443932359,0.40716545615058564,0
0,802,35,0,0.6967720770217538,464,0,49.843983222575154,14,0.5594174313719161,0.4520321983451268,0.40982957348298205,0
1,502,116,2,0.8555845773604975,214,0,46.04321755054268,83,0.3538601529447827,0.7004925797672799,0.22855591901585542,0
0,491,93,0,0.809110932083958,868,2,43.310699239063055,82,0.35585565374663797,0.9341311063409745,0.15039442145198723,0
0,304,42,1,0.9903802567818962,194,2,55.228845048260894,64,0.11646998803357345,0.9083746606176275,0.2988335763545179,0
0,536,28,1,0.2064677412240087,756,0,56.846786187938484,67,0.723187801680661,0.4702494739001613,0.4052650744784052,0
1,610,82,1,0.5499915526905064,360,1,53.03946613863748,2,0.798353472408038,0.9788699587111171,0.03228539900042188,0
1,848,78,2,0.40483558910090234,359,1,29.041726324801445,71,0.12918499563132063,0.5583695172324208,0.4767117716633012,0
1,355,82,1,0.2959147097158987,150,3,27.43043106682587,4,0.6273410852178579,0.6096347062138243,0.32295013747080287,0
0,742,92,2,0.9292122625337478,242,1,26.52797744356973,8,0.8035054009933796,0.4894301458432788,0.19907387815282207,0
1,536,24,2,0.9983696528765491,852,1,41.33871542162172,0,0.438616043551902,0.6266817793255877,0.25300961776830283,0
0,496,8,2,0.3444769663237789,536,2,76.73014828743275,29,0.48946742456922077,0.781384663791808,0.19279624838842885,0
1,813,106,2,0.2307467142410909,582,0,44.26239323594171,70,0.4254624099209262,0.703646956070701,0.20630551456472007,0
0,748,118,2,0.4200435581444003,894,2,76.51374208852368,85,0.3840856467098266,0.896523691037671,0.29780830542106035,0
0,659,109,1,0.8678895344531166,830,1,44.498937284956824,19,0.5420275512867287,0.7847804867540931,0.030120248428585183,0
0,329,53,1,0.43511206655945345,197,1,47.399824768378046,92,0.2494905941199021,0.5581266828695826,0.08768856249248108,0
1,407,72,0,0.24552118439809725,575,2,53.93657994916054,26,0.4966189131086731,0.7344628189700997,0.11351978490176284,0
1,744,4,1,0.24199374716242394,859,1,40.634710241354234,88,0.9476426118449849,0.4385146755329258,0.20375713713917154,0
0,737,91,2,0.5419382418955492,816,1,48.40933324268195,98,0.12466188801749194,0.7484743364466766,0.1855287647886552,0
1,756,100,1,0.9454605784492958,456,0,19.45724158566102,90,0.2482690742677259,0.6337982977242811,0.3611022798342315,0
1,794,5,2,0.42873635331170556,738,0,31.66333925899496,62,0.7999321515817789,0.4590390952334966,0.12958968435366147,0
1,546,97,2,0.541726144560835,732,1,19.772783192004617,74,0.21885138092234052,0.584478371794469,0.028536066803526716,0
0,842,49,0,0.28154704430608685,250,3,55.878597757444034,80,0.34415280955247096,0.938852195560591,0.027721123076115517,0
0,738,98,0,0.5948582346151849,39,0,24.54984588892013,30,0.5093550316399202,0.7516227684581135,0.005656542886656457,0
1,577,30,1,0.7572376514285633,149,2,66.17508095783015,81,0.9488460318769941,0.9419589093658307,0.019013003269668816,0
0,410,72,0,0.4169202889417757,664,2,50.340337553794164,18,0.2651510685732125,0.6464823921847406,0.42933033737387716,0
0,684,103,1,0.43736904682294786,276,3,59.391149952856395,92,0.9307761346038848,0.9873451596340528,0.34862145888987334,0
1,490,63,2,0.873580020325017,389,2,35.300165496085604,78,0.7466720614415673,0.6160114320989143,0.49796558294902105,0
1,789,47,1,0.20829097787774167,250,1,28.14792421469375,61,0.7040304205688548,0.8540827690873056,0.010156364060853296,0
0,725,26,1,0.7091765668400776,802,0,39.78414657703545,6,0.7511882716450289,0.5832418500880341,0.4245007755376597,0
0,704,57,0,0.5151077079532935,535,1,60.96275929392931,36,0.1281219570724037,0.4635943290699752,0.34802816463312175,0
1,634,37,1,0.4387044108491752,87,2,76.72577523213303,70,0.1890102349625674,0.8998339580413723,0.3201712157382465,0
0,508,98,1,0.7260750657951018,856,0,52.62547566200252,85,0.40135737586620557,0.8575489161220958,0.17826606280959195,0
0,321,7,1,0.8677348174317643,489,4,25.264995106186568,75,0.1665707798338099,0.892377420290982,0.1883637073949893,0
0,507,40,0,0.6467136930629389,157,2,30.42152534339232,7,0.9888307385458798,0.5798167190113672,0.4227805952551521,0
1,307,92,1,0.2248756975544448,728,2,22.675118797221934,56,0.6223709873306598,0.8221969753605822,0.3567419391306453,0
1,828,39,0,0.5691209526604608,746,3,43.06245355253274,81,0.5386093040286857,0.531953708649139,0.3351582901761555,0
0,465,62,2,0.5702079527151784,115,1,40.8414495217983,27,0.8069606064091395,0.4067869217568908,0.015324664224888651,0
0,795,103,0,0.6350387958436863,133,3,42.95084019798598,81,0.9792632861307908,0.9198932653814008,0.09215981781935534,0
0,728,92,0,0.7367671208348419,172,0,28.898685865816233,94,0.9596170000762972,0.7141152922335958,0.481312230118505,0
1,462,78,0,0.21545472282747236,234,5,27.39593850500731,16,0.8137583963098265,0.990192002489253,0.22718562489509386,0
0,665,53,1,0.6016100995198004,670,1,46.41173120248846,86,0.4394568132647888,0.6310214169422481,0.390696615112119,0
0,825,114,1,0.6706462155044726,787,2,52.266163218033185,10,0.15936354242011605,0.9741238041936822,0.1946626131112117,0
1,538,102,1,0.4746827091328416,67,0,27.227399092874716,14,0.18853927995617303,0.7690343580835357,0.382161438571586,0
0,371,4,1,0.7346921812723466,392,0,52.10572539808389,29,0.10103710671512874,0.707323043102118,0.05960628405275553,0
1,744,106,1,0.38254217370333693,650,1,59.20154319010402,94,0.10171255890237031,0.5816857619078484,0.02106400981364881,0
0,808,82,1,0.4538978664539613,338,0,10.038408269614223,5,0.9427796190401156,0.8951658047636445,0.23308828576030927,0
0,568,108,1,0.9702042779394608,81,1,68.6352284583794,11,0.9343152722867492,0.8972768478226739,0.2958230983622475,0
0,714,112,0,0.4784562966889121,30,2,55.53306470883919,86,0.7007984197343219,0.6501577193221069,0.16185094565322067,0
1,544,25,1,0.47720070989259605,40,0,59.34193561939886,60,0.7540090517982723,0.836375885166387,0.3580023139898892,0
1,359,7,1,0.6765445086584922,855,1,29.686774470127357,35,0.561887610985034,0.6683427614669633,0.24790982444364207,0
1,305,102,2,0.9767802638880483,776,2,56.80723574844805,34,0.3140580304794992,0.8437955766800058,0.4641584237717213,0
0,706,28,1,0.9864643567624003,669,1,58.53114366647647,66,0.9229465441979282,0.996514094031175,0.04249525874011445,0
1,516,69,0,0.6637263709410528,243,4,35.22680134535677,91,0.349922320623415,0.557497788258467,0.033284182200540025,1
0,325,67,0,0.20086961584394603,784,3,56.698117926461904,78,0.765704134854671,0.7804314743078387,0.45256092612349297,0
0,304,108,2,0.9205252406147197,585,3,42.9276056570404,76,0.3208921162514917,0.627926779063938,0.3345535664037045,0
1,831,95,0,0.6561903716616385,547,0,35.73738307645292,62,0.88313357624426,0.729022938189102,0.3355591440657691,0
0,689,111,0,0.4927971266319487,697,1,42.05328763431434,82,0.6861154909829329,0.9244883681779974,0.013777611140383061,0
0,747,106,0,0.8633561128127507,444,1,47.52409471978788,39,0.6784255185010588,0.6085455216667929,0.4688376127442991,0
0,445,20,1,0.519865967480164,37,3,40.46095464856617,81,0.18763051306772793,0.44343298128474185,0.385912527965233,0
0,687,83,0,0.22723560496021175,34,3,33.12320796051331,30,0.47752201285228146,0.8793623111457755,0.38215740890317357,0
0,548,112,1,0.8568577784456151,391,2,50.89431094760162,36,0.5724176567946394,0.7330149131219408,0.4559648206735218,0
1,825,11,1,0.6366875208158098,723,6,53.396677421799374,84,0.36463265956999913,0.6696405682852402,0.28907658304515377,0
0,761,104,2,0.47051483057935695,141,1,47.190316755666586,4,0.8928771506501191,0.5099998281375565,0.19733319528190313,0
1,312,67,0,0.40071390108308097,302,0,20.736682036045078,80,0.8539029473600995,0.45571163902275075,0.24033958429275026,0
1,683,87,1,0.6750379675323406,451,0,36.231128315174686,82,0.5442588211082771,0.5672413357747322,0.38862035165857794,0
0,698,7,1,0.3664396385800801,294,0,32.33864908507313,3,0.40602808237970345,0.8313425580085312,0.3843649912569259,0
0,318,23,1,0.4590807092456026,487,2,70.96647540159033,25,0.82138804480508,0.6470625571840982,0.3047933107138677,0
0,790,61,1,0.709224247531187,241,4,46.76841109145013,23,0.2772023027871149,0.7421365524313728,0.10904017997987558,0
1,718,71,2,0.9052355603247457,107,1,40.79657726851865,38,0.16436468358426948,0.44922733219778854,0.40944204567351755,0
0,636,110,0,0.6263122627132791,811,0,36.619226192190204,55,0.14113943746475296,0.473945826117652,0.3236207841050983,0
1,718,34,2,0.807285118639274,695,2,43.12716139338741,53,0.13481493480820023,0.40678349853615364,0.1106310104474546,0
0,421,106,1,0.8104484830104335,250,0,56.27300131729991,37,0.5399997908231606,0.8039706703294391,0.24032222487866856,0
1,731,19,0,0.7314831621275095,398,0,17.55144208254907,53,0.32978227248942416,0.558672713493052,0.49860316537392896,0
0,343,58,2,0.39667067014441415,376,1,48.452479830108,18,0.7213376092257527,0.9801559514998972,0.16418991954019835,0
0,616,9,1,0.8934308785201936,54,1,37.431066618764326,93,0.6885024166364548,0.5850734861963173,0.058280307385425445,0
1,680,48,0,0.5490205245116533,449,1,51.46005179026053,25,0.5878180064296225,0.6181708233196067,0.01083370859208399,0
1,444,115,0,0.23536859514856046,383,1,56.986521960328325,51,0.4175589532851667,0.6816938988686259,0.09231617858021479,0
0,626,82,0,0.39569013605562015,749,3,34.56719774694893,74,0.8654106204871572,0.5914844492753157,0.09348315303185645,0
1,662,41,1,0.8124386832794526,446,1,24.46196999873263,60,0.7387324779700482,0.8904659331262974,0.4290342224331578,0
1,349,48,0,0.25530666865399154,544,1,40.43398589822249,66,0.3443735116284927,0.9257240859987895,0.07807737459875314,0
1,364,45,0,0.317891521723929,244,2,64.30602267571759,21,0.551519796082159,0.40662164752498575,0.43132547093921525,0
1,654,106,0,0.7553814528333636,141,1,57.534858767734065,16,0.24064408794183695,0.7927969771368296,0.0433582542215698,0
0,463,25,1,0.9140806317820325,733,1,39.335657676040434,10,0.3958986619917165,0.8116529679393893,0.45332214992531683,0
0,440,116,2,0.7069856040461096,588,1,35.47741313566614,38,0.9974261645771803,0.9768549259588487,0.12817675096066872,0
0,427,78,1,0.37783284306364373,457,0,36.60975780293524,60,0.3014597982404764,0.622239518360792,0.30574903099510153,0
1,697,108,0,0.2427310105996389,762,2,25.535616942287614,90,0.7284721201463247,0.5171679810086153,0.07986359238940599,0
1,762,25,2,0.6921012660402495,728,0,56.77161045790363,48,0.31457678119932553,0.7123486417253103,0.19502781583680323,0
0,486,19,1,0.2379188623449312,591,2,59.511245267920366,92,0.9443210851052303,0.668533410747034,0.04288390234172473,0
0,489,39,2,0.6901776415534056,738,1,39.19293635024127,60,0.3791195604913308,0.8750388793624346,0.2897641021284212,0
1,687,119,1,0.38046395532887606,245,2,37.489779002866925,11,0.4120201671820384,0.9423852647413242,0.17293874326409397,0
1,728,79,1,0.9237248499270638,442,0,34.52589305652942,12,0.6344737957595685,0.452024816581858,0.4260750418060799,0
1,583,80,1,0.5800741347898895,762,2,38.24451878384347,57,0.6293005940034413,0.9079476871893453,0.09090823914961388,0
0,536,27,0,0.37915074664775655,409,3,33.97239657189931,10,0.6211687508174618,0.945382526932895,0.13999403221065587,0
0,493,104,1,0.8825162532468733,631,2,42.671941306998626,63,0.6159292015656167,0.9544815269586144,0.08862733868864675,0
0,586,74,2,0.4032283187580067,261,0,56.79594529573702,30,0.3809682043481878,0.8585859153107229,0.2819113901180151,0
1,435,63,2,0.4452792612199004,864,1,55.25038235245554,10,0.49096920100468755,0.8452495365424468,0.05587359188124358,0
0,470,68,2,0.8674223192443646,287,0,32.4196388318473,42,0.6340900988268793,0.4089380650014538,0.09467850263042743,0
1,458,115,1,0.4470336238404768,694,2,47.277145707232684,35,0.7041431113004042,0.9521149734938971,0.339244971721006,0
0,500,19,0,0.5281310153845099,285,3,54.692266340341874,1,0.3278161121712354,0.6109031282852659,0.03720726326797008,0
1,786,28,0,0.47813253660709326,432,1,30.903175374976435,86,0.7313275555326467,0.4246731379704354,0.37158183604723977,0
1,803,85,1,0.2931202542643007,453,1,47.12125458856504,60,0.930948625101373,0.6477875860639107,0.05216674454220682,0
1,670,111,1,0.23111664979746094,799,1,63.204687812947164,35,0.7821349330094098,0.8397115799623296,0.2927443797919021,0
0,402,78,0,0.7796325392487851,94,4,41.326649024258415,77,0.17580952254044957,0.6651731209750578,0.4989047277914742,0
0,424,33,0,0.7161096991485765,219,1,14.731465853069356,48,0.522213598081019,0.8548066536832994,0.0869464533945003,0
0,612,112,1,0.4258928540416458,632,1,7.24154435054497,26,0.49173745198516705,0.7056456561467415,0.1305431593331572,0
1,757,10,1,0.4364792999879028,202,0,49.66219104074933,11,0.40285298081643717,0.5796562888761713,0.4492133269945264,0
1,529,83,2,0.9560046264069451,788,1,46.59774864485862,57,0.5421881259127029,0.5217474064921196,0.3131432672521359,0
1,496,30,1,0.9901369017867938,797,1,47.816022229058,92,0.49567039605989094,0.6526619772122153,0.2462656494021554,0
1,722,22,1,0.5787479225869548,657,2,52.33931210774714,5,0.10555342945062438,0.4214820710283611,0.2813525486350182,0
1,470,3,1,0.8419613963851951,590,0,22.808200003653862,43,0.3128997502828629,0.6535263429990443,0.14774767231916108,0
0,681,101,2,0.7893487006954925,256,1,32.89782069477546,46,0.2924039307541126,0.44117205805877463,0.4276608909759567,0
1,472,105,1,0.4378541676096376,610,1,51.345951616869755,22,0.41433358711851964,0.9262028246444792,0.3726345125167644,0
0,752,82,2,0.2468501684163827,417,0,56.037956156429026,73,0.25701106755187453,0.7452886191085075,0.3212332161669577,0
0,649,75,2,0.314045005707952,430,1,41.14672156344352,97,0.1610212993403608,0.7876257777581558,0.46587129911356734,0
1,793,48,2,0.8706352936006108,667,2,23.51583771401977,75,0.27695156953151157,0.5733183942661662,0.28905543027133773,0
0,303,2,1,0.7849710559970249,242,2,50.099456861353694,95,0.8687681077775185,0.5354926458997273,0.2559385542726584,0
0,392,76,0,0.7314678755698223,82,2,45.76701249934325,25,0.8173354067780761,0.824743149504044,0.48784670116700407,0
1,305,54,0,0.30451906535731865,653,1,29.12627060208119,6,0.49788657768317035,0.8029392898130946,0.10300705663319332,0
0,587,6,0,0.7119445499604198,700,3,15.245488609704395,31,0.8900335305808871,0.47360707381237904,0.0709840865988523,0
1,445,107,0,0.8177218651944924,781,3,53.568775479699276,32,0.3093990563087055,0.5431848298610025,0.08114143476689173,0
0,723,40,0,0.8884813998882326,691,1,35.738213834915925,81,0.6257882270793086,0.9679454718821261,0.494721004008098,0
0,756,108,1,0.2105850233548946,168,0,47.80046946891339,98,0.22863238799176988,0.5825064553189288,0.32612552744884715,0
0,501,93,1,0.7475800815027822,447,1,47.24339396455758,19,0.8500606205944508,0.41549890619162905,0.1529614409407566,0
0,511,94,1,0.21527812448256356,654,0,27.796072314968523,94,0.21752340174266727,0.4382692304956491,0.12448890217467778,0
1,305,2,0,0.7654982764347509,172,1,51.26796039299161,68,0.12867414308059888,0.86529687816996,0.028319295045335924,0
0,675,73,1,0.7084970917856039,538,0,32.10318537042757,95,0.3460998070613758,0.854293410739303,0.0659736643520038,0
1,746,111,1,0.318678290335178,679,2,22.569267263269115,51,0.910841580412321,0.6290963616603188,0.4540862906683933,0
1,405,2,1,0.8128974010761043,515,1,20.647822878657145,41,0.21651137373379892,0.4919204658666637,0.37367053035979486,0
1,700,93,2,0.25467809455175294,466,2,44.95144693899526,82,0.3976032418259857,0.6988631301509483,0.4707798672519984,0
1,395,97,0,0.8611190189957068,845,2,68.91153480013969,0,0.38477349371097347,0.5991331931322792,0.21186546822760438,0
1,687,74,0,0.40954339587858324,572,0,45.61532634365195,62,0.8214816466872019,0.6243810087383056,0.3006186230306051,0
0,751,98,1,0.751081489840532,322,1,71.74737677375443,6,0.47937285980202216,0.5565912124527779,0.24183562949949527,0
0,715,108,0,0.9389514728174964,649,2,66.73232726680881,57,0.650410344653215,0.4377147476256751,0.44069269824391,0
0,803,55,1,0.4718616197387592,313,0,52.744288461110614,85,0.463944705249588,0.8746955661053202,0.4956909435864066,0
1,753,72,1,0.6023152623523353,700,1,68.61736950697792,49,0.5963113136231821,0.7709324948979116,0.46638760382518474,0
0,590,101,0,0.5704944271603603,867,2,66.92057981261419,33,0.15619665161568858,0.9007810742617528,0.29902792389130994,0
1,833,118,0,0.3260890792502945,43,1,62.68043977078894,50,0.43662649432612144,0.7019211864301556,0.030900988594110834,0
1,492,60,1,0.6722496083926093,663,1,16.735049715707326,9,0.8695952539659584,0.990991983463062,0.3087633065110733,0
0,449,97,1,0.7944015348167583,756,0,41.44884228522114,25,0.7219608068640175,0.9775149456427631,0.04852371076555795,0
1,814,111,1,0.9334998631390554,301,0,34.59454924366949,31,0.983646139731958,0.5630700922579254,0.0694107368178496,0
0,692,6,0,0.8806420813196103,54,0,62.56695669622084,41,0.8091275836385289,0.6321861541207547,0.09567234909456751,0
0,615,108,0,0.6080155037824253,351,3,40.391242672989286,90,0.5063587434025967,0.8516256477824558,0.1817467105273785,0
1,375,104,0,0.775213723609548,835,1,71.28464954566348,61,0.7086524119295885,0.8659620771866654,0.29589324182524773,0
1,569,109,0,0.8406267306991142,710,2,46.52343498287106,11,0.7983223081194601,0.9464194817441342,0.16677683708686902,0
1,524,19,2,0.5947909709906791,132,0,44.58071804627125,39,0.342715293929207,0.7915803001613522,0.2261335536680163,0
0,829,96,0,0.2923420485634142,895,3,39.320284996499474,86,0.15401610155402584,0.6850725861479242,0.02364451654246713,0
0,412,27,1,0.5503446110778967,69,0,42.23077797741383,77,0.4652625411986935,0.6265909297927916,0.30987890036221105,0
1,550,1,2,0.873982430561252,264,1,49.03117079148013,33,0.23020584589226373,0.6515071308382134,0.328515882752971,0
1,532,107,0,0.677313124314988,861,0,44.00882350364536,80,0.3495170077862517,0.9102430906344054,0.04969507402497403,0
1,382,116,1,0.7795667016074712,118,2,38.02695045639723,69,0.9521609459267198,0.9880053061644367,0.39255857799659893,0
0,424,33,2,0.34821441772207007,129,0,38.915610530906925,26,0.8623743339002667,0.431145510951979,0.3237297788309927,0
1,474,40,2,0.9714702145688046,173,1,72.31529659882781,7,0.6332174511108942,0.7481467978242644,0.24486471464068166,0
0,368,32,1,0.5232644235946475,111,5,74.96267555238308,96,0.46113103587913506,0.7120323832366051,0.276429937090773,0
0,346,69,1,0.7229084181741832,618,0,37.93803765438194,98,0.33789732418706636,0.6256853649088302,0.25152286727639783,0
1,555,17,2,0.2150978036724842,600,1,57.73455444202924,46,0.6143124517468,0.9109458658157045,0.02689647186386701,0
0,329,8,1,0.3018554098042331,258,1,32.5828668081285,80,0.5798442247056033,0.7454458101369525,0.3675747304654418,0
1,580,57,2,0.8256274159079353,632,1,40.09755981725075,25,0.8027027275433797,0.5878696373401168,0.25590531844026837,0
0,536,42,1,0.9743755564162038,895,2,28.687289795734802,56,0.9352181698876515,0.6664624230022602,0.08641192674847908,0
0,547,98,1,0.4560442840443826,424,2,60.29750718577133,6,0.39604357119701705,0.614082134430333,0.34036542687339977,0
1,667,9,2,0.2297445879530119,542,1,52.267845344184444,87,0.28566739968111476,0.6580513646296671,0.3475328030310275,0
1,794,87,2,0.4886932815841101,810,2,55.13170944651885,88,0.4625196543511346,0.4427594742063728,0.10674773470642829,0
1,324,35,1,0.2139745042232021,827,1,58.32386098556192,98,0.4937871721718837,0.467149489730153,0.3982475363622216,0
1,789,114,0,0.3538984738099753,226,4,31.95584494884021,25,0.1358832605359262,0.7742150099821659,0.22825236294050744,0
1,793,71,1,0.8019776120429907,303,2,40.13373146766007,58,0.8755268789795704,0.8104410264378631,0.09030480625352877,0
1,613,79,1,0.9496707184851969,619,0,51.67848544347752,68,0.9960331048007458,0.7819722491601786,0.3288100016565195,0
1,674,53,1,0.26995926749510935,682,3,39.81649320959029,46,0.9308878234403702,0.8578452384383235,0.29836348226717374,0
0,324,54,2,0.6463206230484074,829,3,46.04137701134533,34,0.8745984815382193,0.9661204128866443,0.08520316291172747,0
1,633,84,2,0.4031046768992256,612,1,33.004166168835546,29,0.993340273113587,0.9163709841355931,0.4361744498888339,0
0,654,114,1,0.31124730063514366,591,1,64.94596187130628,49,0.9170275887773977,0.6511057476227461,0.427267166353186,0
1,415,25,0,0.37518418391324604,401,1,59.07796102781797,88,0.7195308586689855,0.5305258821527652,0.4181222939280214,0
1,347,67,1,0.6622104539981659,109,0,63.55616919748245,23,0.2500809838949509,0.5871113269607509,0.1996139294815506,0
0,398,62,1,0.25210760115516884,264,0,54.88680711253271,29,0.24071511100318105,0.7526448927671753,0.4123113873781701,0
1,758,55,1,0.547374876934734,316,2,28.591861720796448,83,0.14390177190701745,0.9137250006745402,0.42239765419068526,0
1,822,46,1,0.3081822807641311,848,3,37.80709440025011,53,0.4706477804688548,0.8210344741045283,0.49827013605615067,0
0,704,24,1,0.4181416419155852,696,0,34.474012742736825,66,0.8279416693810032,0.7258078628614406,0.47880230908682425,0
1,513,98,0,0.35260346379461116,601,2,41.140876647855706,31,0.5412663503190195,0.7611270157360206,0.19142366751885215,0
1,802,46,0,0.9063803998647177,574,0,60.86645543505874,7,0.4296895351404242,0.7169567282369826,0.09910212491526216,0
0,747,22,1,0.7664090646970316,466,0,22.908587506535316,49,0.19831227777887478,0.9829765067977779,0.14623119642818788,0
1,557,11,0,0.8947700631579765,156,1,36.245408603622415,46,0.14657797818152937,0.8896548713533362,0.24739061333294632,0
0,420,48,1,0.506770267638154,762,3,39.08270985626356,86,0.45926122908124656,0.8687663292406892,0.40272881692855605,0
1,353,8,1,0.45073069188293613,741,0,25.28975004629685,45,0.1899328421653592,0.7103973921182392,0.36149202786304746,0
1,630,39,1,0.5044697559182136,446,1,48.07137382235025,79,0.1931933554641845,0.5990856745417248,0.3938563794056806,0
1,540,107,0,0.214838556579526,667,1,39.870310210238124,34,0.4558135824735816,0.4117084566026563,0.18996318649430105,0
1,829,35,2,0.7797634201188466,70,4,61.67725238347579,60,0.5525591108524445,0.4260580146158319,0.1234523221414765,0
1,782,49,1,0.47981796551606265,816,0,40.873148994922246,88,0.2680145982770636,0.4181427550974669,0.012064836859229877,0
1,486,46,1,0.4506590428614334,498,0,51.88413237453818,78,0.7161721176343933,0.9882860600666352,0.3130918110394142,0
0,561,38,1,0.6785128522964263,326,0,46.72478052565915,50,0.47682280061452975,0.4686894030807343,0.39751886791656277,0
1,663,8,0,0.5489999293678531,626,1,7.77731193021873,62,0.18273028396484448,0.4852713117854849,0.4445702470450413,0
0,790,54,1,0.9846746945791189,630,2,23.472816106949683,7,0.6733307121064437,0.69048999247486,0.23811894167569514,0
1,730,37,2,0.4850024343190411,71,1,50.75310703436532,33,0.42125033682562496,0.6888407001358954,0.4638228891036273,0
0,538,91,1,0.6911166737663308,661,1,50.06942724920068,24,0.1470893293686396,0.9519842603710414,0.1012060308161793,0
0,603,92,2,0.4493208804877214,308,2,43.96995218248588,43,0.953183421700473,0.44411963900375384,0.25718906157226545,0
0,597,40,1,0.9924759841685253,488,1,64.95199961906765,82,0.6140772613951027,0.9743434990940192,0.10688387243490705,0
1,375,34,0,0.5560888277761025,62,0,52.64962111062595,42,0.5299483321275736,0.5298341430046054,0.0940377562929835,0
0,632,96,0,0.7073030486934424,305,1,68.55443269982462,49,0.8732236553684511,0.9820922855828998,0.4766940660011759,0
1,773,79,1,0.3013773367621417,694,1,8.104992793925135,12,0.9430663863823523,0.7247944592815695,0.4088703443650489,0
0,582,108,1,0.7864193718909265,119,1,71.01222036276656,45,0.2982896813495902,0.791207647558618,0.005899948220632278,0
0,371,17,0,0.4153680463004976,645,2,35.892705505464335,75,0.8291300515075244,0.5894372635963884,0.13425649756922847,0
1,562,33,2,0.5588906022637375,553,1,45.37295449129866,78,0.8479719340968386,0.767094370659757,0.10256762552686144,0
1,311,47,1,0.9065064498619664,189,1,62.8015785597801,86,0.1489625152098391,0.8264978679396386,0.07356709007229628,0
0,440,110,1,0.9764420119080812,487,0,13.278526553217183,52,0.7407497036604455,0.40622210037538337,0.34870621468232127,0
1,316,52,2,0.5396576814722855,737,2,41.19999387769884,62,0.15667109361961934,0.4205370551090224,0.28341891566773336,0
1,362,118,2,0.8678421343636,428,0,60.13223032565843,1,0.6352059217509106,0.9918862071629796,0.22696728537505534,0
1,552,80,1,0.2426791956398886,848,3,35.744253177596256,39,0.7023130994248066,0.6745342629356892,0.09474852921990712,0
0,764,93,2,0.87805922383221,803,1,58.706111112552506,22,0.4303528195158728,0.9614905152619327,0.1388090281408283,0
0,675,9,2,0.7036082577221199,120,1,55.14572579555692,58,0.8927087469918922,0.8379385700900013,0.17805052451229642,0
1,819,33,1,0.5909649347132816,738,3,47.537503122427964,68,0.8204605362707251,0.6237809847804312,0.3927413429161522,0
0,389,60,0,0.9119709641097982,610,1,53.98349414581149,33,0.9333637422592567,0.4905052027951179,0.4945947167867847,0
1,474,113,0,0.8762697780051312,495,0,64.41949955610194,73,0.38340057396788363,0.9868910398301272,0.0919885273381349,0
1,375,93,1,0.4375560767628576,249,1,54.037514547133014,26,0.11937502005562979,0.7506977542590323,0.1707613344466517,0
1,699,77,1,0.8331907058758061,448,1,58.93693293797335,54,0.8303151402977968,0.5154139740210999,0.1401007732723062,0
1,370,21,2,0.2795927469298981,408,1,31.78059399464988,3,0.3006796203967967,0.8089917881768482,0.0220336972961378,0
1,479,58,1,0.8582111483738961,755,0,53.72990706625761,67,0.5204404365103501,0.45522910589820276,0.10960942846732769,0
0,423,85,1,0.7403644944186005,476,1,52.34047477913157,71,0.8355890546776277,0.9208223678440958,0.45080697169240325,0
1,680,69,2,0.2702930647455542,175,2,61.85839935256873,69,0.29452166080776165,0.4540824083532034,0.42142908943619817,0
0,592,10,2,0.7464641387793083,262,1,27.630065449586635,88,0.38071788650769134,0.5417166149747014,0.08379865755737814,0
1,494,6,1,0.6644154213410962,400,1,61.104154428684865,26,0.49517198770401016,0.45485848325642525,0.18308150630814518,1
1,527,115,0,0.6756400809160359,263,1,31.8125408184524,46,0.3446423651488969,0.4622723301096795,0.15540152763598036,0
1,730,13,1,0.43269114810375886,755,3,80.1096493677462,39,0.5151892807025458,0.7143004921955096,0.07387040402707823,0
1,735,65,1,0.41319776001027625,396,2,31.67292049995113,83,0.10863698004507402,0.8121938815356353,0.3111041048189137,0
1,760,20,1,0.8100280896432162,510,2,27.49839310644524,26,0.29096917547619455,0.8730890700075722,0.27864888018264333,0
0,320,57,1,0.4054507848137913,602,1,40.64242259191844,6,0.849298023696678,0.8170331737612561,0.21349566636918582,0
0,363,111,2,0.557009801447919,392,4,60.72547328453135,22,0.4721337626617007,0.6180938872216426,0.42774916405411034,0
1,464,46,1,0.7558311988790278,619,1,50.3257150718264,83,0.6727651909677457,0.734372672228232,0.30985567000645375,0
0,326,8,1,0.26369300106195026,540,4,70.19252763823788,63,0.30905913487198816,0.9565984446569383,0.12963684128370323,1
0,610,10,0,0.6756387060893259,124,2,40.49255151562289,97,0.6848907980037995,0.6325459694524334,0.18685236859993437,0
0,584,73,1,0.6715010981184939,871,2,37.65049571291195,28,0.9999764808816312,0.5514426214168742,0.07507836489156655,0
0,580,113,0,0.7473829687104205,245,3,33.98316763792756,60,0.6357588754571245,0.7115916133365523,0.2956866365550819,0
0,463,105,2,0.4959424762445269,754,2,37.10539146487638,43,0.6655227063777179,0.5784011271052588,0.29331454398530715,0
0,523,67,0,0.5591838192510719,845,1,24.04178631113114,68,0.20036784201579774,0.5570902311771255,0.4350918429862006,0
0,445,11,1,0.46397545115575495,741,1,35.267679546723066,26,0.4630433244993861,0.8672819807519578,0.42790835052100623,0
0,329,12,0,0.8465345977510206,893,1,26.84276115087137,11,0.8746524086346006,0.9345015144385215,0.4184710167299739,0
1,344,10,0,0.304488608028906,572,1,55.78455058983156,16,0.850844776292499,0.701390009649371,0.2744761598507651,1
0,770,25,1,0.970363162860264,831,3,67.20291778858805,36,0.5701591993251898,0.8678697291804149,0.32600990537872165,0
0,333,49,1,0.707868924783374,884,1,48.32459482333981,33,0.9131087347639952,0.5122536557183448,0.38777097198413907,0
1,726,49,0,0.9095253795137408,164,2,34.89150677386141,93,0.22864331638514623,0.7285858078215087,0.0458424154778429,0
0,520,89,1,0.5409851666118115,112,5,56.16413739919095,35,0.6923704641953726,0.7817199656233995,0.15029894758892792,0
1,833,11,1,0.46582325631359733,420,0,44.41110474187126,5,0.32399521885197585,0.6943985006900633,0.08454497140983591,0
1,666,62,1,0.9205806480991867,76,2,60.22271592220621,95,0.681005264594713,0.47012812980891777,0.2557338471730529,0
0,849,118,0,0.27909842310104227,421,0,30.81858203783489,31,0.17865972019467624,0.8404601390914463,0.41883397831630387,0
0,415,36,1,0.2936857852042223,747,0,31.85995664694446,72,0.9492481855944449,0.9034469063136996,0.11535598482487897,0
1,538,39,0,0.4394774211877419,414,2,55.892386823633444,21,0.8076988356314434,0.7811357529888754,0.3654517675853638,0
1,634,53,1,0.9678199854130549,410,0,44.695996752935535,9,0.2808654084063017,0.5014966009700964,0.20291199819324424,0
1,740,90,0,0.7064548878920858,106,1,58.90315049191357,28,0.6735489117148336,0.4447314639091258,0.4515374501793567,0
1,447,78,1,0.6433549572923185,288,0,32.12213859863303,10,0.783231076483724,0.5809623449046873,0.3133947704232978,0
0,308,103,0,0.7642850690843366,633,2,51.50478996238864,91,0.2885012396464248,0.4221940671102517,0.48827650279783175,0
1,587,56,2,0.5339796448625329,428,1,53.197309186165995,65,0.1839972769425794,0.9035314062717603,0.12283488786389052,0
0,687,104,1,0.8064588011366394,129,1,21.943181659585967,55,0.4166017894861299,0.8218362640421255,0.46197918911939784,0
1,349,1,0,0.5145845583783021,530,0,44.94868273297526,84,0.2221789070757088,0.7382131966003775,0.17852788232402717,0
1,816,56,0,0.8610905478851716,412,2,14.757122654662027,94,0.6091405345938063,0.9337795020902391,0.3109837311501895,0
1,577,118,2,0.4138360656612037,736,0,67.04780082851366,57,0.4817034186160736,0.46605609986204266,0.08725410672362016,0
1,599,4,1,0.42203732743841943,221,2,25.235978422688582,51,0.5161819042908149,0.8286758499256199,0.37989256006941213,0
0,434,30,1,0.6179066443413881,609,1,42.166614355958785,60,0.5885771296070867,0.487979324159905,0.48912521701832523,0
0,446,12,2,0.5446089266893881,783,1,44.92647784604287,16,0.9838469313483413,0.43655525606121093,0.3937130581960598,0
0,789,35,2,0.7184926754277563,631,1,30.567974163256984,90,0.813372099760998,0.4797427044228193,0.3078983712468021,0
0,777,77,1,0.4914326037388632,374,1,72.73807023703685,29,0.6665243454845656,0.9705640544251707,0.22410698770653498,0
1,458,52,0,0.38444051925629347,39,1,34.62457765085543,71,0.4273350530314025,0.6642600307948234,0.17261815390337698,0
0,683,31,2,0.5758468503063209,293,1,40.95310229689084,36,0.12436241782326862,0.4293974177337012,0.2095063082592581,0
0,462,102,0,0.6487651995977171,297,1,34.65752534689566,4,0.20487484964687658,0.7501807889529002,0.16414415638250118,0
1,740,107,1,0.31408004306375237,861,1,34.530125691925974,25,0.7577805254854454,0.5198284396795387,0.41635493350247943,0
1,488,87,1,0.6453749005865324,659,2,43.3652815295116,69,0.43228353541773057,0.40410184615586014,0.44655556161374904,0
1,714,68,1,0.4554053641983175,791,0,55.54582802385087,79,0.40099369225838033,0.8550314766664058,0.4748288428548693,0
1,638,52,1,0.5139615078948063,600,3,47.40196729140904,0,0.9000805227317642,0.4929178473519185,0.20918116095392514,0
0,480,80,1,0.423454503250625,224,2,33.622069519281105,8,0.536058001462394,0.9654918834159257,0.27310960171754617,0
0,587,7,2,0.9451282622344479,591,3,44.905623074249036,84,0.9096193516717987,0.7556799212719436,0.28844771052124446,0
1,486,22,0,0.7466690250241712,436,1,24.494920824076768,70,0.8979746593619797,0.45219749352438415,0.32554408868916934,0
1,437,93,1,0.40996824912054675,325,1,62.748919791358816,63,0.17216316254309902,0.5306946572032977,0.0012281704459364828,0
0,429,75,1,0.7160250676415603,126,0,37.410538635318034,78,0.950826680590182,0.7665067823559064,0.4213448357168343,0
1,493,56,2,0.878857927665637,491,0,38.21307282847493,23,0.16925939524680167,0.6028676368290862,0.13407032701623206,0
0,615,97,0,0.5213041666662149,668,2,15.807767086282023,4,0.9671555037224915,0.7192858306294558,0.23608203437314135,0
0,443,58,0,0.8639660073249458,787,1,37.399543547409365,50,0.5073534258394513,0.8797072279578221,0.420784128522592,0
1,315,93,0,0.3235319554719939,116,0,70.23483319428004,37,0.7847746081791186,0.8755609049425319,0.4984280734753449,0
1,601,64,0,0.8582250918929344,106,2,54.17281640556189,28,0.735529930470868,0.8187920823898376,0.39744175239275953,0
1,722,103,2,0.6322353941378931,745,1,61.634956786855085,45,0.5666454768920757,0.9316325836779917,0.012416618642988264,0
0,544,12,1,0.3783795904079857,512,1,46.749161934484086,51,0.6575093369520789,0.5196164149467377,0.184377085390453,0
1,406,7,1,0.5257131076447292,175,0,5.697642182287304,45,0.9549263633492753,0.5063448931306085,0.12360531806650243,0
0,387,55,1,0.9903943939572935,690,2,46.04403110457312,74,0.9346163415969163,0.8796097097520583,0.48206586645271965,0
0,428,103,1,0.826844813313941,140,1,48.018194562897186,67,0.6888934452331782,0.5925336077366894,0.132114458238817,0
1,640,106,0,0.6600690891080923,670,1,58.43458711744594,58,0.6919468110410727,0.7073094478674689,0.47167509516972156,0
1,303,62,1,0.29213112952362047,794,2,44.448895416511284,9,0.32224482405265426,0.8463712892317274,0.4687587567509503,0
1,626,112,1,0.5342492663212002,707,3,33.42313486496347,97,0.8457611452463114,0.6375594155766087,0.41970515646265527,0
1,709,90,0,0.41044121120954985,326,1,43.51199251245805,3,0.6693429997018692,0.478097380116528,0.049035883349120346,0
1,605,104,1,0.2568008636043122,455,1,39.86609602640368,51,0.8436239127985873,0.8076743210723749,0.0009976140032422753,0
1,524,73,1,0.633763510975452,678,0,52.85466855053818,73,0.6920671692591789,0.8902956321087745,0.3969415421068568,0
0,647,105,0,0.9113485598727009,820,2,43.545442234970366,96,0.36938802342845356,0.40767837014852154,0.42164952879563294,0
0,620,98,0,0.7404798945393001,363,2,30.14791662383653,17,0.27053326245773196,0.7375312697186469,0.48109084661580703,0
0,480,109,1,0.39974431038440894,552,0,53.503497278081916,75,0.1692692598008399,0.6816430554385382,0.10919130572638958,0
0,685,77,0,0.6588676855630313,612,1,33.91713748036209,50,0.6273954390341142,0.5557576039163745,0.3665732339621245,0
1,407,55,2,0.9545874266775751,700,2,40.260050326750324,22,0.35564622175786154,0.4966171402719569,0.2595322087155972,0
1,830,119,0,0.7783320423383484,757,0,38.041229395172095,24,0.6674585631317328,0.5128223867746662,0.16424110259803737,0
0,709,36,1,0.7515791195254111,567,2,48.55834446051187,59,0.1527908003953944,0.8349839105348267,0.30314550502951226,0
0,595,89,2,0.974526532982013,827,3,24.430756646125914,36,0.43809675850506435,0.7217170804861719,0.27409969679398277,0
1,470,24,2,0.8390986489472199,191,0,45.481623687469146,67,0.33449789383279804,0.9886926288009674,0.14614719963900152,0
0,630,44,2,0.30929883447900175,459,2,61.20658597253173,76,0.4333006702010018,0.5459384789512921,0.13423123106590085,0
1,792,17,0,0.47810806958096114,643,1,46.43657123483165,17,0.14885508678092838,0.974142506072648,0.24329011207363566,0
1,494,2,1,0.9721125605901488,98,4,34.988555689898675,28,0.7517632769501019,0.7090657356030241,0.23701825424303968,0
1,311,13,1,0.5917643153583982,162,1,39.51522796726778,29,0.20502759982867594,0.4876158265893986,0.1510263515839982,0
1,494,31,0,0.28930995625694833,218,2,49.43621679705176,91,0.11296236371333794,0.4889074256195759,0.13186557902018436,1
1,789,93,0,0.5668839037378735,752,0,53.40446252297763,6,0.9516601912504001,0.7651407942940947,0.47715370457048495,0
0,481,114,2,0.7575945872566405,784,1,67.55905119249392,87,0.27358874412854495,0.8988536479791355,0.4311852523726902,0
1,615,28,1,0.9980385773449929,707,0,20.61386126512987,40,0.8452551686009147,0.8486269151521086,0.40838955271226685,0
1,329,60,1,0.4591242532505615,602,3,48.951566529760804,73,0.9680235397814119,0.7933764055813599,0.1071418843385033,0
0,395,27,2,0.611269499903419,308,1,47.78088960774829,36,0.5807090796118858,0.5032648374929434,0.09464551749290057,0
1,680,15,1,0.9037445637198351,459,1,43.99861232734006,26,0.5735063440427918,0.4650040034625634,0.40466450914904917,0
1,743,95,1,0.48421377444586683,654,2,50.331593585406914,20,0.43067552048506874,0.4001488142250865,0.09233717384612394,0
1,597,104,1,0.2874092452726858,571,0,41.55696094784653,99,0.48303537829785537,0.46107631674036176,0.2517679678775181,0
1,660,79,0,0.9591487000012033,864,3,30.017794335230583,42,0.5338678572580061,0.8598199644900304,0.11071089338512663,0
1,673,33,1,0.5907526453708001,190,0,48.20288888892709,50,0.2368849633485663,0.9371490495934226,0.18903489183507605,0
1,602,20,2,0.6022269686175774,775,2,54.738817496568906,92,0.42826305154632327,0.5442102753132512,0.4267271137047715,0
1,720,42,2,0.6969601156833458,482,1,44.29029162001029,70,0.8344975983485007,0.8769365442700516,0.4457091716263133,0
1,545,12,2,0.2028292989625797,880,2,60.890138150411246,12,0.2641583076233252,0.5193092593647887,0.49833962544089677,0
1,536,101,1,0.9449049404550793,199,2,41.43904309851535,52,0.7568679222587038,0.5495630100149209,0.4719521400075408,0
1,833,73,2,0.48916086781963336,859,1,51.90848817902316,86,0.6864279402413717,0.5344948566353216,0.3356253621928676,0
1,484,23,0,0.517545489907479,727,0,21.273851807481847,62,0.15156799775439322,0.4310379454295028,0.21586299709882067,0
0,767,72,0,0.339287398026588,86,2,78.63646736191407,56,0.1201859815939124,0.5164367608600988,0.028846187645970967,0
1,662,96,1,0.5025212906339689,269,0,41.58631020972235,24,0.41727561632051413,0.6241260067643856,0.30408305675173974,0
1,582,112,1,0.8431548246208418,798,1,37.6772043289563,12,0.722953249418657,0.6432818292329741,0.10534033100202284,0
0,635,14,0,0.839993338044428,387,0,41.01373138668234,36,0.3973761346245954,0.5856798483358975,0.4250681419148031,0
1,461,91,1,0.9486374727163622,230,1,30.76823871634571,29,0.7009599705404445,0.7088351713863201,0.27444943967486013,0
0,459,25,0,0.5225835781446366,473,0,27.472251708220703,89,0.6989123287251834,0.6267989394998941,0.3667508414480685,0
0,773,77,1,0.7669772029988675,866,1,45.61566492155741,11,0.8258991603618419,0.9822187877044513,0.33674751734351305,0
1,621,119,1,0.6057900441660458,856,0,46.71173625200025,64,0.1895370532334603,0.8844102725987589,0.1736655959156665,0
0,311,85,1,0.8432182316153047,331,1,48.358135177033525,17,0.6194160020687173,0.9585864075657531,0.3795430251063121,0
1,723,109,0,0.7700336073063976,135,1,44.49086635663637,84,0.15624740761598305,0.7344561677276219,0.4216876219345099,0
1,372,31,1,0.49432234022902055,831,0,43.753679952757444,61,0.258352426246004,0.8070037772327845,0.37206521818432214,0
1,500,101,1,0.469339067402954,130,2,26.95385983865308,23,0.39295081257052833,0.5000058250607167,0.38840339016214853,0
0,821,112,1,0.4019539704223741,126,1,37.689465829799396,59,0.7366503163865193,0.8516714543422795,0.1800077698333658,0
0,804,107,1,0.6612126323909102,694,1,47.41911890704653,16,0.9764901775036733,0.541582666699164,0.4718439663741185,0
1,338,54,1,0.9710742812750877,58,2,36.918882632179766,59,0.4082687329473196,0.48749975664050577,0.21228605917803806,0
1,359,5,2,0.3600533900940528,535,2,49.382529777708356,8,0.5690300368624158,0.4251156092434969,0.4485251092732322,0
1,620,13,0,0.2762019639234602,694,0,42.9718573030477,51,0.3331500358801919,0.6833381497611792,0.42890469490400784,0
0,734,28,1,0.2955205136610509,467,3,42.85619651613933,91,0.7079406585486532,0.5720735557776102,0.062165487689214205,0
1,707,43,1,0.8264789410001201,408,1,48.10903129695322,14,0.4299272811554018,0.9920363035817131,0.4831352797958088,0
1,685,89,1,0.480083843427651,102,0,52.27714643472357,76,0.5334365560944498,0.5499005812094878,0.49817084269168505,0
1,377,115,0,0.3794934621539038,283,1,55.62031793801604,27,0.6110315882655659,0.9199259681911924,0.30307325836450033,0
0,493,99,0,0.48227529469880004,545,0,74.74563837525784,80,0.717618096916549,0.5898632614787966,0.39155502542997406,0
1,584,47,0,0.7162646502636174,778,0,57.95672854750287,8,0.15404649516077795,0.8494761113874474,0.4668435187759082,0
1,826,103,2,0.637429699862627,579,0,22.793341124659257,55,0.5994109844079344,0.7959047860418231,0.010012195234815002,0
1,823,71,1,0.7948715252169809,49,0,28.742067929154175,84,0.48804768803299237,0.7370701327970094,0.46499501214899075,0
0,455,38,1,0.47125931878542104,654,1,40.88029812700576,93,0.2203885778317004,0.6500949660724609,0.31368306887955394,0
1,639,96,2,0.5616228587717483,564,0,33.5562446404364,74,0.2872330014982255,0.8026630077067558,0.41422820018464157,0
1,424,67,0,0.28157469517033884,450,2,50.85745290722466,93,0.8955010819901238,0.6443670101301151,0.27036113650993665,0
0,579,62,2,0.25844691682622517,475,2,52.448885267854514,35,0.8845984081902131,0.7288601405963919,0.2652730196967582,0
1,427,109,1,0.5698041942752804,165,1,37.747311171951225,55,0.1299972289813074,0.7538810421015814,0.448759102872305,0
1,613,39,1,0.4412772859567389,534,1,62.845127972775344,88,0.720461342112627,0.5604131320222744,0.2537360032423877,0
0,631,37,2,0.6902404577089047,789,2,66.81300018413735,70,0.5987685818236187,0.6038418863832339,0.23589469056039786,0
0,449,119,2,0.23440173235565753,330,0,17.822580863166035,19,0.9458342588325237,0.4108300381346819,0.3040944042141957,0
1,753,114,2,0.2974131020796524,638,2,23.566830682067344,54,0.9172051399201742,0.9112953960368705,0.2592849905811791,0
0,335,86,0,0.8921526488851161,62,1,61.458602273392444,59,0.6216057215671258,0.8535898865803808,0.22314347806922613,0
1,719,8,2,0.6530492972152837,676,0,58.047434781000504,34,0.22505942918665328,0.5101182719817534,0.09026191411389767,0
0,321,81,2,0.7696436269529818,796,1,52.539777264049825,73,0.5138335213023701,0.6172290700051353,0.19870024356656735,0
1,505,52,1,0.8735776949658367,307,0,45.16409613863886,98,0.7526479302361052,0.652641689805417,0.14102285041717194,0
0,655,91,0,0.5710674743600418,162,0,43.45324781017191,0,0.9565629715808842,0.6006272152000529,0.20023236325758514,0
1,739,33,0,0.8088483071739809,779,1,53.04899150141017,77,0.4274464651773243,0.8789456839636538,0.2965791476564921,0
1,395,110,2,0.6196684632588194,556,1,47.64714963719237,44,0.8062043283581967,0.8352524236692911,0.3044258685487053,0
1,463,81,1,0.3781990162189631,818,1,64.61584060464281,68,0.7150066779535513,0.8602952380847173,0.11933073914635434,0
1,447,42,1,0.47012493504075165,155,1,34.78134077258815,39,0.1704634994280359,0.942478030560612,0.0422393233079828,0
0,829,76,0,0.5922803528445286,374,1,45.26993192782291,37,0.6021791652576591,0.7570907535402276,0.3722188445170817,0
1,593,112,0,0.4535084417378166,46,0,58.35502972473105,97,0.2651579501854473,0.7687205974168326,0.26428534637321416,0
0,494,110,1,0.4684221530799187,853,1,47.46627280687615,23,0.7151943629599881,0.8331604717883396,0.22105067481849816,0
0,779,27,1,0.4699142649990131,591,0,55.0973900294147,3,0.6490763622465753,0.8087395567904063,0.06479773440227127,0
0,422,112,2,0.29827198308568337,676,1,54.87932713123125,90,0.9757432824704498,0.921887811039377,0.20733187547344112,0
1,699,8,1,0.2677140857698011,659,0,38.62738525854866,68,0.9418443986123285,0.8621189235067268,0.4090877083102747,0
1,751,23,1,0.23719683175304349,407,0,29.689984051473026,12,0.10843555023899308,0.47227516988728513,0.2907178147322772,0
1,403,106,0,0.2887650088274694,847,0,33.78325440421948,20,0.17202648715452967,0.957015169268672,0.04548775636795721,0
0,761,113,0,0.4749656737084944,89,1,28.74350344743767,31,0.7922208802866051,0.8098595741807215,0.16613756656367973,0
0,695,64,1,0.6750974446264457,666,0,17.16022878505267,37,0.7170787656784692,0.47628755549581225,0.4899010129567932,0
1,636,93,1,0.3505175417675272,496,0,61.3764204615218,94,0.8208510386652023,0.8631842414295596,0.27225373570103645,0
0,441,114,0,0.9104070768021104,657,2,16.70965489697505,31,0.34013343040149124,0.6150475178435227,0.1431980397979512,0
1,616,20,2,0.8467059449915595,420,1,72.92190337018897,78,0.864390491886229,0.8835867472219019,0.45672237310096025,0
0,826,16,1,0.616421690247331,714,3,37.083190025841915,56,0.4981775247893223,0.9732435657941302,0.16800031700169427,0
1,700,17,0,0.7793678646506879,216,1,40.82467025671208,47,0.33571763620699757,0.5531452216653578,0.36495366724957423,0
1,609,80,0,0.4930628197590068,527,1,22.276597513855545,29,0.10954697282640313,0.9144466276509455,0.07361025285905981,0
0,794,19,0,0.22942223418647192,629,3,50.768502809131014,70,0.8842276313376344,0.8641368220863631,0.07824655704947003,0
0,408,8,2,0.9234662780260319,744,0,41.08661595769802,37,0.5818094643161552,0.8027109401202803,0.28065701016442773,0
1,671,38,0,0.30223479060625763,390,3,45.91646452933648,94,0.9778438753767934,0.6309523267365482,0.11991165928751707,0
1,505,38,1,0.9583498771037211,852,2,33.19314674519601,43,0.7432132506105336,0.465917257266676,0.02466604326417382,0
0,342,53,1,0.6575060706128881,861,0,52.21223659783688,25,0.17237542914080073,0.6903380967519561,0.46323271998783366,0
1,544,93,0,0.44445044881714396,478,0,32.641238890738485,99,0.6293720677619281,0.46339997786649434,0.027994774307291637,0
0,586,105,0,0.5964196986494757,723,1,46.18149344456012,89,0.11541208584101276,0.7000883361269952,0.3587189433478326,0
0,654,100,0,0.6013038471384753,893,0,51.929725663432286,1,0.6020036687916389,0.8921759624653418,0.16649291134872984,0
1,775,90,1,0.21862966355406555,709,0,66.76963569450449,42,0.4151814967891727,0.9985828806405779,0.46675248255515484,0
0,382,31,0,0.4843678815073109,210,1,57.08851414666176,42,0.678966251246889,0.5188052268958654,0.4930261945867135,0
1,409,44,0,0.791892639634334,841,0,46.348186806032224,62,0.5874167856216437,0.5247148254082135,0.1677153256655331,0
0,489,60,2,0.6080553511605664,159,2,44.88047962708179,72,0.33521529107303955,0.8865299991514415,0.295553409801731,0
0,550,76,0,0.39538409360766735,178,2,49.701180789957725,57,0.24611554819524162,0.681435179378326,0.38649237728547586,0
1,590,119,1,0.4680878880295552,501,0,56.500681741983314,47,0.46424033770757467,0.9494827576191291,0.06170467499164267,0
0,500,17,1,0.8904435144927594,847,1,33.835323183643396,4,0.9881526833646441,0.8613977425487287,0.354731151936458,0
1,625,79,1,0.6204397361201837,750,0,58.54814001196847,90,0.4921287764943445,0.8418566588381153,0.45309874220783036,0
0,810,73,1,0.6226816980409888,652,2,30.945086566199365,75,0.7739084240400624,0.4611722251927941,0.08925127363601226,0
0,708,39,0,0.9691739672408082,529,0,51.84469586938037,34,0.15127617304483365,0.42152533910445406,0.419355045664175,0
0,807,42,1,0.4567051192293147,678,1,53.12140695862805,92,0.44097918797566327,0.5900576917959168,0.05780173633546848,0
1,371,48,1,0.5836329000849827,384,3,34.926523679991305,15,0.6222907334791035,0.5303790165093721,0.28415084827113474,0
0,546,12,1,0.8493708781766671,240,3,21.864290873306047,82,0.776076861995634,0.8273853315571079,0.16968183463989933,0
1,643,96,0,0.8071297991096238,687,1,41.031464510935216,48,0.5755452915853541,0.6704402344996303,0.23585793028643742,0
1,353,89,2,0.4126395375429381,625,2,5.551937471113511,59,0.5637659912207031,0.7138878247773515,0.15031609230223347,0
1,827,103,0,0.32087283808430866,59,0,42.32453534188389,50,0.7875162213374521,0.8882448897231394,0.13026968580673376,0
0,831,18,1,0.7605636609498947,606,2,26.276391248206828,90,0.38195894558701027,0.6871028090594256,0.37156959495386827,0
1,492,79,1,0.40612494144575584,53,2,91.69877516847437,81,0.1815494687842533,0.7269557924832395,0.11155660738055428,0
1,357,96,0,0.9381406628193929,752,1,60.88042839637109,58,0.4124354239156651,0.9053921598448132,0.20420652208514284,0
1,736,6,1,0.3033981551913809,251,1,46.082992923745685,63,0.2430966119044912,0.6588014855845077,0.13727853965841386,0
1,410,108,1,0.4546521601078213,631,0,64.98615087631073,12,0.96934978372009,0.4498760247481594,0.11931754205908585,0
1,428,43,2,0.24382979753993103,647,2,55.57552661001942,93,0.6197603927290225,0.7130231257557895,0.31354805551036036,0
1,625,116,2,0.7626442454907025,713,0,27.546902391656722,25,0.5019403881948568,0.7476170105397085,0.022714308129011263,0
0,307,35,1,0.9130101191323188,771,1,35.618462970005645,69,0.9208466903409106,0.7070780825877958,0.3944493685018543,0
0,328,98,1,0.7086996218648056,618,0,60.44200512338995,2,0.9103252486303929,0.5548297103308705,0.27311703197669407,0
1,411,102,0,0.950202412409187,609,1,30.59193849612936,86,0.4741275511667886,0.5342140409512768,0.4142186980536696,0
1,430,54,1,0.30280318280096774,430,3,50.929770799812786,11,0.8872546260248293,0.6218538231591049,0.10650799169906405,0
1,487,62,0,0.2701871418101591,894,1,55.12136996355081,40,0.15762333982871107,0.4997372431022079,0.3547030204202779,0
1,774,69,1,0.8707301849338966,633,0,41.090349959173125,78,0.8971472307992922,0.7996142075643009,0.21029192071591046,0
0,663,82,1,0.8844089403092061,541,2,47.28494834173189,64,0.37952517569988853,0.7688049407677866,0.03840198858285149,0
0,503,16,1,0.8648316216857026,117,1,57.47690887943598,62,0.6086100559065591,0.7794373694072703,0.3762381961061659,0
1,511,8,1,0.8391719220269966,494,0,56.761344486187106,49,0.3427197249451519,0.5348784958839647,0.38109361769972416,0
0,575,89,2,0.4897826911509282,79,3,51.72265990771406,46,0.9863196014524055,0.5479174085223304,0.13545843294524235,0
0,372,96,1,0.37396966687311023,132,3,44.80568477575644,7,0.16460198500265222,0.87243415547125,0.4580230094790586,0
1,542,90,2,0.943043215998232,397,2,53.81033657629848,30,0.502259758102586,0.8140670635351093,0.3819848983833624,0
0,401,116,1,0.4456001462786672,521,1,14.676955729451656,10,0.6588893393502051,0.9251079095005247,0.15337868456169468,0
1,470,86,1,0.5187261457312258,587,1,67.13369444532056,16,0.6540510271035614,0.6421034306660772,0.11955447120270435,0
0,487,31,1,0.7596471675613066,720,0,43.01164020539871,26,0.7648825507883594,0.7283966992586517,0.22004477785691462,0
1,740,107,0,0.43468486399519013,808,2,33.975489769849204,94,0.7519737936898387,0.8432666235582481,0.14639490738895566,0
0,385,10,2,0.855304177248801,297,2,53.99195877937761,26,0.8138284346802731,0.9844929814195339,0.10851152695725369,0
1,775,56,1,0.25602769890542504,426,2,53.57144427369724,77,0.31085866854072247,0.9937790877074174,0.19955037861261965,0
0,351,76,2,0.8329461339111477,349,1,30.353601124626906,86,0.4334558440617051,0.9995052474869682,0.012852111413174494,0
0,410,117,1,0.6814810580942434,549,0,46.013096686049195,55,0.4438298043822454,0.9343158898388838,0.2007055353406909,0
0,342,92,2,0.6583949152908743,478,1,45.56002615666069,68,0.9602556948191279,0.7837904914822469,0.11083131410865082,0
1,510,70,1,0.5667016313109285,806,3,44.58124614048779,93,0.4683806713766874,0.4041825704736717,0.13216709348799222,0
1,499,20,1,0.42163647702673795,505,1,69.36029699208966,97,0.29968228963420923,0.8197262579666538,0.041276643116103184,0
0,325,5,0,0.5712562283449893,619,0,44.69766995479006,46,0.6691099837525756,0.5431597096821648,0.2944658418178109,0
1,598,23,1,0.5600228096149499,269,1,43.05142902752293,18,0.4845402233427054,0.43430028838614626,0.23600461378631804,0
1,376,9,1,0.6670033510264559,287,2,34.79448350265217,56,0.32507205680417345,0.8183106573670818,0.3753136889448895,0
1,436,58,0,0.42525942868442423,737,1,32.62740718911401,30,0.7436219270123811,0.853606556305716,0.49354931258967366,0
0,319,59,2,0.26207646558091924,871,2,50.880638728778,15,0.2727327579829556,0.7956598721006498,0.05976700423939457,0
1,739,93,1,0.31607155731131065,672,0,37.95269865745625,44,0.6700186365934135,0.6191018702897538,0.13621254447671277,0
0,510,80,2,0.7593419451692582,419,1,42.181059347988906,26,0.48747763876336936,0.7066024744474739,0.34122706402245206,0
0,734,54,2,0.2179938637084324,372,2,47.97252724773381,60,0.387250447897605,0.9609685761974485,0.11865600455072545,0
1,506,46,1,0.8851544357163441,802,2,45.95534178911043,25,0.9513840407385711,0.8377665795861653,0.015073757758201134,0
0,738,22,2,0.7555178619839307,783,0,47.02441585373142,28,0.39196675703330197,0.7028105400996015,0.05490331197398274,0
1,341,64,1,0.8144692330461731,416,1,46.969752497400805,43,0.4127566367349714,0.7560694911706434,0.2168134637292401,0
1,710,8,2,0.8687875592747798,423,2,54.36900777336084,28,0.8835745277198539,0.9566101590078139,0.21539232606134695,0
1,822,20,1,0.29816835514414497,712,4,84.61546167993713,94,0.21613902658794393,0.6362695133618065,0.48615234531344564,0
1,726,51,1,0.857960872776053,688,1,63.43966037861961,1,0.19726187468145495,0.4611062292916542,0.23297501694888373,0
0,574,78,1,0.603713950127245,299,2,39.565648440330705,5,0.3544370056760523,0.5954957450218429,0.33903385373424666,0
0,747,39,1,0.9084190710025577,178,2,63.23260207534619,8,0.6324723309470138,0.6491201288417718,0.24610050085667196,0
1,668,37,1,0.9092692808482747,409,0,29.19313803986182,14,0.4458701440991242,0.563778321916293,0.1349592494564133,0
0,519,50,1,0.21934243500333617,840,4,36.506136466108956,83,0.6476990327521076,0.7173834431500301,0.05272553255730006,1
0,531,34,1,0.5062921723868312,57,3,55.603243818999786,57,0.2437755679399912,0.5829147250876464,0.42953700804494843,0
0,627,75,2,0.6211190366922188,178,0,55.13799611906194,1,0.33530576389061234,0.46190775122942956,0.07633134721761259,0
0,742,118,1,0.7426880718263216,449,1,54.02304027770406,2,0.6086461004312245,0.5128411081636304,0.04844680796143286,0
0,351,104,1,0.4289489973473072,309,4,36.14553172242604,51,0.29543428203285915,0.9508936500538835,0.1069143055145203,0
0,675,33,1,0.40171380853172184,211,3,36.24834335308376,54,0.4805241674414005,0.7777573774605162,0.0012443196174701798,0
1,562,31,1,0.5050125752712378,195,2,46.967271641256616,52,0.6153830892925206,0.5885852276578303,0.03598257491249646,0
1,566,54,2,0.6007509533999156,46,3,41.21565407444081,93,0.9762858120528229,0.620150747500264,0.3175983842170524,0
1,658,44,1,0.9609169851243307,179,2,58.32263620520239,71,0.17189799208983386,0.6960299028454151,0.12177380342894756,0
0,616,34,0,0.80968677335795,368,2,40.83998969699004,39,0.5143725807138144,0.803878020137623,0.1692560478209605,0
0,623,114,1,0.5434569335501642,74,3,40.39780805864486,84,0.45664386466791784,0.749307933906262,0.41764987742484644,0
0,720,71,1,0.24349294275214703,531,0,20.61238097124604,38,0.8418171245060602,0.9596188747377649,0.38644979146944064,0
1,345,113,2,0.3348164737150075,871,1,58.12995351171878,42,0.9102674071255908,0.7754492959433856,0.24612405051868141,0
1,568,118,1,0.5647395394555337,218,3,49.8356605844178,12,0.9163118516782285,0.9464751877629649,0.3064883291302137,0
0,680,62,2,0.8510607200789635,680,2,10.709962020095624,36,0.43762538173743437,0.40325809549873926,0.04290563922011065,0
1,417,23,1,0.5045564285418751,90,1,51.675279898627615,54,0.3741896322059338,0.9343356831531678,0.38079735074067894,0
0,415,46,2,0.6307973205960478,323,0,38.98234641848179,31,0.5042235254095763,0.8328751527796265,0.25809573334762603,0
1,559,56,0,0.9134439088680817,863,5,56.63914618105258,13,0.4095876753746227,0.5033160724672516,0.2854745509713137,0
1,374,7,2,0.9310370075413033,62,5,43.42335190330364,64,0.7469658825113742,0.5578228115470307,0.3327634827181705,1
1,779,118,2,0.3726199971541515,328,1,32.93438406297246,26,0.2922139437666243,0.7256859994983289,0.25008764955135687,0
1,604,89,2,0.23487593743407553,444,2,70.93570884288945,23,0.6928156756664932,0.47496289321032575,0.26084631509512873,0
1,306,61,0,0.44432842477721196,653,0,68.57951978081425,21,0.9342887797940508,0.8712209614672275,0.24981779341143884,0
0,665,3,0,0.7566418518606242,832,1,42.21480611723574,77,0.35192221272649893,0.8747043197334561,0.24840873907178518,0
1,822,38,1,0.9608897607810132,578,2,50.589579581448,44,0.7092015549299419,0.580569393193049,0.3751026503541615,0
0,647,84,0,0.2616255999872912,460,2,38.11160834197152,7,0.2292050094016405,0.4418902029836776,0.21360426359040002,0
1,737,34,0,0.2227870484394172,524,0,19.402663084800047,90,0.2092455478875332,0.9933084755401447,0.0014466592483685647,0
1,514,113,0,0.9073177703885775,129,1,64.76546522958574,66,0.2040800302583794,0.5504373275465949,0.30603158806094105,0
1,728,44,1,0.7985162152825129,52,2,33.03387752315271,63,0.224675352860814,0.44053519079040704,0.4763312374631417,0
1,797,108,1,0.9937988633244603,449,1,64.10311095820461,96,0.2945483832784978,0.5979789756301335,0.12847991539578246,0
1,839,30,0,0.5174343051725225,453,1,55.45842269093745,46,0.6065474460416149,0.9814019573045759,0.40809666558608326,0
1,666,17,0,0.5328407241094155,516,1,49.30739264244267,20,0.7902870837539837,0.8757565676511969,0.22774510414154003,0
1,612,59,1,0.3378494698379597,759,0,44.38625084468025,31,0.2141713213398242,0.688199847886086,0.32149103495403003,0
0,837,10,1,0.2926777220778708,118,0,55.52162075725774,44,0.8830134465316523,0.5831982530354082,0.44543686556369266,0
0,353,99,0,0.6629744084721905,238,1,31.043865240896743,43,0.8584446559872033,0.6539836591284812,0.38550680639913676,0
0,840,84,1,0.49142800103586604,300,0,65.01625349318384,40,0.7546492238526024,0.4104193649383853,0.44228669422090405,0
0,766,18,2,0.26425315835619606,778,1,47.14811561659495,95,0.48336921951532574,0.8310222888648016,0.004759989438090528,0
1,463,45,2,0.909589655618656,435,0,67.42536779454235,51,0.10140151134297326,0.4597865629311059,0.09365749232167553,0
0,633,108,2,0.35868517459946647,750,1,43.16534435896086,87,0.7612884471702671,0.7114225461245843,0.21174720628290455,0
1,846,91,2,0.7988674776028264,307,0,47.13755848008019,10,0.8910875302087955,0.7395070317175418,0.4239208987265516,0
0,647,59,1,0.4257828768944889,235,1,48.958387777448706,84,0.4017577385546758,0.40101386458137633,0.41919596608676346,0
0,572,62,1,0.8503238646022393,619,0,53.640051750192605,17,0.7461888050990069,0.9879271755864588,0.09257016598697376,0
1,713,59,1,0.29471747314212327,357,1,72.16309850391738,10,0.15584285292515354,0.581283422613332,0.07112121654786069,0
1,799,49,1,0.8048572881774092,639,0,38.42896621828509,26,0.7385453843244785,0.4463345505952695,0.41735121759826616,0
1,392,100,1,0.27849509912041,887,2,43.08147137252247,42,0.16147766876400377,0.9126331349556941,0.2707171470153773,0
1,378,63,1,0.5575326302855547,891,5,44.71147366321612,64,0.6284677022998139,0.4911715624308072,0.313384877934788,1
1,516,87,1,0.7872034804796837,365,0,10.268319939515735,53,0.6377979573057643,0.41497308173469316,0.40460303733278996,0
0,657,32,0,0.33857470494952047,635,3,36.67639695017001,28,0.37194089898143756,0.6968144077557383,0.10587323179358088,0
1,806,10,1,0.4285319910773784,621,1,37.65228865302245,20,0.17121045436905835,0.47795019147854406,0.06824239995237003,0
1,480,11,0,0.8918135936737581,67,1,84.57154014012735,28,0.9544012972411935,0.9894538398123285,0.42952213139207795,0
1,545,102,0,0.9080954567261168,257,1,48.87706028058332,8,0.5820196636149518,0.4062465919675095,0.055887052958101646,0
0,543,70,0,0.235948361962181,512,2,52.40223478457828,60,0.6217823126114763,0.4307184065131792,0.0440904253480382,0
1,805,105,1,0.3344724682823802,163,2,22.970017100112283,61,0.6535188001274264,0.8999703798393814,0.13853758780835512,0
0,721,62,0,0.29397755221828725,737,1,44.05908181530454,70,0.9019431342335396,0.5438510176228155,0.15842443010037177,0
0,619,47,2,0.34375447572104245,419,0,59.04147966866373,94,0.15423008009208183,0.9469580520303665,0.12056767702560078,0
0,386,34,1,0.976150179445018,823,1,82.74969833690798,90,0.9039589910672795,0.5866822320849758,0.3708116362501078,0
1,516,100,1,0.6413241990323653,642,1,34.73553030894199,95,0.3157088577501467,0.44186959081624344,0.4866770563964948,0
1,789,101,1,0.5744899123639415,454,3,17.76631065315728,4,0.1701552246367127,0.4063550794249214,0.09979567136231715,0
1,818,17,1,0.9875738984740929,616,0,33.36948623120138,96,0.6915392669181982,0.5695403662343055,0.3909260947660733,0
1,577,104,1,0.6455649038885883,835,1,33.43010787663957,14,0.9792780798310152,0.6842383452975396,0.022121105134058405,0
0,468,104,1,0.7288943418764198,539,1,33.570341524400284,56,0.1515178596759363,0.40060966655564195,0.05945133020941051,0
0,629,54,1,0.4662164368393442,749,1,58.61260594455939,4,0.4835096362336293,0.7486643215263366,0.2575587084894812,0
0,740,76,2,0.505691891607615,624,4,50.141760657359384,19,0.5768060728094072,0.6001969352048391,0.4998044347461127,0
1,690,85,2,0.6755275070472584,456,2,28.073718635204195,80,0.3269070676931411,0.6340921176174469,0.4746828248906823,0
0,795,40,1,0.2558286272003718,684,0,66.24304983125951,3,0.9845849342376712,0.556846568918864,0.055971470086299935,0
1,680,19,0,0.40470630883582015,503,0,73.3955421810528,55,0.6768668931434447,0.7174271232646376,0.11984345802294721,0
1,605,67,1,0.35744939956824573,597,2,19.42486840892311,84,0.8599156055620403,0.5380735731808863,0.47289592486198084,0
0,812,82,1,0.21271471451200288,390,0,62.6647197673949,33,0.4741999137745423,0.4808932516938823,0.07536195301782211,0
1,487,53,1,0.6295210164163376,828,2,42.44822887153162,39,0.41856029843033593,0.9343882492288269,0.37139448761383265,0
1,815,115,2,0.6488422716191034,240,1,30.869800048221492,68,0.597842105392983,0.6343329898183315,0.0005540117038426162,0
1,726,64,1,0.5071513784298072,208,1,23.172075063097147,67,0.4917505983639757,0.4461582101325951,0.3158560513375862,0
1,801,83,2,0.4149819755718327,87,0,38.208225725445196,21,0.743453249623115,0.5381936527397989,0.24730021092136145,0
0,559,47,0,0.7216479007957,102,0,37.17216813154268,13,0.3392362811906152,0.5859657689204901,0.2355126398583825,0
0,812,6,0,0.3077273291075655,244,0,47.21240441267001,67,0.5046319279831597,0.8617877856091245,0.41459587537669734,0
1,370,16,0,0.6148920253082673,807,0,77.19064021010432,7,0.9056194725646538,0.4133532967176095,0.040367172623965664,0
1,777,72,2,0.814459188648496,102,0,37.38118010320403,66,0.7804971103089965,0.6869496930868686,0.1886660719550492,0
0,477,112,2,0.3314383871619778,496,0,23.901536350803994,45,0.251263148516105,0.6446154912140307,0.2230192724866495,0
1,756,18,1,0.802607630876655,300,1,40.04732137844718,28,0.8981783464524378,0.9810402409809547,0.06196327982860833,0
1,488,52,1,0.8086356073227183,528,2,60.63010491540401,89,0.6301149314006692,0.5080450073779669,0.04283327318716795,0
1,590,48,1,0.24794131858436394,383,0,41.28477812855249,93,0.7113584649452348,0.7767224476982313,0.08980715227866776,0
0,819,43,2,0.21502746086974547,263,0,54.772158700612664,11,0.3648309092643395,0.5213181310556377,0.1205238624899021,0
1,591,39,2,0.9791483247905559,348,2,47.549940622082616,78,0.49738983727209174,0.7290532325031046,0.48303028872860093,0
1,582,49,1,0.35470612759905995,48,2,45.91747324734986,51,0.8261312310156259,0.7330379395082736,0.23780685562584136,0
0,843,113,1,0.8577113672800825,654,4,68.80838630738334,57,0.3976085968868639,0.44520803791507135,0.2551445163362627,0
0,676,12,0,0.6494805224362389,604,1,30.478034861214482,1,0.24855545395917394,0.673870776518339,0.3534991024803679,0
1,455,109,1,0.41157772602959747,401,3,29.390106308742276,0,0.4404744216851325,0.6766936647759778,0.3421333989017952,0
0,807,10,1,0.3039763492950501,213,0,31.368097992066403,54,0.1622968006684493,0.591482004485288,0.25138870105648287,0
1,712,71,0,0.597341818862182,306,0,50.17983386205488,91,0.746070812636439,0.5662951322125926,0.16991919709225461,0
1,827,110,2,0.5258838493035599,703,2,45.80147628983153,98,0.23297131789677802,0.534578784469723,0.1655258467937198,0
0,654,55,1,0.7591088680936544,784,1,55.65195044157713,33,0.35661331635476023,0.4035646431248019,0.0288553669447556,0
1,486,1,2,0.9233348396381815,174,0,43.85929216524125,63,0.8929729049985029,0.40108977069338403,0.44981506963621276,0
0,330,49,0,0.8441984695707507,687,1,42.06595856358359,67,0.5864478921610939,0.7538723264743565,0.3846972618633783,0
1,559,36,1,0.41956164016384956,110,3,49.937348262648314,81,0.38920459653682815,0.5748783466844125,0.31167162065074716,0
0,720,21,1,0.9031465747618446,351,2,70.44687330366645,11,0.5929002010133972,0.5007331934699203,0.19804087160711215,0
1,828,37,0,0.8667130512836834,464,1,27.565625276987884,49,0.29644989366870045,0.8108411233073798,0.29123286532543863,0
0,603,116,1,0.9433089869774147,862,0,31.19765528852674,20,0.12265581673504913,0.7173427416876673,0.24254490248429977,0
0,338,24,0,0.5669286568303902,72,2,45.616460278656746,9,0.6433592310674227,0.9489749661287508,0.13696748923944202,0
1,788,55,0,0.8148601379275189,342,0,75.48710491705994,84,0.7427133395062563,0.8986101622432019,0.14928637335401718,0
0,841,25,0,0.6733264524189364,322,1,28.9252626949741,88,0.8918035889013816,0.8360375146599802,0.43723985322802755,0
1,577,7,0,0.4484022020395867,717,0,44.8500703143324,80,0.7946950249582513,0.4759491743110087,0.3174540362379515,0
0,502,106,1,0.9955448020342108,98,0,31.83896976020977,69,0.9340099304459635,0.7996532433752574,0.0007112423710643467,0
1,365,81,0,0.2306459734717291,85,1,50.97268182022964,13,0.9873581279885832,0.8163558657625778,0.16343588255315394,0
0,407,93,1,0.3298180580472597,660,1,14.036065913318676,39,0.7704419029712184,0.8579995539848264,0.1699727323626769,0
1,567,94,1,0.914033890025516,233,0,29.457424176183245,81,0.8811309707473006,0.5578796342544455,0.353167779725808,0
1,521,71,1,0.24845027473010683,449,0,64.17516302483895,29,0.7063583529053663,0.7841785021982508,0.3502266712405558,0
0,829,97,2,0.9094565338748175,596,1,45.139820066941,72,0.25384401208744223,0.7709670749695239,0.23207742650260454,0
0,389,71,1,0.7721771808465607,579,1,33.81983557425319,13,0.2635321836900565,0.6311860298868955,0.4754897064056973,0
0,554,24,1,0.22934720431563385,272,0,44.31283433522879,51,0.19923351068373682,0.7981041882212847,0.436114584867073,0
1,754,11,0,0.5434560342833412,230,0,44.05057111701302,16,0.9486772479941712,0.452017336789819,0.4331053573645107,0
0,552,73,1,0.8035771800017897,777,0,53.41212097741486,61,0.7054765280554421,0.786103012673193,0.17413275548581397,0
1,556,12,2,0.6664802277046398,503,2,13.863228524301075,97,0.8109187754189722,0.7636093505275998,0.21549989457621482,0
0,682,35,1,0.9486970335715663,556,0,29.449990257711853,21,0.3980416031419278,0.5263746443524527,0.20948096226416135,0
0,741,63,0,0.8941152263295999,685,0,30.676886534241575,52,0.5143795390690821,0.8909281717119214,0.22013344123199857,0
1,389,68,1,0.4661181082673168,106,1,54.44131870625146,31,0.13580157865302353,0.924648400157622,0.44460539750543326,0
1,689,100,1,0.2677017564160723,507,1,44.90534454502904,75,0.9001066603915877,0.5262903683521957,0.12456034978489994,0
0,343,92,1,0.9554056317165212,850,1,66.60899838119083,54,0.8677030864704472,0.4455766505423221,0.40109753547966165,0
0,318,57,1,0.6138294142143412,469,3,57.43712220837578,79,0.8063302013778648,0.7621452781249296,0.25701998752238675,0
0,400,13,0,0.25951809949755883,292,1,39.811429166939945,21,0.15247186091307235,0.6879505161899787,0.12454209286664114,1
1,656,23,2,0.8532604906874237,214,1,44.256809733067186,37,0.2568247620196904,0.6565565375572346,0.2636468894297771,0
1,841,83,0,0.8948051765483129,84,1,64.40826962150518,49,0.4007535919790153,0.8566049980262183,0.09772081033702157,0
1,332,106,0,0.7115397121412568,337,3,66.49822275670911,65,0.33675640780750454,0.9817975837053491,0.05408964875351746,0
1,528,101,1,0.558007172549072,545,1,43.564807563654114,44,0.8546138546779618,0.686598231625718,0.4190887089160255,0
1,823,39,0,0.7297384098588582,328,2,30.22444296507339,7,0.2753521823805579,0.403693047264865,0.34966101171532993,0
1,454,88,0,0.7653469565640989,581,0,13.487046899156685,64,0.578912018805077,0.7577602807230268,0.10248949510693445,0
1,722,80,0,0.9144239664687743,259,2,13.483457396206099,39,0.614242988037381,0.7923795232779036,0.4711473651293245,0
0,545,97,1,0.9646893442997906,406,0,52.081238929113134,4,0.4825106624462836,0.8968109835971958,0.012199186670624584,0
0,704,12,2,0.6114567459127291,315,2,51.779851514167774,44,0.3166191385574133,0.5196441886576705,0.16664009352509068,0
0,840,34,2,0.83879562682125,167,2,34.86905269539206,45,0.9642648617930183,0.7145965801113585,0.010826519245768329,0
0,460,71,1,0.971607644793324,507,2,64.52230416383992,35,0.4720593180421202,0.6682789002336194,0.07114879664466661,0
1,416,75,0,0.3209946705175728,644,0,41.89586010712333,16,0.7545789959829984,0.7986642766975784,0.0900396880817057,0
1,570,31,1,0.21461438528774135,36,1,36.17403979146386,40,0.265641838890606,0.43836583822189884,0.4051674338652838,0
0,786,93,1,0.8951710182786352,705,2,62.567427721827144,29,0.8405300516826054,0.9304077590197148,0.4965198352666923,0
0,471,62,1,0.35621866659772866,448,0,60.578408371703006,51,0.29430264091030006,0.7066944425429671,0.4336601373055276,0
1,573,13,0,0.23398301330544077,501,2,44.226061699563544,78,0.7077759612157235,0.926227266981994,0.317566494391019,0
1,558,31,0,0.32807691012595563,449,2,52.76296444086988,19,0.5558464013252696,0.6041422791178828,0.3614617150287111,0
0,434,2,1,0.5072919289950155,305,0,54.655705945239326,35,0.23190142688328383,0.7921133287843765,0.2614104970103426,0
1,721,103,1,0.3754125612740641,590,2,77.62900318319825,65,0.12245427654046954,0.9740350895856466,0.21127180332399592,0
0,720,15,2,0.4442029032803545,637,0,43.03469363936251,44,0.9376734388436252,0.9660275144258678,0.3460844654212196,0
0,485,57,1,0.9802352411440372,600,2,27.301924791788412,3,0.21312146220808587,0.9664616528627302,0.48655834300469114,0
1,663,75,0,0.7635244353300601,772,2,54.38217582265898,49,0.7344562858182233,0.425768104310159,0.014447021178158492,0
1,677,34,1,0.7697533826025633,718,0,45.933226116427974,87,0.6874164630522857,0.6418096005847136,0.15704247516201297,0
0,822,103,1,0.2757482997823383,119,2,46.68477539942479,54,0.4075480382036739,0.43646875446865935,0.16502990150356023,0
1,495,68,0,0.7856786958581534,311,0,44.531655617641945,58,0.2668446095992557,0.5856862079650494,0.2071254279100498,0
1,397,75,0,0.791475466364244,577,1,21.13013089917192,41,0.26049542450987334,0.5047468570562974,0.31344607345072434,0
1,321,29,0,0.7277960147253058,200,0,48.920685990522,1,0.6267950677452151,0.7720824544671374,0.2568765812398507,0
1,749,66,0,0.3827490367983001,667,0,39.61265718508031,45,0.5922291651616409,0.8684476907592378,0.0093645245128956,0
1,471,16,1,0.538428943265748,840,2,40.36397966645456,1,0.8883415183152089,0.7080081791580408,0.2058047891926858,0
1,682,39,2,0.8770211637357004,384,1,39.027343165639216,49,0.6760027705707427,0.8772838439787295,0.3097243522616516,0
1,433,77,1,0.7361613034725012,233,2,44.4119821095337,0,0.8373474784724723,0.40768797796373873,0.25241236246524207,0
0,725,37,1,0.7862150679999218,318,0,48.90674887754277,12,0.12917175620734792,0.8922858187955174,0.43603093209065713,0
0,324,81,1,0.6698995201006471,897,1,44.56041724992933,69,0.7038938323257357,0.5070161348132839,0.19929783533401024,0
0,802,21,1,0.5596692792894228,491,1,62.32222679270397,21,0.3103377745866589,0.6765615408428644,0.00627933991345575,0
1,484,44,0,0.8072416080536866,638,3,56.34251699384731,16,0.32755506396913914,0.6655513695419011,0.1424492587772494,0
0,384,19,1,0.25434065149304397,779,3,43.90349946503747,58,0.7485188761804069,0.9238933174989081,0.06783631348449409,1
1,443,71,1,0.7385285862242112,202,0,29.46936162132598,85,0.8140896629424468,0.9795874883703806,0.12511516172641257,0
1,711,102,0,0.9977636062805433,330,3,53.70792223376759,69,0.43456192762469736,0.5530725799225193,0.18104400901843748,0
0,523,8,1,0.8241535435744254,629,1,40.27641642122684,2,0.8110691351814756,0.4404479035559206,0.33832782616057766,0
1,519,77,1,0.4324508092619643,892,1,42.43882367498005,69,0.49937020781712005,0.7903130694729079,0.1620849976490899,0
0,478,101,1,0.4222555957643045,558,0,25.219724086107092,80,0.8718808135333427,0.701704352051925,0.4420545875319332,0
1,732,66,0,0.7337748884747672,169,0,51.203562244629055,98,0.12241339496073338,0.7394230851464167,0.14978395469481615,0
0,564,41,1,0.9166834056068243,795,1,83.90078618174027,48,0.1751455637333656,0.42776212766199995,0.0684667060707555,0
1,728,75,1,0.6623597926782743,307,0,37.405700523208885,49,0.7987166265409135,0.8651858929707674,0.08443270873546149,0
1,715,88,0,0.6219218297360467,692,1,54.33903507259231,34,0.661680665047299,0.5394120490523786,0.4672899319409808,0
1,752,70,0,0.32830730707493705,540,2,63.68788621782518,22,0.6031182282719665,0.6009620685467663,0.22740723564937926,0
1,496,61,1,0.7723655642878533,375,3,37.15534349305281,71,0.652580926604716,0.5370122275296243,0.2015630340312501,0
1,352,26,0,0.7618388957103126,875,1,8.622162694840782,6,0.9371715646799357,0.967566736355231,0.034450440549263106,0
1,779,71,1,0.9735611138670781,169,4,55.43267239895,49,0.6899833282942596,0.5012330899243511,0.36666053439095925,0
1,742,103,1,0.44015374744453156,143,0,46.189672146042106,9,0.6827285049938524,0.8393914024109017,0.34732626288834995,0
1,629,83,0,0.8051563810940254,609,0,49.67001273376071,89,0.7835237917356049,0.547448376363122,0.18787027471737888,0
0,550,70,0,0.5472522089581032,536,2,45.82343397772068,54,0.879958635075844,0.6549517714649856,0.3458817748419399,0
1,422,107,1,0.646778233292908,395,2,62.39705043991374,73,0.33572123041451946,0.9976371263032736,0.18372588025669062,0
1,686,29,0,0.8531630844804465,720,2,43.53715161477076,18,0.6550739733099736,0.4603460465452943,0.03657901069712216,0
1,638,107,0,0.3775960360151805,666,1,77.56326607287644,22,0.6255774671972277,0.9288155386519444,0.369049688653888,0
0,647,103,1,0.47429499162193195,426,1,55.47073887472234,94,0.22136453334850828,0.9676299377613273,0.48260064668885305,0
1,328,66,1,0.8186469361580777,854,1,60.172279418498945,63,0.5682852765196408,0.8189363769575675,0.3241452640870414,0
0,334,19,1,0.6563663322302888,852,1,45.09854302631011,32,0.16259546326641883,0.4059773138411941,0.13823061760717775,0
1,817,68,0,0.27393833352405617,879,0,49.66268258272913,65,0.2664636286621057,0.8924791504190683,0.13496014273245166,0
0,695,58,1,0.5441486934228104,899,3,19.65546818329452,91,0.9216667737263624,0.9293631565664685,0.46448879824345046,0
1,593,70,1,0.6693066503784131,774,0,36.345220986793535,95,0.20731886338810912,0.9885604941327603,0.15164515369889364,0
1,648,113,2,0.9276138531560421,688,0,61.164809443580786,96,0.621024669862115,0.9035894486500574,0.3840961166914091,0
0,446,57,1,0.35079043995091097,140,2,43.99688543932727,8,0.3911326263937662,0.6673521803839126,0.3214574911520065,0
1,366,37,0,0.8447623747019863,387,2,28.1268254191313,28,0.5997819616539513,0.8131898060163578,0.29630090562778505,0
0,819,61,1,0.3044995864612731,267,4,34.73687137763863,78,0.31147618820716283,0.6910771071744038,0.09053744070104247,0
1,421,92,1,0.3937885280606458,32,4,34.61576295921422,17,0.4999415092098941,0.6118110097136278,0.017205522952262298,0
1,639,30,1,0.39467510679209844,752,2,44.416155687298605,81,0.8806000898334345,0.7758558958904328,0.24433856566394424,0
1,474,71,2,0.9019833567270661,433,1,32.486925498533004,70,0.43859528003742076,0.8618994637850654,0.49407930362489244,0
1,750,73,1,0.3592141536119897,54,1,66.34592413513127,77,0.4177278442008421,0.7815404720069159,0.09787995211671008,0
1,435,25,0,0.8295685815883274,872,0,48.12307663003256,28,0.5015062713426988,0.8959470205877269,0.2684360272195618,0
0,315,97,1,0.569445227215696,538,2,24.067279704406797,82,0.19044355981988376,0.505824984760044,0.3354896473222754,0
0,632,65,0,0.9992726142378487,725,2,68.04211052840664,60,0.4486123221292494,0.6242167309618957,0.24183885826119406,0
1,494,115,1,0.8712731989216844,494,1,44.31325326059574,4,0.10621022556534902,0.587551487640538,0.253466903298597,0
1,795,6,1,0.7917625075582544,90,2,52.58989599851981,68,0.5530574306340567,0.5164762838006791,0.330613752136797,0
1,308,18,1,0.8965810453217564,537,0,49.601119640641414,55,0.8631469712362864,0.6659045964912105,0.4074527485024861,0
1,633,10,0,0.7072243140840269,152,1,51.2613304687441,51,0.5968657935528687,0.9687237237188,0.1666438067412151,0
0,632,92,1,0.874921805222798,526,1,39.847364563499156,14,0.6469526603854175,0.7228049750242974,0.44963761580885786,0
1,626,11,1,0.4089014778891647,84,1,49.961443398876185,89,0.12750703413378975,0.5718429260221871,0.2424504364415132,0
0,314,97,1,0.27816256888086,192,0,42.76145077752421,87,0.8735634821044677,0.6124363709818225,0.3309387360873331,0
1,525,65,0,0.6927456056693351,728,1,50.4315716498593,82,0.4465031975202327,0.7678454270302766,0.05325681704121932,0
0,724,77,1,0.5477523141308689,68,2,42.214093033242754,19,0.977367412546036,0.6116480450878482,0.24623964318890795,0
0,707,101,0,0.5411526362339456,726,1,40.64937468495805,72,0.20841883257723398,0.7230080337524014,0.008053223078670457,0
0,412,84,0,0.6213982819440369,112,0,23.069507863648997,91,0.9502046963067139,0.5644959360716963,0.19551236942001976,0
0,727,65,0,0.48910608925243404,736,2,44.92193348697493,15,0.6708618157026907,0.6075587625401115,0.027242100284473325,0
1,300,52,0,0.7008476251542632,575,0,48.36920499834981,74,0.14710627026153472,0.8234367153018158,0.4484904188277893,0
0,565,67,1,0.22445469387810393,142,2,72.73311083223375,97,0.9745291700530582,0.7507710109863326,0.33640256043651784,0
0,790,82,2,0.9759130735054107,454,2,52.19049009957486,24,0.11248576133073772,0.45609211798802773,0.39593817811488224,0
0,507,105,1,0.9397671936364564,259,0,34.12976636385112,56,0.7576301518218921,0.9839095111036238,0.23383974223470866,0
0,668,78,0,0.948216130065547,312,1,29.779835620654048,20,0.9005769535492851,0.4296021537753311,0.425948869222884,0
0,605,31,1,0.4920027964669747,316,2,49.01156820007692,4,0.25823039880714166,0.4497637433689983,0.4365202949088452,0
0,311,91,1,0.6255127661272799,184,2,33.82578510965334,74,0.4090214716280276,0.8208316292446802,0.17840911992101105,0
1,644,17,0,0.9633044824460602,194,1,36.47284754789277,8,0.6051064064849742,0.824810883658494,0.1884274541964664,0
1,764,55,2,0.9218768451420694,211,2,33.77810826076137,10,0.7118283572604667,0.4113613199360632,0.2541203543437001,0
1,793,110,1,0.8321955807209178,268,4,40.071198295522194,64,0.8846882810151349,0.7856523396781587,0.02112174752106083,0
1,667,93,2,0.525865271878074,678,0,56.04183498564939,62,0.7849634237904753,0.4199560088658739,0.497884148482233,0
0,719,36,1,0.6514713785457388,368,1,15.152433103107178,25,0.426998029437044,0.9764619963340162,0.17959061699666207,0
1,470,101,1,0.8343299793733181,541,2,64.41974886481037,73,0.8395478306080015,0.8176855562997613,0.235421656678363,0
1,433,26,0,0.4184095964320254,295,2,41.93795733765358,18,0.9694690489783119,0.5119468607925709,0.3773785390673256,0
1,726,53,1,0.701159494582489,216,2,35.488764781709946,15,0.30428756311747246,0.49486287289625147,0.14875675046268577,0
0,324,17,0,0.8623474598814855,69,0,58.3164038351196,55,0.16668603410898647,0.7417973816322454,0.10081571177718068,0
0,829,86,2,0.7659638333863212,851,0,41.90624835829871,67,0.4839577587477064,0.7801112353819595,0.06372506049087362,0
0,489,25,1,0.5835845049528006,522,1,29.29715730065393,77,0.8932573935617958,0.8987425779230431,0.2640086545406384,0
0,440,2,2,0.6676866876441268,708,1,22.17249641323971,29,0.23526235439127527,0.941992689528137,0.0027491437513777472,0
1,614,119,1,0.9909404345166353,420,2,55.4316710458883,6,0.897218369093809,0.635520066434924,0.35476034550191465,0
1,743,86,2,0.6815902357177681,289,1,56.396061915873204,11,0.99299172136255,0.9064509054228937,0.23069475023455183,0
1,618,5,0,0.828494203214915,684,1,38.80427266747762,23,0.14860200779484073,0.7254280211900404,0.2659114128240147,0
1,740,4,1,0.7812838115021301,745,4,64.8198729206996,21,0.5457307364699355,0.6823492843612118,0.1316023244461738,0
1,391,36,1,0.7611924924234905,205,1,45.5374641662149,46,0.3959969452419252,0.8193823876346727,0.08912652749428124,0
1,478,6,1,0.7730952440912349,803,0,64.92007328657222,29,0.4543118694381799,0.4619169768067923,0.34999483562370465,0
1,355,116,1,0.5635278010251712,793,1,30.6394855242576,59,0.5064712771116777,0.5592319034395076,0.10513676681318201,0
0,454,21,0,0.5793281396145002,358,1,28.80305781175639,38,0.7657335608060708,0.890057611246833,0.39004297920873826,0
0,410,77,0,0.5742901898886259,229,1,37.295260444784894,19,0.6321697328540586,0.7024473030024454,0.10183625975587068,0
0,436,118,2,0.2266036857700865,740,1,39.00653446409943,25,0.9650809793951023,0.9448260618892563,0.30634155152737436,0
1,531,101,1,0.3928522642658588,225,0,62.26630290468016,48,0.3994881393155807,0.45322224032974656,0.321936032032054,0
1,767,119,0,0.32365120531990627,855,2,49.400146350683606,68,0.5873536742344685,0.5880476865880271,0.2528227955107502,0
0,780,89,1,0.9091560091178059,618,0,33.611359771102144,41,0.8319956778403274,0.613329935682422,0.4983953826369813,0
1,367,26,2,0.4199754931623592,560,1,45.16738367435358,5,0.4357255752943122,0.6536321936338925,0.18792150562638127,0
0,548,55,0,0.3107541075724323,91,2,38.57922323777126,52,0.5187692805498186,0.992092030938549,0.4416605725777475,0
1,622,39,2,0.295813545528708,356,1,32.94362828504978,33,0.7164770974167041,0.586397628440921,0.08461409616915533,0
0,817,84,2,0.759991867641727,310,3,43.80387352653505,68,0.8746697967438758,0.7112094717792601,0.1686054362269031,0
0,731,33,2,0.20486664873196744,791,1,42.13715834261897,9,0.47411332338144585,0.7216427943226011,0.07268356044856883,0
1,786,14,2,0.5770435214052065,256,2,33.51482073023637,27,0.5787554249320661,0.86247876316442,0.30181226067530814,0
0,728,56,1,0.29509688447855703,668,1,33.35453967806167,2,0.977610056761755,0.7107213964514847,0.31912865007117347,0
0,568,100,1,0.8797307021087242,87,3,57.21894864884682,76,0.13822224575230363,0.7634424403723064,0.22675199225650616,0
0,836,81,0,0.9667602851619665,506,2,51.351237831377674,47,0.5034058449935901,0.851996830456547,0.36008052482600383,0
1,447,21,0,0.967003692971923,405,3,59.15503094410447,65,0.6723836660162804,0.4606792028079672,0.4338262272539963,0
1,417,46,1,0.5535712871574154,745,1,40.74372355767435,34,0.10758471180591264,0.9780832741149816,0.3882796550554729,0
0,666,16,1,0.7156118595478371,272,1,28.683964198150818,51,0.6371078514097731,0.9077825056476688,0.12083117846228064,0
1,365,110,0,0.6797633092085957,396,4,36.39146794433735,61,0.15057995919670808,0.6332635681738642,0.16019962750873934,0
1,669,16,1,0.4800311211087624,873,0,60.40971008955007,51,0.871802556983365,0.8370505534442461,0.19013827702286012,0
0,474,84,0,0.555251593136425,529,1,20.9939340220506,46,0.8263774859577093,0.857395062645248,0.10188312976599995,0
0,794,29,2,0.2514589577866286,867,1,66.67066326785067,53,0.12902962311873664,0.9101478696493941,0.18061811828570923,0
0,413,92,0,0.8365592261371899,281,2,28.34760534531996,27,0.1439236221016385,0.5129900950804313,0.1190228384301576,0
0,410,8,1,0.39264280972369525,351,0,56.695147739143316,22,0.7782525384054422,0.8222216515862815,0.49786392772933413,0
1,738,88,1,0.5684218649091011,405,1,29.69312176186697,86,0.4325904033204794,0.4200043183157702,0.3916251701942032,0
0,446,3,0,0.5844965868933152,438,1,36.07247925139437,34,0.6175232091444923,0.4693474744323288,0.43000853500555325,0
1,334,89,2,0.6485693913210546,740,2,14.137844512434718,31,0.34329544278884555,0.8656401762793022,0.4610734484253304,0
1,608,19,1,0.854301310310472,517,3,72.80697841537194,1,0.2556719884936898,0.8878018023290557,0.3325004957991622,0
0,837,97,1,0.7535048369469999,372,0,53.62246125072961,15,0.3664694057928054,0.7554618712747387,0.08798828379428231,0
1,313,66,0,0.7304504393033537,269,0,54.505477730437654,15,0.3220423302015893,0.7490115845103383,0.3792630347377713,0
0,673,79,1,0.6213963966439519,168,1,37.606982659921435,50,0.503476694415401,0.8497068570207578,0.007805733313592633,0
1,727,86,0,0.276764603957272,151,2,31.038684746251793,66,0.7720085487589176,0.9436508932532209,0.05661521960532945,0
1,532,74,1,0.5216067773206892,449,0,56.64795910856681,91,0.598716467134261,0.6526691025205779,0.014792229156748882,0
1,739,82,1,0.9658534810324417,590,1,26.953131123768195,92,0.6482604771457466,0.46889267116440897,0.06772255814056427,0
1,801,22,2,0.996438460230602,333,1,42.49309709641196,53,0.5230707368122759,0.9033996306563729,0.3760021198205723,0
0,574,46,1,0.7843985168807346,144,0,26.239048253119226,19,0.3922602761825347,0.6049864875824518,0.4427402842660716,0
1,375,113,0,0.382011970459716,372,1,46.85922669877999,99,0.22915794282443913,0.4802714639263542,0.1394201402309142,0
1,738,91,0,0.2815125168027168,280,2,16.246308532930737,32,0.4191089132026009,0.7687698400856988,0.05956359829254643,0
1,588,13,1,0.5318114872369595,36,3,22.791318399584593,85,0.6986787545924786,0.7468503551270138,0.1364798443282053,0
1,839,33,0,0.8852575218874685,760,1,32.10270818501426,7,0.7603996806314384,0.6845477239014333,0.32355687622150237,0
1,552,5,0,0.7774913919160005,618,2,54.2212961115798,23,0.5222633895173922,0.9158783465482954,0.17510152013980407,0
0,425,90,2,0.9071137900328841,208,2,37.03023433107103,52,0.6804975471247411,0.5633355012420207,0.48057301206644487,0
0,476,77,0,0.6926210517581218,174,2,59.75397484672054,63,0.28948697369582704,0.4079411591706281,0.06548939821821037,0
1,336,27,2,0.3042626916717539,445,3,67.51047416489197,57,0.8740596886515607,0.59408123136532,0.49517126189720684,1
0,709,78,0,0.2918367735985313,695,0,40.3703530546756,36,0.8793428056087822,0.4058235762412773,0.006225845723904999,0
1,426,24,2,0.23840184210410342,150,3,22.823288695937535,83,0.38829513454527287,0.7261547265381036,0.22584648286449066,1
1,782,67,1,0.6536639764588248,153,2,59.48519934414072,11,0.5929410153654345,0.6269489757159088,0.12590588659030455,0
0,467,111,1,0.39430898929983127,179,2,21.876507422176978,83,0.6459958255736973,0.8883656445142516,0.28314273456250716,0
0,593,115,0,0.7875069130839605,426,4,31.4510444234177,83,0.525187034906176,0.8785512114944904,0.04827541599053603,0
1,642,63,2,0.748999948686006,410,2,19.484035936104195,3,0.9200279382020085,0.6607830959791983,0.43791143756451456,0
0,609,113,2,0.4544885939266536,809,0,59.44747088031514,93,0.7657452521138639,0.5298911641514938,0.06826320020564852,0
1,827,94,1,0.34144133317125147,868,1,53.581285238316354,30,0.7052594433478594,0.6534579195653782,0.2936946662197257,0
0,839,99,1,0.281920279836801,30,1,69.27428587436415,85,0.5680838993821365,0.7847906395261776,0.016673431527271576,0
1,718,48,1,0.7898522190504778,702,0,38.38116585734896,78,0.1763625969448681,0.5141235889437444,0.15549604857020488,0
0,743,63,0,0.5603527963407466,273,5,32.64037262383825,37,0.1970392398580869,0.8638279693421818,0.07486145113837245,0
1,535,78,1,0.45882393134251115,427,2,37.127840484945594,36,0.3691079760196173,0.5983361262611643,0.4889233228725169,0
1,738,12,2,0.8853224126450498,280,2,25.00843837605342,91,0.29037004153202206,0.9593061969504455,0.006010683815204476,0
1,513,28,1,0.6748905732555073,605,0,66.42977670943343,74,0.9572778747171948,0.7071223181647648,0.17619767025648048,0
0,384,44,0,0.6144018691172676,328,5,95.6495086294092,13,0.46883126678655884,0.9082759204778333,0.15138803866812517,1
1,384,93,1,0.7947033319804926,789,3,34.14282303184438,74,0.8889448947928767,0.7695355481779615,0.32868679579087656,0
1,788,43,1,0.8524665121882307,326,4,53.89047121362347,72,0.8362717152996083,0.7327611062672426,0.028188983373522547,0
0,364,17,0,0.7488585243381756,529,0,42.66766311791413,23,0.8313132454633855,0.8092780800910674,0.405308885838631,0
0,363,40,0,0.5520050548794821,144,2,51.626106422527364,9,0.2941367726321664,0.8868946742246564,0.23326189835340783,0
0,642,49,0,0.5034390341377499,836,0,60.895480287062085,37,0.5025896317007339,0.7867045026458417,0.2263862853806476,0
1,651,85,1,0.8173319506181618,30,0,27.853629467484478,42,0.3861567924824255,0.8783444123150215,0.11339494019103441,0
1,457,57,0,0.6143257285122289,582,1,37.82114172554111,36,0.9733699034550278,0.5142790986757078,0.24502338365157839,0
1,790,87,1,0.7635088628139011,714,1,63.04733339905026,41,0.889069871166103,0.5665099242248807,0.1819467276676785,0
0,762,84,1,0.9123190312644416,629,2,52.6325234181121,31,0.32493129487578376,0.537833692952384,0.12256821812613444,0
0,524,64,1,0.9327125077893625,511,1,49.90979614091834,83,0.3821683247291454,0.8789819126887455,0.08433346921073015,0
1,612,75,2,0.42217251139245815,639,2,52.645257611193244,13,0.5760183138200421,0.4516771353142455,0.3641677839367557,0
1,765,57,0,0.3503119602180113,629,0,54.11837263824803,3,0.3507452066182444,0.8775179184650368,0.07102148667165309,0
1,387,98,1,0.4090298882694703,792,1,62.366451281056825,23,0.8420769699282201,0.6334253798887131,0.08399099807044358,0
0,602,74,2,0.8010974164284022,539,1,56.30660457493829,95,0.8373081501143301,0.4477042972104373,0.28853567363164606,0
1,734,74,0,0.4960464288369282,364,1,44.239099852543816,9,0.7519063940463389,0.6546557569158774,0.11303875366111871,0
0,434,107,0,0.3387114246730638,494,1,50.295545753476,15,0.7203791842804388,0.5803013803203108,0.2296882284219363,0
0,349,70,2,0.27870839400557545,170,3,43.988565054858746,38,0.5925713567454474,0.7551713096695898,0.2764586764032232,0
1,731,100,2,0.4618505510637503,612,3,33.80784444692445,95,0.4124010313974855,0.6835159798562878,0.13721487849091552,0
1,639,88,1,0.30890915228040905,166,2,44.22558821967499,17,0.8532446074959181,0.5780664346530101,0.17177712543475038,0
1,646,76,0,0.3250988900266456,640,0,43.29284171520913,24,0.8729489541265951,0.9173595666433093,0.1051034135261727,0
0,646,43,1,0.7471071787570163,692,5,19.52862063304464,6,0.14455852197775068,0.6440928549073414,0.23021224458114642,0
0,544,119,0,0.21578567653472425,716,0,56.62402439133075,55,0.45875747253167143,0.6824139950810673,0.49619995466870165,0
1,408,23,1,0.2940426093003504,196,0,59.16695168442933,46,0.12396482240520207,0.9079771148514746,0.18135595043414177,0
1,832,27,1,0.8754923929704772,372,0,53.1571335969487,81,0.8555296552296712,0.4534339650064128,0.3266651896217696,0
0,389,58,2,0.8759312680146025,439,0,58.270587295842816,81,0.25938392186983766,0.6339358850666468,0.31794722550966575,0
0,595,109,0,0.46339478301086157,798,3,42.36136296672675,2,0.7064800883348794,0.6417140119170339,0.39324091642457054,0
0,411,37,1,0.27036240669498324,765,3,37.288888330492014,0,0.421638235924933,0.69749539309401,0.35595921862521607,1
1,476,6,0,0.7639762670457648,871,0,59.23358055595081,32,0.8344589079089485,0.4636723554156432,0.0058898669860085184,0
0,642,65,1,0.4881053502190995,94,2,29.118248386121884,70,0.5587182102283881,0.46159607274973086,0.15460854625183618,0
0,400,6,1,0.23637170176394068,610,1,28.59839361422163,73,0.39196173200640116,0.6498495734595495,0.43511673893896025,0
0,700,50,0,0.3262615850398388,96,1,51.72208091110061,58,0.39148360052566644,0.4198174050080367,0.26977510928856235,0
0,327,22,1,0.30977184957121945,462,1,51.3114479653757,71,0.3942345181794201,0.5529906154357811,0.052112043094328486,0
0,836,105,1,0.6712930750621298,79,1,58.95108688953347,31,0.8097212952273727,0.5207060522629382,0.13806844383706451,0
1,357,88,2,0.9184940668828492,343,1,19.343364748077605,86,0.7400040389440061,0.6936317567941448,0.14169305764629087,0
0,797,25,1,0.834457626658766,338,1,43.53386638809751,16,0.3872926966118797,0.4066957343309264,0.4365886771955449,0
1,596,79,2,0.6372128360137841,632,0,28.04449918701862,77,0.5411872800492428,0.8054400701583824,0.2767006355352937,0
0,433,90,1,0.5377241319419841,144,1,57.8294131980347,16,0.16853804697639285,0.9133523842784417,0.3041618104226998,0
1,630,72,0,0.6949413672550919,598,0,65.00623572941275,88,0.8447502415234808,0.8240449109435826,0.18353234530002077,0
1,548,51,1,0.5550501927840648,371,0,52.567435152829596,20,0.33935932849937134,0.8908469016172,0.030155192012199405,0
1,849,88,1,0.39687929806105277,559,2,36.63228217119845,54,0.9003026276548272,0.785989842278912,0.037624141498389274,0
1,374,48,1,0.7433579642818238,813,0,33.77122270990059,5,0.6371170237116335,0.7044202206334851,0.2101912708138804,0
0,467,102,1,0.8985951565930568,671,1,38.822571040129475,83,0.6110381459944382,0.5314129583858005,0.08874693920479781,0
0,802,70,1,0.49829626454468845,524,3,32.38313411741564,48,0.24644686808279942,0.5677758086097184,0.052131279767197725,0
1,654,118,0,0.8732307741530696,298,3,42.611382764820625,83,0.1625818236310148,0.5906248022317107,0.13112177241558964,0
1,524,99,0,0.5448656371867924,109,2,33.73701874315425,25,0.5973549228836441,0.42281060167989026,0.3710231803003383,0
1,830,106,1,0.5210687544795408,485,1,24.275263353104453,31,0.5211902109297016,0.9478532628471401,0.03650915219856471,0
1,445,65,1,0.22265948603762215,328,3,50.70969641917739,71,0.20771473021953635,0.9401816215800244,0.224112954618923,0
1,540,60,1,0.7562231210939283,851,0,51.867360318759985,43,0.852028950266368,0.46466670971797314,0.4130435797820143,0
1,643,46,1,0.8460020200910583,231,0,70.49129988602536,58,0.47551610725814353,0.734016139330032,0.1339624075702644,0
0,334,36,0,0.7308455356468488,532,3,38.502093759986174,28,0.3344120203517983,0.6805847765223014,0.15093710761520623,0
1,300,58,1,0.32108876111355483,766,3,16.646930150266062,16,0.8094448838317495,0.8100483982251971,0.4421036393020015,0
1,452,76,1,0.2826347740421145,700,3,57.22952133990306,17,0.9217577410992432,0.7618105963230006,0.3250017901318798,0
0,728,38,1,0.6582870012948316,745,5,58.91634382271293,39,0.37536643287013616,0.4745930807075985,0.3988560475669068,0
1,807,11,1,0.5212130033476816,678,2,62.13002457123524,62,0.7983548968614825,0.7960465869770774,0.14460210827191783,0
0,425,12,1,0.5432782267884717,514,0,67.06986505073941,81,0.6872676913076621,0.7653233823736225,0.49838976210467983,0
1,790,42,1,0.9742401973944061,614,2,67.28296093526755,74,0.9907550053786826,0.7187341827842834,0.07044818495498867,0
0,781,114,2,0.7791381369544523,589,0,30.34835328250167,44,0.28359343667010484,0.6414437599439361,0.48096854380214266,0
1,644,39,1,0.5294301913662054,47,3,68.22116332246296,75,0.964611095055809,0.9729525964318986,0.45104955957584325,0
1,520,71,1,0.21527942387337193,507,0,40.07947042771691,78,0.38374485103890077,0.9096637367866696,0.2759473245526045,0
0,324,11,1,0.22727655828261623,517,1,56.976552418254755,89,0.47075886826387503,0.7510509849519522,0.29264823997857364,0
1,827,36,1,0.7478429565166851,808,0,48.89239081546269,2,0.42294323273098133,0.4038266951605699,0.38752393923863976,0
1,481,52,1,0.8701910076142112,475,0,30.408763434798235,2,0.3416056273795383,0.6592739453018639,0.15339105309603024,0
1,798,31,1,0.766162103639747,369,0,62.40537521184743,37,0.7239003232872642,0.8202038371300594,0.2637348910272579,0
0,341,33,1,0.5247102020837804,560,0,38.15847726425332,98,0.6302307886532601,0.4703765408616954,0.4511878968647523,0
0,780,13,0,0.22490859034445565,641,1,72.8816164285898,72,0.37512275112288684,0.6439297699430454,0.034124518617430544,0
0,738,18,2,0.9739213041881838,145,2,33.55135202008828,39,0.21899121086644868,0.5150351343715829,0.4527643346786097,0
1,701,41,1,0.9890688497264695,887,4,29.93323287923297,67,0.38563807395988614,0.6028857922892906,0.3643889696446237,0
1,845,58,1,0.639491641155415,103,2,35.05694085556397,53,0.44310818051546486,0.41600152241189386,0.38492241446973374,0
1,644,56,1,0.25653677175608447,821,3,67.42801911643197,19,0.4425880988089631,0.4760394293589396,0.03235905151688301,1
1,344,24,0,0.6327780047315735,298,2,21.492000953592438,14,0.4215335803863314,0.6728541100835563,0.09387833445248855,0
1,320,73,0,0.9138707761766467,666,4,58.695997041540856,92,0.1438502556008232,0.9389139526214682,0.46263089966620413,0
1,369,31,0,0.7439884081025709,145,4,72.48540764047416,4,0.5176297971113653,0.6943489729605163,0.06202572423656666,0
0,347,55,1,0.7759913848261795,715,1,42.459274148121345,38,0.8525872875207763,0.6718464812247305,0.315591427789168,0
1,790,105,2,0.26797586994579947,722,0,39.103704243109796,39,0.26232966267266666,0.8725416357828935,0.391346274846269,0
0,586,10,1,0.28520930962544117,767,1,46.19843929444572,6,0.23109160908470747,0.5606980461615735,0.11564101225228973,0
1,309,60,1,0.30187902110070824,698,1,28.163862572977347,71,0.5246659497203301,0.45704124953491365,0.3493951056423886,0
1,841,2,1,0.9235014669287942,193,2,84.72396349353392,95,0.4335427109350103,0.5257435722020075,0.03278825664762053,0
1,573,102,0,0.6206797090110507,612,0,55.04715644505217,99,0.6051525766421958,0.8747805021695695,0.2493842015213214,0
0,680,15,0,0.833260077114393,251,1,26.6922607186735,32,0.9523668786966903,0.8062287550561709,0.1672165588748457,0
0,628,3,1,0.2922330079068802,155,0,32.89218645995742,36,0.7847976252995242,0.45491990935242155,0.32287100867934776,0
0,778,43,2,0.942114164406876,686,1,47.68700685364485,31,0.718352337863168,0.8002558961700699,0.444502423035548,0
0,314,31,1,0.8569136731977682,205,0,25.58364741152539,42,0.4743432499543109,0.9589308909306251,0.06274545906166079,0
0,815,70,1,0.37981131582028493,693,1,22.435183603684155,62,0.3586238527434714,0.4269729736008137,0.2251538262361139,0
1,490,67,2,0.8993457866351628,723,1,49.4065212146916,35,0.5862376929662928,0.7698508575507014,0.21159690325175656,0
1,467,56,0,0.41075420751744746,404,1,60.08997509449023,97,0.896899174895154,0.6274987418697472,0.16189761919696072,0
0,820,63,1,0.3642719034712452,888,0,58.728329437566316,48,0.8890682594602344,0.7006188754081033,0.24008338275034974,0
0,436,75,1,0.4113951494497699,527,2,44.103936452805236,24,0.5009634538742954,0.7169072895872126,0.44036423892448323,0
0,453,15,1,0.9279640506180875,114,1,40.88235888565846,95,0.32159831791288296,0.8626276584804123,0.48683096688292465,0
1,687,109,0,0.9324735884118958,412,0,45.77505283350651,65,0.30281000522578816,0.7342075118637633,0.0014214436919251505,0
1,508,116,1,0.46319661975037507,662,0,59.88190558135591,8,0.13058957508343794,0.7558513768750659,0.36951577155656307,0
1,571,92,1,0.7643473480756411,670,1,26.148479783107373,92,0.8583978216663518,0.5997471062630857,0.3075406001565104,0
1,442,10,0,0.7405962041313467,492,1,33.33873536701212,17,0.33835423044995916,0.4755671786705653,0.4972560735931726,0
1,368,38,1,0.8452501057043227,480,1,39.33351039911415,21,0.42309922690555,0.8096394000530993,0.044965697944334804,0
1,546,47,0,0.43720760011370485,547,2,41.366409814813984,98,0.828294526840658,0.400289284287071,0.4056731507888515,0
0,560,57,2,0.6081108335283215,875,1,44.18293624353433,14,0.2080216465956194,0.5972303016942215,0.4669640897276496,0
1,378,50,1,0.7341391608066294,724,1,44.6264597045577,6,0.5151106709328696,0.5308263726547959,0.4560578159614086,0
0,824,114,2,0.22100545504792485,579,0,55.11037066244719,12,0.2101072419291996,0.6331200644536765,0.2802863521089076,0
1,629,71,1,0.5013909962647638,145,2,18.55775666735676,35,0.49766371256019215,0.5867608162382953,0.1637780725083588,0
0,488,15,0,0.7567106861428552,643,0,20.97839921283198,15,0.1424256162658595,0.8225302478513554,0.3199519185154419,0
1,394,18,0,0.40207607449530675,37,1,35.0220844730318,40,0.5658605434121096,0.5561236303518619,0.1530359976116169,0
1,307,82,0,0.9661632856051898,247,2,57.95384033880148,20,0.8161387471642498,0.7364502073524775,0.20613462965019985,0
1,366,116,0,0.22412909720547117,748,0,35.22075331716683,27,0.7086670073120354,0.6734622580347618,0.22286249239592976,0
1,795,105,1,0.9664697500699384,619,2,44.38376641088573,73,0.5582521086196605,0.8806345032013136,0.15097508820729838,0
0,490,88,0,0.37341109440832004,433,1,46.922106345180154,82,0.8458828409342398,0.6568554927172995,0.17091368237201227,0
0,665,2,1,0.239057633540296,596,1,49.74145133190941,16,0.3050091774632737,0.9183256467589378,0.003656559483592281,0
0,820,104,1,0.433979226578846,333,3,68.46862668299501,64,0.8477166564858508,0.40008746056435185,0.14853943188082397,0
0,416,84,1,0.8290258458321802,496,1,55.419662675068686,12,0.3487271316293585,0.7629018131233899,0.2361526870800042,0
1,566,98,1,0.8019536051584426,769,2,59.96194713579338,35,0.42623770708068565,0.40588419612049836,0.08650368510868034,0
0,784,43,1,0.3670723331382337,117,0,43.09805438818941,57,0.21558718149444323,0.8283605940060847,0.4027922884265007,0
1,808,26,2,0.35743210687343957,39,1,67.1025578254488,19,0.191579280725997,0.540953441096925,0.26881851106428767,0
1,597,71,0,0.7140639326436327,337,0,46.074114934008335,51,0.9389003669070219,0.6279887510638776,0.39694033408974133,0
1,463,38,1,0.5664661517405845,463,1,15.67019706256513,5,0.27098042246647963,0.6282625085641023,0.06405171618569566,0
0,675,94,1,0.8338319626647219,831,1,81.87579994241499,22,0.3999665395557529,0.907853451015935,0.41025562887931066,0
1,567,42,1,0.2193062229540429,193,1,45.69273903285412,41,0.5762365290549399,0.4612556565357726,0.47913146359306835,0
1,848,5,1,0.6883294886084569,268,3,52.946587524227574,23,0.4130804193428157,0.8001381720101575,0.17622699301829758,0
1,373,11,1,0.7845376097919008,346,3,28.970858064224974,4,0.8831199550409011,0.9887540975165223,0.1419762022337857,0
1,807,65,1,0.9947088896229352,685,2,77.95679173658195,31,0.9106432871020951,0.4134306574825662,0.32341577141857225,0
1,372,34,1,0.7430253553894774,364,2,33.101191279791735,45,0.3933914116541686,0.9795365192570897,0.31795705527120244,0
0,607,1,2,0.38547612523997304,47,1,39.22129784860519,16,0.18282492655004212,0.4110428373661238,0.05623401945210732,0
1,498,83,2,0.28654895590403107,100,2,22.06358149631499,74,0.28914241060645934,0.9046896750754375,0.4633793923503926,0
0,429,2,1,0.7127334197152604,204,1,50.46866544041637,26,0.5269536286615575,0.9767466517954655,0.23952807768557993,0
0,786,85,0,0.6185464540145729,883,2,40.77726931094342,67,0.3596329380103551,0.99581642936315,0.3822082073452975,0
0,450,20,2,0.9193162307560132,829,3,21.84608717336943,22,0.5081250137783905,0.6754728045823313,0.17965883809178473,0
0,505,61,2,0.78128641694502,840,2,43.98643608317028,86,0.7828331497487854,0.9201745037501263,0.1307683209778877,0
0,478,87,0,0.6077939600340965,368,1,46.42192439514107,33,0.47857459039811967,0.473403725817763,0.05563594804290112,0
0,496,21,1,0.5228715766121181,277,1,41.2878598793852,20,0.2772977105871448,0.6552306031685569,0.13725935738148032,0
1,388,88,2,0.5234997596566562,222,0,17.68668036814291,21,0.42217087652643914,0.584784985709816,0.49671557276314815,0
1,733,68,1,0.38104342892098764,448,0,49.36193710844635,64,0.7686830963336798,0.6371062303642472,0.3289800919416569,0
1,482,12,0,0.21386077740455767,354,1,25.985395550297945,31,0.4816559081924001,0.8211885113586354,0.4013911650212847,0
0,508,22,1,0.6599284705656849,335,1,58.338255240718006,61,0.3245840676739348,0.4524881200256532,0.4792545642767419,0
0,792,20,2,0.3699317860185722,809,2,36.6688351947549,27,0.4846704752865987,0.9988983761971779,0.03949567589795866,0
1,429,82,2,0.3666615341824332,233,3,58.91428335922931,81,0.5093260189143938,0.7810402954221518,0.0823472128674968,0
0,312,1,1,0.3003049829411844,882,0,45.211242897026644,6,0.36673948429934344,0.9241105519433572,0.46398284599714235,0
0,405,30,1,0.3516763921413542,152,2,45.9809223065243,53,0.996116580273735,0.8978173391432674,0.28227684082997384,0
1,674,97,0,0.22543131964411015,599,1,64.1444608429891,69,0.7908634169997916,0.8595985264232838,0.31742460270292194,0
0,398,24,2,0.7393851597988257,880,2,32.771015634606286,13,0.7232094882586838,0.4235341186744497,0.2138171411931975,1
1,491,14,0,0.5211176930501554,476,1,28.56339100335078,93,0.8693802861131297,0.7098802459501241,0.4072143673947654,0
1,624,36,2,0.6492196790185161,742,1,53.33552609309375,54,0.6997772761889014,0.5968890257287041,0.258622107585042,0
0,766,69,1,0.7095660944166398,520,3,25.289267352658513,57,0.8118823087496009,0.46776346949310416,0.413064729159665,0
0,666,75,2,0.9779876498209275,462,0,33.01831915952622,43,0.47127308006685065,0.605794123851942,0.49609330178952077,0
1,617,24,0,0.2546126926844008,653,0,21.312575798663314,45,0.550334592918395,0.7868818223849094,0.32336339213488113,0
1,443,60,1,0.5343341478651504,157,2,62.2773384332907,13,0.14229674497256445,0.5383758571732865,0.2644067919173488,0
0,683,95,0,0.39671834682118484,577,0,29.959873864788904,43,0.3525817522679342,0.6667572575335278,0.1825789271326133,0
1,515,55,1,0.5813695454854513,775,0,35.18580936055129,40,0.4312111683099844,0.6426965461771902,0.0973482212393238,0
0,660,77,2,0.9363778404911105,851,0,25.64921261326263,72,0.6629232028773967,0.4314777776838467,0.3283288937777857,0
1,623,80,1,0.7791874121985212,76,2,39.218680407572776,94,0.5177901563145131,0.7768495176296805,0.03131859584877211,0
1,314,24,1,0.7295596691839148,534,1,42.85583453191753,1,0.6470544361809695,0.7713081413755203,0.47814379266712,0
0,516,77,0,0.5529967011449419,144,0,57.38965584655511,81,0.7419946010624936,0.9798487031482028,0.3237776027521144,0
0,791,24,2,0.7368899986995487,445,2,25.170655171045084,4,0.13844680090090347,0.5788031299788863,0.4796813866339731,0
0,846,54,1,0.22590030181952647,796,0,35.98617100619526,89,0.33244997230325307,0.6513706171852125,0.1361372551479712,0
0,482,26,1,0.6689909376239156,252,0,66.3410770132998,86,0.25381348529025916,0.6421825734096479,0.4732579069754442,0
0,569,66,1,0.6430212500793986,665,0,60.6158970741496,11,0.26870960725387416,0.9518463405914672,0.30606257109354856,0
1,766,80,1,0.4773123455705543,532,0,34.83292086379094,77,0.5528128560687924,0.6451895892335628,0.40513198307631115,0
0,818,38,1,0.3612113003392867,701,0,44.257902970145416,76,0.7659808988499327,0.6656584865235753,0.08946165135718498,0
1,841,110,1,0.8460444407994407,125,1,74.52052858962274,98,0.3454993305328396,0.551406720515048,0.2500551857289112,0
1,766,65,1,0.2430896915640772,136,0,27.090265949362568,46,0.8420043143221411,0.40070088785442864,0.28448018304306816,0
1,604,113,2,0.25573829153887023,661,3,16.18108488374798,78,0.9032108654877165,0.4662704028252205,0.1964272124101194,0
1,443,75,2,0.5524173951873173,642,1,36.95858486372701,34,0.4154804848183171,0.8223334908563853,0.12661636760903994,0
0,410,51,0,0.4020436379268841,644,1,43.74933165615138,18,0.7132208850588027,0.8094973560253856,0.4523873707498914,0
1,531,35,1,0.7963619308056165,707,0,32.9670681689534,78,0.2053443646765973,0.5935183437069227,0.04252944080254284,0
1,799,43,0,0.7073520615369528,727,3,59.653649001247594,62,0.7696254569372397,0.6838037366481854,0.07699354555087778,0
0,572,29,0,0.8180278369013052,61,1,48.15983535047268,7,0.24852148792895692,0.5784270360281898,0.16025526656590056,0
0,472,37,1,0.4597431650702409,522,3,35.933583480532604,22,0.7186742233939187,0.838549833134737,0.45988500074852967,0
1,306,81,2,0.7924151516942939,95,1,36.915195174373366,12,0.479710003114166,0.9054996100638429,0.2821051851504691,0
0,454,58,0,0.8898425888211192,208,0,33.80478159904679,22,0.9356106894566867,0.9394631755932852,0.18658684591547792,0
0,821,54,1,0.4762195955348574,808,1,57.44600821481054,30,0.5180145236491576,0.5043227928526726,0.20133910760871682,0
0,845,39,2,0.4719166569294667,472,0,37.91199022076963,29,0.12781253572083526,0.8170100451007319,0.4188887962327816,0
0,847,42,2,0.919961123125141,578,0,27.106342811001277,41,0.5326021326213073,0.9778028062783537,0.013389787294552313,0
1,817,28,1,0.23983220255016732,230,1,59.428520707710035,1,0.8159488694739938,0.7903670224787784,0.005669529117194816,0
1,514,29,1,0.48015152458467547,899,1,40.85396275142999,10,0.6823758977981649,0.6105844861606655,0.02304234806746952,0
1,433,43,1,0.2949379936574433,78,0,24.601502203137052,24,0.9696836769532066,0.7815678194804189,0.2346025003098191,0
0,584,3,0,0.223184472199981,816,4,70.69232579799137,28,0.8589452410582712,0.8130556313925604,0.29062469730408746,0
0,425,116,0,0.29029553411745773,709,0,54.15820404946032,21,0.5738964966078066,0.6382283799162367,0.31223440525398183,0
1,738,10,0,0.5449966329442215,292,0,45.69373593098252,18,0.2858685090448583,0.4623945703287166,0.3655685622003098,0
0,451,59,1,0.7495648553822327,162,4,41.822309166918544,72,0.10339716683991076,0.763995920512134,0.09486189330156453,0
0,630,106,2,0.4314259395535704,839,0,40.794904389861294,40,0.9824521573012314,0.881284480310036,0.13114233807655745,0
1,837,14,1,0.8797402459208998,373,0,40.48892010699952,37,0.9444877284724031,0.9985458902536353,0.12175350797564982,0
0,682,76,1,0.55009250299068,205,0,40.89639684733464,28,0.3467295946676736,0.5338349841777652,0.07458604905533,0
1,414,47,1,0.9745824407693948,420,0,36.15442058233156,73,0.6743942076013544,0.820233384509041,0.1221977882018383,0
0,781,42,0,0.96332453555496,40,1,43.4497533437471,21,0.7563156065975383,0.4168259200996442,0.30682632235841995,0
0,583,94,1,0.8186209781334521,230,0,35.85782711235889,87,0.6202121149293355,0.9818951678486866,0.18320579685812127,0
0,374,32,2,0.9459243969172946,838,1,48.351814292085244,7,0.858665507354288,0.4075386769146283,0.3839562184652954,0
1,465,32,0,0.7656768609288893,32,1,44.647843842168314,46,0.1700421835888124,0.6152769769832269,0.26820939967153357,0
1,488,42,0,0.9164665519929451,243,2,34.492883403979064,5,0.9068446307351921,0.44584166378573936,0.10601958355839336,0
1,377,32,1,0.38917897389304523,837,0,43.69768936068065,6,0.45281711004984293,0.7725807769648414,0.23369100029166934,0
1,320,26,1,0.4763361601414389,336,3,53.14408893007332,83,0.5326210194173123,0.6036998773648141,0.2966844012943374,0
0,483,115,1,0.8023440528038892,573,3,11.15379152474982,80,0.500260285379505,0.8397663587982762,0.43309748571440876,0
1,521,1,1,0.5396489905652457,589,3,53.67297461680629,35,0.5781576006724194,0.6918268400008312,0.4168588000329986,0
1,627,56,1,0.8698619470596143,356,1,26.604295923652696,7,0.6383516246971781,0.651642049811179,0.21323991775815782,0
1,478,106,0,0.9021110972702202,793,0,38.116747861413444,76,0.7393090896812727,0.6091098094688752,0.3238379095487745,0
0,411,2,1,0.4397835877767399,228,1,2.554765441388028,87,0.5724463051676837,0.4516775002087915,0.1489023898328537,0
1,358,81,1,0.8587606465516588,630,2,53.48492565847762,45,0.7162959304080012,0.5228949116075289,0.3165016547248821,0
0,626,30,2,0.32341141685212005,138,2,33.89645984257557,63,0.4044676992316305,0.7834615029930914,0.4563962225146376,0
0,490,103,2,0.46735736922947924,320,1,37.50284486966391,30,0.9430127832321882,0.6980510011232572,0.31227138483180733,0
1,499,71,2,0.6143719608971112,137,1,46.35990199671261,22,0.15807791781979225,0.44205367096333575,0.15188591870842766,0
1,611,52,1,0.3811550096831138,437,1,15.437987758601885,60,0.5909865477049842,0.7263710305839128,0.32199171168524426,0
0,334,91,1,0.6634142636601594,581,3,45.93087397058095,80,0.1786565584195432,0.43248559686944976,0.45137733541645936,0
0,678,9,1,0.6629560629741174,81,1,54.723698150511126,49,0.49849033243323737,0.707036168511993,0.06852346538608195,0
1,686,22,2,0.3655223158807246,141,1,47.613020135386066,45,0.3318241218875469,0.9789768681393335,0.24122345894770725,0
1,536,34,0,0.8365130759083654,324,0,39.09224195815315,87,0.9432131046243828,0.5844067322382412,0.1605254749678875,0
1,818,110,1,0.7053155915291975,609,0,45.61729689604746,42,0.11176784774734908,0.8341018831853053,0.12073372694669582,0
1,582,49,1,0.45420840545996344,218,2,43.867614428304954,9,0.45208326802731136,0.8473312243551852,0.19810448814957132,0
1,300,1,1,0.38574782677623354,873,0,56.37803610157646,94,0.803838474736259,0.6429157200466838,0.19698402299057172,0
0,763,73,0,0.9030001110675949,750,0,63.82515325295251,19,0.2696152713863192,0.755975290467946,0.10521649844661335,0
1,529,84,1,0.8685937961797221,94,4,38.8374986014175,15,0.8340293841996276,0.6832276544185225,0.20181256425556066,0
0,471,53,1,0.3838085398844211,603,1,48.472917454507105,77,0.8737525790423414,0.5700178118264838,0.31686591014121035,0
0,386,83,1,0.22848418121320702,494,0,34.98625654411575,2,0.737202699681193,0.852845257120324,0.012865982601874881,0
1,422,100,1,0.8436260765944992,287,1,51.25061729461457,29,0.28816226418355373,0.8216959693890435,0.494612606323992,0
0,597,40,1,0.6924068442120346,675,1,51.90186437457255,17,0.34483479092340613,0.9403293187439384,0.1479721624569541,0
1,783,45,2,0.28070562244276775,663,1,42.49809071430684,58,0.2502412558258258,0.7708757077957616,0.3118226822525637,0
1,464,68,1,0.6698865649751161,360,0,52.785254709610186,69,0.26565736348125973,0.6332320847177175,0.14177447258321219,0
1,682,9,1,0.5617461482893554,530,5,45.04789272589579,83,0.1328430668278378,0.8284045348616051,0.1967679388097585,1
1,508,105,0,0.8196402619789533,712,0,44.279027343392784,34,0.8715835730784398,0.7714217377351853,0.27461873790110025,0
1,731,22,0,0.36726787372698405,239,0,31.794529299501075,18,0.5756520586850522,0.7699685156803808,0.30592625131822376,0
1,688,18,1,0.5625253954440212,837,0,47.57944234287652,25,0.3949833014983465,0.9099026542169327,0.38522897476004403,0
1,523,76,1,0.32499529140153344,118,1,36.331267110413584,34,0.36061929645706725,0.9462811232481717,0.3958419074446245,0
0,302,106,1,0.9660217822486774,708,3,58.04522646630622,75,0.5902266668028278,0.5081449986530124,0.25935158956131044,0
1,671,43,0,0.8229905255401313,57,0,32.35199603567004,71,0.39401633961095417,0.5884301345303533,0.037862877131878026,0
0,745,39,2,0.7893779412011173,267,1,49.03259585337672,56,0.8773461775093132,0.7901834205805248,0.2788917794422687,0
1,415,73,1,0.7521653320166417,365,0,41.090653032926454,48,0.2898616915332197,0.7343327402257736,0.23879014203466942,0
1,569,6,0,0.5386691539731054,92,0,48.99482362952047,9,0.8940716122715674,0.7913957016996755,0.10769330363263907,0
1,746,83,1,0.9386259325625159,796,0,44.12549306605392,84,0.6976832077030862,0.6598087595963131,0.005081435994894579,0
0,667,48,2,0.25833360954160434,582,0,32.72996624520276,28,0.9609662984094731,0.6474634082296298,0.1579829870903594,0
0,552,111,1,0.8426072573431616,529,1,61.40677895291165,94,0.1135965174721241,0.4705923431558406,0.1297441610340132,0
1,616,7,1,0.37218618568458617,570,1,31.69246726642495,70,0.15318600914004085,0.7741889440627185,0.24145510917514817,0
0,714,80,1,0.45922236450707843,820,2,54.63861433731993,97,0.5508051345429159,0.5054713915389765,0.3808007846255007,0
0,394,69,0,0.6155437831738466,498,1,19.524302105324022,97,0.9211409470288435,0.8026129573827832,0.2195200055419314,0
0,323,16,1,0.8261240088444637,621,3,40.666169811558774,93,0.7577154563771306,0.9802433459379887,0.4757842100176235,0
1,349,1,0,0.8708279261229894,80,1,67.93779185206051,67,0.6599223392674,0.5538476964857773,0.11065665905534766,0
1,801,115,1,0.6669858001280999,141,1,40.86827301952786,93,0.1284419400941654,0.4852913832097629,0.11047602078407626,0
0,797,37,0,0.5224283911477482,330,0,46.44709231701314,88,0.4187474095713484,0.4145051471685602,0.30222478141938197,0
0,634,103,2,0.9572019371225682,119,3,69.03916157818729,77,0.41126760361257153,0.6272963118072035,0.4481312968928868,0
0,378,83,1,0.39721703667149466,258,5,42.85765428060876,23,0.5878771140339152,0.5287666353141359,0.3359287836378754,0
1,326,118,0,0.8424756607045083,179,0,48.88509238884976,42,0.33204500141208565,0.6951156538863617,0.3368391147776983,0
1,570,37,1,0.6896396971585226,784,3,54.069583268243335,94,0.34044014365998404,0.7145836167956503,0.40314298722090497,0
0,546,81,0,0.5015160135081711,167,0,24.30461028100649,38,0.6587747200690834,0.609596646626261,0.33433977136728865,0
0,686,64,1,0.20109438749082945,164,2,37.71732223050845,91,0.9501107889827409,0.8499437333668856,0.3796738511115669,0
0,660,90,1,0.5572794410789015,486,1,46.948060008977215,24,0.6941611932730257,0.9428840024273295,0.4330637308048416,0
1,787,86,0,0.4213759980338394,630,0,21.062130300502112,82,0.7013171115829316,0.5269138586759644,0.003955353777483683,0
1,651,62,0,0.2834772906604485,523,0,65.54706817788889,67,0.987593332049304,0.9017786640436759,0.4428114551970803,0
0,555,72,1,0.2601268522704679,556,1,56.346218220786675,33,0.2381303503628111,0.47871273985322693,0.10763218886919013,0
0,521,61,0,0.4780466618492816,362,0,54.1122534002521,95,0.13045129678032438,0.5372213107260984,0.45605273839161103,0
0,300,33,1,0.6918059109925189,391,4,64.79994672779509,88,0.7709625556716684,0.7368494117402713,0.13309164764049725,0
1,845,66,1,0.8700154522918189,203,1,55.848689706257964,85,0.4949086898708849,0.5839488932533663,0.2276194696686677,0
0,745,30,1,0.3468505959578615,631,2,41.551643960279065,52,0.48594101927680566,0.4250264743533076,0.46694168490263077,0
1,378,111,1,0.5397151770472397,242,1,20.516346159069474,91,0.3027730387267291,0.5769232850258713,0.05487340635496807,0
1,535,20,1,0.5135649121137218,372,2,34.781821474934034,54,0.5561767364671347,0.9429221131581417,0.3726415641977176,0
0,633,60,2,0.6107152073668125,90,0,35.21644000391272,52,0.49795510935238596,0.5045338971530927,0.1962243193505397,0
0,648,82,0,0.8476698166476424,761,0,54.28182465204189,17,0.41090500706169575,0.8582505279056656,0.012050373539948311,0
0,397,107,0,0.6429161743993879,90,3,46.213416374725725,6,0.49847064340457703,0.8333692036026887,0.4695665335073691,0
1,381,74,0,0.8773239308018355,848,0,21.51790256528762,62,0.4454512936506009,0.46373488963854526,0.058914431167525594,0
1,801,24,0,0.6148414048551822,707,1,57.976981367399745,74,0.9459067222805829,0.59766577875032,0.3870708854319382,0
1,776,4,0,0.6830778921450171,553,0,64.94045986821614,41,0.9822264917282518,0.513613773483226,0.19213507340513364,0
1,849,37,1,0.5499065939943919,245,1,67.13308431252915,10,0.8559108392605786,0.4138901087159627,0.40529146415543654,0
0,313,4,1,0.858476464236507,618,0,28.05108477869893,8,0.9913726819109124,0.5038244051415378,0.37514363239243215,0
1,691,77,2,0.9390617650917221,773,1,49.82355348979018,34,0.339147486126262,0.5209467649802374,0.3166092710575332,0
1,646,89,0,0.7113157904985166,653,2,29.904446054789922,86,0.8586325989270457,0.4995881483826571,0.46961125852408786,0
0,609,77,1,0.8566259593383232,607,0,74.08777051068986,96,0.46596611071235894,0.4546583256623922,0.049461740373169416,0
1,685,18,2,0.24720266719928025,723,3,45.45866322020365,64,0.771522757999978,0.7157830793327804,0.39928956425632983,0
1,508,88,2,0.9248894011573261,452,4,39.447203209120836,83,0.28125337656742594,0.5935834250216838,0.33539264079904185,0
1,656,66,1,0.3511400534712997,745,0,36.68677570969734,4,0.8307604807671766,0.9449496168448717,0.15736037126920122,0
1,393,48,1,0.40521634186064637,452,3,50.01052693434737,92,0.17511798354122757,0.5123280808116624,0.2729860956925128,1
1,392,33,2,0.242664054565397,400,1,52.73421451178144,25,0.3435019360447633,0.7617175780578678,0.32231383997189267,0
1,639,58,1,0.9723200935792473,235,0,20.279144949019244,50,0.83975735516244,0.9403722305593855,0.3681357174901607,0
0,744,83,0,0.8816086795907012,315,2,65.95295839578458,37,0.7724432996396663,0.4283137906395298,0.09352986028140248,0
0,321,73,2,0.9305476832728672,134,0,52.063695953369276,2,0.5511220794921603,0.709766482563384,0.051056760495123144,0
1,590,28,1,0.8777729342080121,783,0,65.83236621217482,84,0.705513496861188,0.6704012875187122,0.05102794561659618,0
0,784,35,0,0.5836244421770311,776,2,70.66059979250504,58,0.2670166220463367,0.9572671648464454,0.14693433096185077,0
0,605,103,1,0.9392655472726108,717,0,43.508785660262966,12,0.7009872601116519,0.7982588637246171,0.0770865770262053,0
0,427,10,1,0.9755782563417508,752,2,57.853605872764945,94,0.10717855060734328,0.6094968459712263,0.26782078648761454,0
0,572,65,2,0.602053581431518,572,3,36.36324855985487,80,0.8498942806433555,0.8269127311048893,0.21851999600262767,0
1,741,42,0,0.3404998250630705,776,1,37.98423685173837,34,0.5646588471990492,0.7495924124283104,0.4465332817918076,0
1,802,85,2,0.7268980071704756,271,0,68.58567949566961,86,0.9494906064486236,0.6083019388208828,0.35870124214328913,0
0,429,9,1,0.9803506318828565,520,1,33.913443751461955,2,0.5303478405905037,0.8711492067012329,0.10290610388808169,0
0,431,60,1,0.8977174878870999,694,2,47.94703126543891,52,0.48977855409370696,0.8009018558838186,0.022863505184794963,0
0,781,111,0,0.889452140916726,737,1,31.38364968788449,54,0.5050475311580327,0.40324977900548187,0.35457793190113307,0
1,689,15,1,0.9470544134458256,527,3,35.165920397308184,44,0.42375575824776646,0.9190807636065926,0.42291377669514607,0
1,624,99,2,0.9151618084420376,464,2,37.42318821930607,65,0.2500075754583886,0.6382551293326783,0.3504968103275138,0
0,368,57,1,0.8210253312146343,810,6,66.707187418054,66,0.8578564542509551,0.7872685603523927,0.32189718316441374,0
1,747,69,0,0.7746182657294618,513,0,52.70652501602657,83,0.4501768669824654,0.6380609925831511,0.12465753423674308,0
1,827,105,1,0.4118137389958035,476,1,57.627882340628055,43,0.5761975853699727,0.9288172265403402,0.24730175061268633,0
1,464,22,1,0.6970720171427593,413,1,17.8976580323972,72,0.11789822481709279,0.7905012677134097,0.3624808486313153,0
1,787,64,0,0.6171908973647116,539,3,45.519726551395294,67,0.15422848544259918,0.7476317254601739,0.09668738637193308,0
0,725,41,1,0.8895552732647929,199,2,39.26258009905456,61,0.63746490653006,0.9881588500615287,0.23827177188864695,0
1,564,87,1,0.5933700587920576,898,0,52.38484595868512,24,0.8913052742622479,0.5683843120363906,0.05851413541161066,0
1,641,71,1,0.3021942108341513,352,3,81.09788802873314,51,0.5440562452234671,0.4391525743669747,0.26535949254981905,0
1,577,56,1,0.20397798825787936,877,0,9.141632924696367,49,0.248477122544557,0.7096062597436867,0.28676864958130244,0
1,738,23,0,0.7422984963749322,503,1,50.99173713294161,0,0.20451458292937202,0.6544107002895637,0.26769281523531147,0
1,456,108,1,0.6399267097017292,261,1,78.07178413681724,38,0.9098092012536315,0.672574029446227,0.23473230941157702,0
1,721,25,1,0.4647703234867587,725,5,37.353182296942734,51,0.7314740686137313,0.7720629029714406,0.29372697875313414,0
0,550,91,1,0.3351777200303123,388,0,47.24758580722032,75,0.9695759990603114,0.7690729819623036,0.49839976055958896,0
1,829,105,1,0.5733722579231217,304,0,55.14854892584374,39,0.17411375920950967,0.6353585759989187,0.3112682155666127,0
1,626,6,0,0.2802291779831245,61,1,12.66163891160435,59,0.9123515695210719,0.9177262143775329,0.37628386115329454,0
1,396,119,2,0.4688867913769145,206,1,48.992764967062065,87,0.8610690812741343,0.7908751056922994,0.09606045060732982,0
0,812,34,1,0.5033695249885075,94,0,33.08902904485309,72,0.9038666646317384,0.9339470074652008,0.26501170259963797,0
0,515,63,1,0.5724949558703698,739,0,75.7165318588018,83,0.10518666094642559,0.9478923430614674,0.003752693887202785,0
0,431,9,1,0.5732966010710775,56,5,41.88943189595647,68,0.7677131324744753,0.5003872455165126,0.01572887590386013,1
1,559,60,1,0.40560451477942183,692,2,34.34489644996358,19,0.594044302745475,0.8083371243346362,0.16124020303002318,0
1,424,49,0,0.88016878528159,844,4,57.699474315497326,84,0.6158614903825778,0.5905071183025856,0.23330023885600387,0
0,381,97,0,0.4844348050053965,508,1,52.32019073102801,1,0.5222817886174801,0.9018574327290875,0.2878184188120731,0
1,582,51,0,0.3836698471140131,297,3,58.439019080524844,84,0.7684092259733973,0.8397109477933031,0.4440021835986538,0
1,358,60,1,0.3406479067284722,626,0,73.65635760560887,87,0.9998553614287642,0.5192486125155118,0.38587818211349934,0
1,843,70,0,0.4580627156026685,95,0,36.22189002841495,8,0.7394845233467471,0.9632384599019324,0.14998847969972384,0
1,460,37,0,0.2540423063820275,162,2,70.78553750453845,38,0.7102453744353906,0.8100874041954541,0.37174208803165937,0
1,583,31,1,0.22632601838477734,395,2,73.16172053939194,29,0.6889939441120728,0.9691798619425489,0.27469554148665,0
1,405,98,0,0.6841137574422942,111,0,33.47248570050384,53,0.7256905028626218,0.5211467033160451,0.38959064346598515,0
0,404,41,1,0.6953177088393521,860,0,34.92534317796071,81,0.40790122068774926,0.9218230566391804,0.20552479740893143,0
1,738,62,1,0.6236705621106318,357,3,45.708337822750906,57,0.3881977692997769,0.8008436922493811,0.04594665849900975,0
1,527,93,0,0.8098281561853795,127,2,42.004840472153035,43,0.8059041804434557,0.7313719562695877,0.30924388463628544,0
1,617,58,1,0.2313204354216624,614,1,70.63582774985372,42,0.147779215617669,0.8923077399166233,0.2785187803220695,0
1,763,14,0,0.9487784865675741,356,0,32.041129442618576,9,0.7833229643830455,0.7797183321074259,0.47680176577392847,0
1,771,36,2,0.27605209860564844,571,1,48.66988244496612,47,0.8324574266526117,0.8017600963312628,0.08106506957337284,0
0,355,36,1,0.739218395514875,154,2,33.51770318795893,84,0.569438163627641,0.5522023505536545,0.32806647212220386,0
1,312,117,0,0.30671727115264746,239,2,46.62702217258142,85,0.9191332858717137,0.8902322131787748,0.23703673035718809,0
0,739,79,0,0.9039243466462339,813,2,77.1254699604573,16,0.5257786934324661,0.7901816213963888,0.189461228016147,0
0,317,8,1,0.608570629556025,754,4,72.34561875908867,4,0.26027800128626,0.9066335072204807,0.39728378197765796,0
1,412,26,0,0.26583483281438086,162,1,50.677872953678296,69,0.42525878383600557,0.6109161793260303,0.40532513513174545,0
1,528,36,0,0.6933792901600588,532,3,54.44654520955804,73,0.9152807553379776,0.5990260734434338,0.35730029417421644,0
0,470,48,1,0.20728795510576134,186,3,52.07235267673447,63,0.9943644594919483,0.4143417787590785,0.041800750367985307,0
0,594,85,2,0.8208177427521957,588,1,40.43992121816945,65,0.4796685702905351,0.8611631960767091,0.17255535699437008,0
1,488,28,1,0.7204679893168988,898,1,73.74822505001575,70,0.2501618910342921,0.598188632255051,0.023375092660594454,0
0,725,68,1,0.37009979949080585,411,1,64.79325938177051,3,0.35769635221072404,0.5963273858234962,0.17184059430029008,0
1,378,62,2,0.49980073294087496,51,2,48.51559145007605,82,0.5979667082625676,0.8132107092848617,0.3239588892940756,0
1,481,80,0,0.20624535559111223,624,0,41.74731092151682,27,0.6148863264494319,0.5517213860636766,0.2593533859403665,0
1,798,86,2,0.7549470519769641,448,0,42.72063156663253,83,0.667053466024222,0.9454122919594817,0.35146841202542567,0
0,370,76,1,0.4581345100077754,501,1,50.08162235849413,93,0.8518180353152922,0.7228395947531301,0.2757308952558577,0
0,547,80,1,0.6572711322373754,263,1,44.47428581516979,37,0.7400927365192249,0.9816863416272178,0.27790688822419457,0
1,445,51,2,0.9653821023315703,601,1,62.092636278057455,65,0.33475620385225624,0.44600130675367256,0.2554826094489889,0
1,595,104,0,0.439573370358068,483,1,52.185403069944314,66,0.45553965462640034,0.6020952205874217,0.18216267637334854,0
0,769,102,0,0.9921903072698546,729,0,30.693828247334636,59,0.8558349254236122,0.6288822060486375,0.2232824398594102,0
1,805,42,1,0.7061827088060533,599,1,27.80077527404562,46,0.6700444035451399,0.8382524320483479,0.0562188723069863,0
0,492,101,1,0.393670933028404,800,3,59.861990782261536,24,0.24977624342025118,0.5277773547583683,0.41725422519010147,0
1,367,29,1,0.5494223064170063,191,0,27.654946507098845,65,0.39298492367228666,0.6252075120295426,0.4446058192328041,0
0,793,82,0,0.7923624979068717,330,1,39.77084881735554,78,0.8119818211878113,0.946385526374555,0.38313540673044366,0
1,351,10,1,0.557182326146465,335,0,38.405628501984275,66,0.25488471099104254,0.46873053021341743,0.2917930060838245,0
0,662,106,1,0.25480605387324196,31,1,26.422589714785396,68,0.7219455874487015,0.8471944003951997,0.2845896240239721,0
0,773,39,1,0.3348829291060339,300,2,49.65312204367744,39,0.6071828826084158,0.8214910669764817,0.23516181450186002,0
0,820,82,2,0.8330381966271565,450,1,43.14276986106595,99,0.23272741576103062,0.47830304595646544,0.1156733657938524,0
0,730,1,1,0.7186984605744491,172,2,35.432763503417505,49,0.7199910316278427,0.8130944124211453,0.19190191247252952,0
1,597,39,0,0.6558603818657069,729,0,76.27780452596372,39,0.22811407358965274,0.7418702735853459,0.4949529068120043,0
1,734,21,1,0.33409757660432104,893,3,8.5360102947676,36,0.4585920211987131,0.5725134022864509,0.07290150624164071,0
0,497,65,1,0.8702059562802715,882,0,32.04952857347061,90,0.3777039320720683,0.5866847170315317,0.2713416299423606,0
0,427,15,0,0.9685920876690002,765,0,36.34878261796683,68,0.7210089574182618,0.8997953652014574,0.43326289949075486,0
1,831,4,0,0.23270967799253564,721,0,24.62434097243938,16,0.8041261209459871,0.5386089917597331,0.2265008405103046,0
1,710,60,2,0.2624254965230843,564,2,78.86861548202975,61,0.25148492376032217,0.7076683176566047,0.30280513278650945,0
1,364,61,2,0.9077796026516518,896,0,78.7103536327439,40,0.8307970683390475,0.8086898423819181,0.41389657620552683,0
0,540,20,1,0.8524418032257026,66,0,34.73310765878252,75,0.10649265039510204,0.4779410166021125,0.2737806790521773,0
0,668,10,0,0.6943475644090349,136,1,64.03104685694659,41,0.5770526926082797,0.9594123227297886,0.3657345807571652,0
1,835,87,2,0.9559721671889103,326,1,53.94812496306712,30,0.5651100008872065,0.5563805890170314,0.1736361909327367,0
0,683,105,2,0.7171444623936025,770,1,69.84172339320536,32,0.6614392876766377,0.5913009538019309,0.3665116078927527,0
1,730,34,1,0.37278822058360267,854,0,43.39192931852777,42,0.3157304773012075,0.7996694428655544,0.020510658320679886,0
0,382,110,2,0.7829138589735203,126,0,51.474127843148956,92,0.10887114693718129,0.4469149882816801,0.07644964735837045,0
1,585,48,2,0.71656827579651,310,0,66.03819033330875,66,0.5092866245272595,0.7765676139511699,0.3186480881497542,0
0,833,33,2,0.9885957616080236,139,0,63.743923998556795,37,0.16426559013242908,0.9496179761114503,0.22447727566933046,0
1,758,98,2,0.3711165890998334,578,1,47.2745216911226,40,0.9029744981261814,0.5494543331808549,0.4141744734800717,0
1,511,103,1,0.6783079490900792,581,3,30.861368520135052,62,0.2562996931202561,0.6171446360707616,0.17098723806598448,0
1,425,61,1,0.824134017780098,626,2,33.54964629775386,39,0.48270967074879456,0.5394003745127547,0.38360415671273523,0
0,712,10,1,0.47118647147053666,843,1,17.26223360600834,29,0.4906003512163454,0.8912612493477604,0.06955643362695146,0
1,798,54,1,0.5037436664785901,217,1,56.80901499044499,46,0.5975781830543843,0.5005646941026798,0.465073289446285,0
1,724,84,1,0.9103214706626566,781,1,48.18245919435018,21,0.8042791138933575,0.6079769412615141,0.20921966903171446,0
1,842,65,2,0.5233559036871052,899,0,49.33895640324847,95,0.5249333354579017,0.760613092855082,0.11545093198668605,0
1,457,77,1,0.6997862815164916,517,0,44.622507188910184,54,0.1231779404984258,0.6427326595995996,0.39457602683682125,0
1,411,1,1,0.9113905100214605,383,0,27.849754023608597,42,0.7939993700575806,0.43928158870424683,0.47394308152899256,0
1,701,5,1,0.3678612664724491,48,0,49.6892568520164,60,0.17395598315880234,0.9686324005690556,0.45904086425598467,0
0,421,80,1,0.9855018370820847,888,1,54.07876588036401,73,0.6773979630329777,0.6027402650551399,0.11896946500030475,0
1,572,15,1,0.7615628271762607,422,0,31.97737471091002,31,0.8230865577867059,0.6673907276588666,0.33600384970139674,0
1,593,113,0,0.5968973553131558,866,2,44.57477366910607,3,0.3544211552329394,0.5005272011220195,0.27342899630214246,0
0,697,28,1,0.5447364514807982,290,0,35.27476981486867,92,0.5041958335156281,0.9192101434275539,0.3625520846071348,0
0,770,95,0,0.9634916924412036,439,1,41.76687182294664,44,0.11290225796723496,0.574857272718767,0.2434664242843162,0
0,506,23,0,0.3645798620237331,432,1,27.96901072219712,71,0.8234876796308969,0.4118938260396774,0.23488157833454376,0
1,409,112,1,0.4493466054767691,699,3,40.97703554112883,19,0.7329349809287373,0.5898415495527503,0.441353422917471,0
1,739,109,0,0.44623420443833983,513,1,69.41078871886867,70,0.30824865494905873,0.9904358107197376,0.4356282066400858,0
1,577,107,1,0.4312050677875708,333,3,37.47129745292006,64,0.4512035780792104,0.48810572368899713,0.393798162591623,0
1,781,17,0,0.5748304361725514,653,0,34.78623289017952,59,0.7257848516210003,0.4187214927931165,0.35244744081006696,0
0,413,113,0,0.9913433866142667,685,1,35.72823721262394,88,0.42234680966608606,0.7469053541373896,0.3391832894638916,0
0,776,98,1,0.9110294133729739,797,1,42.146768679733,25,0.24617329800192983,0.6229999278805048,0.028090952946113856,0
0,620,13,1,0.4623596546571889,47,0,71.88481996488669,72,0.5666549759901174,0.8769851795262709,0.3747680926760276,0
0,478,14,2,0.5382960925841102,213,4,66.08548517965177,22,0.7512108132577958,0.8391326583152352,0.31905223990101206,0
0,518,11,1,0.7355845971087451,434,0,42.848699646472554,39,0.38872855630265124,0.511251416859896,0.1512056981255248,0
0,827,28,0,0.2137213445572913,828,3,35.35770853621287,1,0.20959504448001204,0.7387793830930598,0.4100507430893356,0
1,791,42,1,0.8561229269485182,160,1,18.58529670236442,25,0.846589745630779,0.41946160447365094,0.41622353613766216,0
1,360,96,1,0.9038384458495357,508,0,31.330241018068904,77,0.3275216798024108,0.6636869368806861,0.4660953336268067,0
1,353,99,1,0.8857602674596272,822,3,15.38187323982929,61,0.5615334586959458,0.8284319331810146,0.2091790167333441,0
1,837,61,2,0.500043509508429,786,1,56.10175982521681,43,0.7222088345403187,0.6489752752526621,0.27562498453652623,0
1,364,64,1,0.5695996058913666,37,2,65.03334267446857,30,0.38536768035479874,0.47077248869209654,0.45297712500586057,0
0,470,31,1,0.20991065752300467,734,3,39.3715327306807,25,0.6837728836351765,0.43692015219361247,0.15840070014094443,1
1,572,81,1,0.5195162784348406,347,1,50.758420497666116,82,0.5137385557973755,0.912195669868706,0.39832131866950565,0
1,834,111,2,0.5683414578932813,420,0,28.6651858219171,4,0.6133929896114615,0.9347961759694681,0.49598330355665265,0
0,690,73,1,0.925579434454783,548,1,15.901710317910595,69,0.6315184932552484,0.6058554887306798,0.32596783065927926,0
0,626,10,0,0.9151901390057979,165,1,45.8351145974509,34,0.8417356182071976,0.4985033947784518,0.4918519889167252,0
1,407,8,1,0.9728776512703277,560,0,50.75013209557692,15,0.6906936460918028,0.9871697278745326,0.2579062158526317,0
0,461,21,1,0.9080839880724163,680,2,70.55960657598051,30,0.33787602296596947,0.7275182821607263,0.07652669442559612,0
1,751,77,2,0.2065605675421165,396,0,75.9477512897337,81,0.15364390702460165,0.6859930262294948,0.08779794031227106,0
1,505,59,1,0.7131686818657759,518,1,40.821478520647695,13,0.10178698966761947,0.8449646484359674,0.3656872409297803,0
0,315,50,0,0.25459014648243267,718,1,58.681721656584884,24,0.9139756462902959,0.501321603652817,0.00045438332109032364,1
0,626,69,2,0.4180754291039883,40,3,49.72635350204362,78,0.9478990466219857,0.7479938340423465,0.33094395977566193,0
0,301,70,2,0.6626461035764644,582,3,45.03406905548274,89,0.18470033889820114,0.9340974138445534,0.07563588870501681,0
0,309,30,0,0.7604910547260311,475,1,44.43783857959562,99,0.5383482564540233,0.4138410915627152,0.49218429204315706,0
0,733,95,2,0.7237056207336763,143,1,42.82575824366129,74,0.23643568311448102,0.8037638241112592,0.08156376372717383,0
1,424,17,1,0.23924669392691458,721,1,43.471134345414214,70,0.9538741780336761,0.7308543734508433,0.27623199748843597,0
0,380,75,1,0.2828830956556416,735,0,69.84920572060885,17,0.32214926514027137,0.9704804706846706,0.3347228876146112,0
1,784,20,2,0.3028694503450187,225,0,48.2186753056833,49,0.551482386037299,0.5552191059533284,0.409748092795703,0
0,449,48,1,0.27313150141575293,889,1,71.12792432085061,19,0.2490581725596251,0.9153349851558238,0.22963185939234232,0
1,639,73,0,0.3425875386154578,766,1,31.525358516149446,55,0.3994849760527561,0.5853914211299709,0.4668993789849247,0
0,428,2,1,0.7507902330492475,872,0,2.5090130355047933,1,0.3401257248344628,0.6579181456377448,0.2401231865327324,0
0,737,37,1,0.8646698009273224,352,1,38.05658326715968,25,0.527883438674967,0.5279725388586971,0.12602997006366706,0
1,800,1,0,0.5270511120587282,802,3,32.459258983516335,22,0.47780376581993367,0.9181546094713056,0.29651760875798516,0
1,357,4,1,0.754225205142675,541,0,22.596321523110493,31,0.3977180151403378,0.517245796392166,0.32900278990022697,0
0,497,100,1,0.3600130090126612,657,1,64.50975306553863,12,0.1952898558835709,0.9154077959587273,0.2536955715011976,0
1,510,54,1,0.9786241213067266,691,1,24.954124075148787,12,0.5360383198062534,0.6733680295423286,0.3665910640610889,0
1,344,25,1,0.4799980182860947,659,2,53.741787810481796,16,0.8651872162823971,0.9010512962900924,0.21034038853825537,0
1,396,3,2,0.8766935249638681,194,1,75.21291483531773,88,0.7572010029270094,0.558693135465919,0.0021684119074514285,0
0,578,9,1,0.9562930981035096,281,4,27.751283782487505,57,0.7485173957464025,0.47963808482272396,0.13226946894413594,0
0,834,86,1,0.8917711703002418,808,1,41.53593993826117,85,0.4294825630707778,0.7329767589759411,0.47295266418730186,0
1,709,87,0,0.2536541212322312,73,0,65.29062247045644,26,0.7375771726138463,0.7056622402334299,0.38161162658378106,0
1,760,76,1,0.7202457258458048,499,0,38.76901150747505,16,0.5189783332599268,0.6139644268021196,0.09476691212367128,0
0,690,74,2,0.29607256525724096,518,1,49.98584233583189,89,0.23524848175435237,0.7976928511230486,0.03332649596427811,0
1,343,34,1,0.2045304004206374,210,3,54.58941131583147,37,0.4771447749802459,0.457085697254507,0.17539844922531533,1
1,326,43,1,0.24142675515445397,106,0,47.60392224667088,13,0.21946476792843772,0.7732006449490777,0.41815096446008293,0
0,396,74,1,0.932919357157646,403,0,38.27530087434413,13,0.2030345370158823,0.5270536561001422,0.0529897066357638,0
1,847,94,1,0.9267708114083151,657,3,33.286793836430135,11,0.12075337761184966,0.4773727336127783,0.27167693564814815,0
0,518,22,0,0.38065951021122707,96,2,28.57829714971574,68,0.3545688708724749,0.9457649080752135,0.1375001225254454,0
1,484,70,2,0.637648971838901,554,1,53.947707221579066,67,0.39778730581775035,0.6758774566923007,0.3631275111696098,0
1,368,114,0,0.9640226098127409,121,0,35.13171223968946,54,0.7294993416446434,0.8580501229528146,0.0002051579186934105,0
1,429,2,1,0.59736490375741,787,0,62.93964335041471,62,0.5842043063963053,0.4534701570691103,0.1385870635074123,0
0,633,94,1,0.5148622561166063,808,1,68.83750864862456,28,0.8726047408479808,0.43447892680365,0.3396251822367558,0
0,453,66,1,0.5865989552356996,680,0,27.647818565205284,88,0.2588235640350909,0.6969113277526389,0.27337525600815993,0
0,846,32,0,0.8321726092415553,882,1,56.07288773820911,44,0.33936098127383263,0.5893306909270785,0.3894328132923979,0
0,378,106,1,0.5818221060265882,273,3,75.88478543691505,3,0.9469685000290742,0.4029443755056896,0.07883796672026921,0
0,712,16,0,0.8266221450258957,370,0,32.16999895820963,15,0.49964072300183293,0.5099767869393201,0.265487767453294,0
1,845,76,0,0.5453579565127464,814,1,63.00962923858887,65,0.8101458487437901,0.5312653092942747,0.09788489522654015,0
0,468,1,1,0.4016045369691063,333,0,53.4289603992528,22,0.5429508837845403,0.5731038127186563,0.3196100696573356,0
0,814,117,1,0.4611781838548965,427,0,59.407266184411355,67,0.5239770913231728,0.9265213462260107,0.0656712629175199,0
1,613,72,0,0.2622587717097328,732,3,33.65394013098416,19,0.23330465922667815,0.6523615186791811,0.07434690533289273,1
0,331,48,0,0.5979049155274212,477,0,73.57777365335386,16,0.8660796498537275,0.807659434286252,0.16410262081396593,0
1,586,50,2,0.3184887399112184,126,2,34.95494310394403,51,0.17051975249287116,0.4110376555969198,0.2009532120364153,0
0,342,13,2,0.8492376050677863,360,1,54.609662636442366,5,0.37923498518773735,0.8883554067297206,0.24927982525869363,0
1,300,15,0,0.5364724593255153,234,0,44.051466400988154,81,0.7061212645481615,0.5441973665178503,0.2903534350035208,0
0,569,53,1,0.8120018591933784,478,1,53.049798094159996,83,0.5565317957272269,0.5854235973462608,0.23440690990694096,0
0,479,44,1,0.9635683420309069,447,0,30.248703114885352,38,0.8932404942743826,0.42715385919222315,0.022819361058970977,0
1,817,8,1,0.8795823597705887,678,2,26.589542789576218,33,0.13536815750912434,0.6458157435841693,0.17173018845939814,0
0,402,74,2,0.9611709437966558,106,2,49.30546288539683,53,0.6844667675497572,0.911546063644027,0.030690972733432187,0
1,309,46,0,0.6543492214965843,578,2,39.49121180598532,87,0.5297189235644124,0.6272405548721736,0.05904188718433018,0
0,389,69,1,0.3322595471844335,827,0,38.98064346043002,81,0.23888064112088586,0.9451631624538355,0.0464117838806955,0
0,525,114,1,0.9483167633469605,454,2,53.17227513659547,93,0.7689267164013341,0.9204685619156091,0.07904776855927736,0
1,425,19,1,0.8948035124774167,458,2,22.579840635485976,64,0.47017616986542154,0.4371765657965956,0.40646026667827967,0
0,508,111,1,0.8915303928535427,514,4,63.10324336390286,86,0.5784237138130152,0.5831631662690876,0.31378619831863497,0
1,396,38,2,0.7546195419269748,844,0,46.79269328110055,28,0.9705394597267974,0.9462503845104764,0.2533904550432592,0
1,373,11,0,0.6999330097488636,164,1,56.44243718378871,40,0.5376070729226697,0.41788536548480193,0.36612875637253395,0
1,490,117,0,0.2117791134890652,683,1,52.91022352921613,62,0.8410355790027785,0.8594849707652557,0.4806118880187377,0
1,355,43,0,0.798443255270493,283,0,53.73746441893128,31,0.7926197710071199,0.9438567874907602,0.20883757263930064,0
0,331,20,2,0.2732280939862446,589,0,27.023140596017953,65,0.6964791323624191,0.8622948390014961,0.1837059712926578,0
0,826,20,1,0.4078007488820607,284,4,62.470321424790555,99,0.9071309290153002,0.8462885902035446,0.48888678200231994,0
0,583,21,1,0.6411922362810696,675,0,49.09371172849884,44,0.3264414822434628,0.9060134653702899,0.38566518268006844,0
1,793,82,0,0.5613860679008333,831,1,37.875094692637525,16,0.8386941083208969,0.7994737366192068,0.3885556131740084,0
1,486,57,2,0.21261951181715677,749,1,43.12065193037838,42,0.44000873955760833,0.6538577132697829,0.29997114751099396,0
0,797,50,2,0.85918804676137,528,2,50.43204168823688,65,0.8312418010730992,0.43765333080103314,0.2535042144806446,0
1,741,74,1,0.9030407664687412,642,2,47.70343236246969,67,0.54440981609096,0.8727804670086676,0.2752958551242174,0
0,429,98,1,0.7454983547974134,513,1,53.95863136127822,33,0.8719383276489122,0.9431521834245349,0.3260425253458557,0
1,591,26,0,0.6328542869254579,75,2,69.80085174690993,0,0.9053591839236876,0.7069518769319201,0.18841967525594616,0
1,413,30,1,0.9685902711195771,472,0,29.450453229327326,22,0.6378794881157039,0.7195062846734741,0.39114738228789764,0
1,498,73,1,0.29596496619855356,611,0,56.254117627402124,5,0.5568642611481205,0.6419721904876406,0.4546104717964794,0
1,312,110,0,0.7903280429319912,677,0,43.39051493544316,15,0.8049521289991007,0.9141295665003154,0.2856418430828536,0
0,570,115,1,0.3026884903161583,821,1,62.138170893694195,1,0.340287582861256,0.4088819823781481,0.19073781146214658,0
0,514,31,0,0.5054758391387326,608,0,69.38471904940616,75,0.11381381312402299,0.774729129769111,0.34779489243804973,0
0,743,42,1,0.6683876073367829,33,2,47.941837580823645,26,0.4663851244792926,0.9444478586552427,0.09108227709027855,0
0,811,119,1,0.7896701524034819,765,2,54.31211491260609,18,0.5569967196070992,0.46193339531936045,0.48428632411407313,0
0,746,68,0,0.2029728802175872,30,1,63.24097254654276,27,0.3675364474948809,0.9754987224387928,0.3289936773239979,0
1,373,61,1,0.40847830909742094,319,2,59.973586587455095,34,0.4450256935639907,0.9806068984210684,0.0337843615432305,0
1,836,61,1,0.6305603131278563,138,1,63.851558962100015,67,0.21975240962448517,0.9578733790936924,0.2648750357592238,0
1,400,70,0,0.6262989433292057,806,1,40.528738450227614,48,0.34956091303101466,0.6775276575831535,0.3751703746294254,0
0,475,78,2,0.7101011479570112,604,0,37.246760458738194,6,0.31608581312311623,0.6297820018193784,0.1389229625391194,0
1,726,68,0,0.44308286469457797,489,1,27.957386452117326,36,0.3708881684440931,0.8235686419132224,0.025494770148645096,0
1,416,90,1,0.6324234008711486,295,1,42.06988505312111,24,0.36914869948658724,0.591214130766455,0.24458121894996987,0
0,465,111,0,0.35182942194766115,167,0,43.73748605011333,40,0.6030715339428521,0.44100649185723373,0.4168122217326561,0
1,340,112,0,0.3494977715227644,463,2,42.84597578494276,80,0.32553724617646546,0.9408532980172187,0.1257671861956891,0
1,728,103,0,0.6612511707380855,73,1,52.383426825719425,61,0.9468651370058997,0.7809136359590527,0.35850655688555394,0
0,643,17,0,0.7483780680362728,539,1,52.7738789764997,40,0.5601473473270014,0.5242926989747607,0.20389534137411713,0
1,723,19,1,0.29631997334503035,291,0,44.01857577560697,13,0.2160694057687907,0.41104513680897065,0.0298160290691048,0
1,665,51,0,0.2982319215233787,757,1,50.201563543513494,53,0.35164564347185556,0.8341095801587848,0.15198152490496486,0
0,419,113,1,0.6522421531683604,662,0,57.40116454659439,1,0.7567817465220886,0.9116799536586373,0.15695120263412338,0
1,528,70,0,0.41607660182691647,181,2,33.018204522436555,87,0.11229313454265472,0.6433885453889963,0.4523321460569065,0
1,429,63,0,0.5139192817928915,242,1,58.99830773370424,78,0.9440361875772559,0.4485389265118871,0.4908740810522177,0
1,651,93,1,0.5205987581180623,263,1,35.82951528953505,47,0.5006592295532255,0.78917274262021,0.10488389815389265,0
1,617,75,2,0.3428422874279331,892,1,66.5862054168902,50,0.5689711206558971,0.5781574313409392,0.21525642300189468,0
0,636,80,1,0.20105170674450115,652,2,47.493656924689375,96,0.9895710122555752,0.4863680349701662,0.48835172700041757,0
1,572,30,1,0.8825214479752059,390,1,45.96152658072698,54,0.5530627773993985,0.7062379331237407,0.20363408002860478,0
1,416,25,0,0.7720015751181506,349,1,18.15448091171034,11,0.9529695950157753,0.6891062349353547,0.17458554901567935,0
0,667,104,2,0.7524308464924525,251,5,54.86833701542788,82,0.9237080042138388,0.710062245446416,0.05494075624134498,0
1,393,75,0,0.6372041104906558,767,1,46.42585616985782,68,0.9471839757995915,0.8943593941355195,0.3766422506226498,0
1,467,71,0,0.7607757236624964,239,0,47.61221637008684,0,0.8311357517431275,0.6907275294866113,0.22350277933818363,0
1,640,26,1,0.9485507020381008,425,2,43.603814859727066,58,0.3667582761019581,0.9403243478475178,0.3193314760337011,0
0,451,56,1,0.7325389889834331,612,0,54.37793490014663,72,0.41174423540738336,0.9050863717732994,0.25492838632250936,0
1,573,22,2,0.41207312154195996,518,2,57.382073129927036,33,0.4284856613625768,0.7906695695699213,0.08726856929751087,0
0,795,89,0,0.6564480413927184,630,3,52.26035215627481,92,0.9812627556509756,0.43411111456318363,0.08818489782489569,0
0,400,19,2,0.5538595226929681,803,1,64.75601869615457,45,0.4246799535749338,0.9189666336777013,0.4698781626625651,0
0,381,31,1,0.6451353048897196,493,1,34.210529523000154,58,0.19782037829654245,0.9433432176680446,0.44475957308462344,0
0,828,26,1,0.61408838193026,729,1,36.10725787188624,65,0.8004960051716364,0.6250282807061757,0.30531700249459476,0
1,372,42,0,0.8870202281827719,653,2,51.10055525922435,18,0.42945696242384734,0.7156910557939651,0.0006221263517424691,0
1,313,41,0,0.7214400827048537,481,3,54.926677193689336,27,0.6588423205532591,0.5686124023831163,0.21664782039611596,0
0,732,100,2,0.35100678234728316,442,1,52.75043301189428,98,0.9319243710375703,0.4088298004044352,0.2652140026125713,0
1,456,23,1,0.2504134231002967,780,1,25.687062389111865,39,0.6179550191002399,0.6876706367914784,0.2247189037025154,0
1,431,47,1,0.5394910309450776,505,1,26.962319385436793,56,0.6739301605220992,0.47761538402657877,0.4627247232970207,0
1,637,13,2,0.2124884978061834,285,0,42.2281993687791,50,0.6785763080186225,0.5099948261359496,0.02043292072927444,0
0,703,89,0,0.45463790866666853,179,2,18.16092077176742,21,0.6511592671826637,0.688426486973357,0.32746425330140827,0
1,675,66,1,0.49441717555138054,156,0,48.91345629085681,67,0.2437924397328587,0.9202230045880133,0.15691819932629048,0
1,406,66,1,0.5004710992079391,421,2,43.877463514900526,7,0.5107738732738799,0.9067796030525694,0.2797385278993294,0
1,564,16,0,0.9834800194591142,860,1,31.28307012793167,59,0.10689761797935261,0.9790410528580203,0.32795867174551135,0
0,504,73,0,0.4431207015779746,509,0,36.72386031372696,64,0.6636383236677998,0.6896083711140628,0.22041065753080102,0
0,378,28,1,0.412181996302897,426,3,46.64590932456464,35,0.617822465523615,0.7312053458286774,0.07418719196911772,0
1,454,77,1,0.303504744854033,431,1,22.597143523741053,70,0.386323497316739,0.8932697405860053,0.259519064844201,0
1,546,35,1,0.6088070685460902,303,1,35.94899950741379,88,0.5715059528531834,0.8198040462398035,0.4664780829827945,0
1,830,41,0,0.32293944497089655,874,1,41.04915468281793,28,0.5437520037172691,0.5096932641414036,0.2679400894456559,0
1,837,77,2,0.6930357701846277,168,0,40.502982035260196,64,0.32582369434802605,0.6389048512539738,0.06146991881619834,0
0,453,31,0,0.3241278231506797,132,2,40.934084878460695,55,0.3639587932833337,0.9574955752458938,0.41208151233344104,0
1,453,85,1,0.6613386542073609,271,1,65.38581234371847,81,0.7862868969658756,0.4876762859756697,0.11087244358147136,0
1,391,32,1,0.861015391339701,146,0,59.228314494813624,3,0.780159087263556,0.5256138244158403,0.18510848794710583,0
0,732,54,0,0.23401970681527412,243,2,35.35296311957444,83,0.5228039352158581,0.6403960251526348,0.21437856296240526,0
1,637,98,0,0.5357975799345647,513,1,29.44207953349727,71,0.7457580571743816,0.9639244796596621,0.16984962363687695,0
1,779,72,1,0.5688391737750684,558,2,38.7997455485932,90,0.5057211522078425,0.46829088497040805,0.2022258686471302,0
0,430,59,2,0.83285771478249,720,2,63.40740264385138,49,0.8662366314065189,0.8037654200158368,0.39774031379033165,0
1,749,41,0,0.5743325055564354,253,2,13.090356882380313,38,0.399526013987752,0.4792735143472394,0.11167950495225548,0
0,572,112,1,0.6540286291650561,299,1,46.2538011394396,34,0.9345632498608609,0.7147006213502722,0.23520927982139067,0
1,476,66,1,0.8329634028704569,854,2,40.3791949039397,24,0.5880552855082039,0.7219381079440796,0.010004282585315827,0
1,348,102,0,0.6478067943434326,890,1,62.975535156102914,77,0.5821190749717757,0.4255756639205167,0.2538329596524256,0
1,654,96,1,0.4866395308156659,163,2,59.71721739240451,43,0.7037293458934393,0.9724706744629438,0.05584432222294422,0
1,607,54,2,0.26867382209646584,143,0,22.977928100756095,46,0.406770409733216,0.883973578141511,0.14111797111740487,0
0,345,40,1,0.7839325036100622,470,1,62.94978802409217,39,0.7518966138164209,0.5817125209157537,0.16243669715756232,0
1,601,28,2,0.896910520129724,673,0,9.99354139118779,30,0.38838259237070794,0.47837457508584125,0.04117631282095502,0
1,707,37,0,0.9760516296161312,680,5,54.18415483210121,68,0.45778494696290706,0.6073760278144292,0.18028308170656787,0
0,488,105,1,0.9412799046172546,394,0,55.530757257900234,80,0.707233093113751,0.9365659277465401,0.24902870098276925,0
1,428,65,1,0.8379343270665991,261,0,70.27750698071715,73,0.4406041911712433,0.47961015810598,0.21554771066372075,0
1,836,105,1,0.7147775457965826,487,0,48.41017297067377,42,0.27997671041925465,0.6095902589948656,0.14021265730476945,0
0,565,74,1,0.8251681166645108,404,0,35.03353207448502,54,0.884711312897956,0.6965826547988974,0.1474274803549191,0
1,417,55,0,0.5456669702816543,633,1,29.874552576754787,15,0.9299398427144975,0.41973059007199387,0.3167915176919009,0
1,763,4,1,0.675820971832668,808,0,66.90342269608443,67,0.6640579448267037,0.560820227590781,0.3591979406884572,0
0,443,99,1,0.47895984731134816,640,0,70.45667220709697,68,0.8300356940780681,0.7573803361406308,0.2882653259443917,0
1,741,10,0,0.4613673719843062,236,1,38.27287153516627,41,0.9879871192972777,0.5943787487295114,0.488094020345962,0
0,499,47,2,0.8053534186208271,549,1,45.33284907910031,40,0.6532972766378432,0.9223152642119555,0.47243703163051015,0
0,456,75,1,0.5631462258428495,497,5,65.44958701407417,49,0.9179133789250121,0.9620592512315292,0.049234477411135125,0
0,786,14,1,0.3697290103448234,472,3,56.536025960091834,83,0.42332927474831294,0.6649257192698343,0.13068720247501403,0
1,433,38,0,0.3615505295534927,350,2,42.19831793882099,5,0.7304251922984675,0.7192122852497334,0.43419705643538753,0
1,447,12,0,0.8873378892559469,122,1,33.605113227080075,74,0.15022491966716173,0.778484960986606,0.014831757089525166,0
0,635,45,1,0.7422083954901371,437,1,32.380593875636805,52,0.8100744000491303,0.7987209796568739,0.2960985833126446,0
0,370,17,1,0.6368368586864928,187,0,59.30032294383542,16,0.8468228302566106,0.43795476664029076,0.4772497698653665,0
1,532,80,1,0.5207509887970876,128,0,39.49495801896217,56,0.4610578928265927,0.43220765815969575,0.33935883739507955,0
0,633,35,1,0.5446539126297006,254,0,38.900715824031984,66,0.6750595142895967,0.9193526045486524,0.04596665596687888,0
1,389,66,0,0.24594815535595504,881,1,54.1785549925534,15,0.8725249921531227,0.5319232280756133,0.37390886548012403,0
1,633,75,1,0.5639281158942742,470,0,46.209026985237195,51,0.8952473480581452,0.750463301766285,0.18824233172187887,0
1,498,41,1,0.8363639284976656,749,3,50.84160026575548,99,0.19587837188494087,0.7748030887081652,0.4607668072190936,0
1,460,67,1,0.5103891840762579,614,3,40.13949883732243,89,0.8447389718796077,0.49867856644014447,0.14315814277818506,0
0,837,29,0,0.5068650020346064,430,2,39.51583021508896,87,0.34681901673349025,0.8569579760617898,0.23661601726328563,0
1,420,18,0,0.21257326641543026,600,0,33.98339999871429,33,0.7545762067039691,0.9195673709786025,0.37330359110638645,0
1,600,20,1,0.5662682100464549,828,1,55.63452359605497,83,0.3926477381432998,0.5712266087906188,0.12876998551605362,0
1,735,111,0,0.2202701223583735,93,0,46.275798312352315,80,0.15069670356751944,0.9267041085540623,0.0908911737185687,0
0,367,14,0,0.6562795424070089,797,1,49.3973333399954,19,0.28888363886599683,0.44862230125873875,0.0013540708516123767,0
1,758,34,0,0.6054267052658513,589,2,29.70395178987497,79,0.4678045982443756,0.8802783557243421,0.24398091310914127,0
0,813,49,1,0.8720067991391991,308,0,55.4356112390977,55,0.7671057580549383,0.784066696566216,0.4643087359947209,0
0,697,54,1,0.6654244887405769,739,0,49.68119330676366,50,0.19063326458112184,0.7498664736311904,0.14074358859047786,0
0,585,31,1,0.4587418842577722,699,0,55.954556199587685,52,0.8316407124101438,0.5380796468949689,0.021689264537530006,0
1,439,58,0,0.6129848075335314,852,0,50.17708964481088,48,0.9972559827661696,0.6171050816679909,0.310215641057382,0
1,581,104,1,0.7597650845999351,548,0,49.29024233095564,3,0.8094318788612128,0.9461826305621255,0.028084957209696393,0
1,756,42,0,0.27517103632830625,277,1,17.697761774315417,17,0.5263628680259933,0.6794446518554504,0.25345611723668476,0
1,386,58,2,0.696859270776347,397,3,62.06629563436502,35,0.6113441897613517,0.7566280506176772,0.190764853855374,0
0,378,82,1,0.9333010255823833,773,0,25.19313344873876,34,0.10554445747240711,0.9615109196776132,0.237711926871844,0
1,504,30,1,0.4393042365049955,647,1,60.55612939839857,29,0.2883464540698577,0.6798930641939454,0.08132014318604719,0
0,636,25,0,0.7013000759011299,127,0,43.90789750619822,62,0.9090893183140408,0.6329615430360452,0.04510094029242795,0
1,553,63,0,0.8570635602801948,297,1,20.89922498668001,81,0.11955646246166729,0.9359212666288725,0.3744954388742521,0
1,603,19,1,0.6094451179508993,89,0,43.70801138241504,20,0.9143154576072837,0.9465327727033666,0.12283338002979133,0
1,679,72,1,0.7743836272163078,529,2,22.49648934745113,51,0.20192734731535067,0.6127829555811931,0.40021204771612473,0
1,429,92,0,0.44880827079140806,337,1,61.619737665804664,95,0.21976671696295086,0.7551938095301242,0.37922364102009826,0
0,575,8,2,0.44484676234011583,522,1,37.263937908548876,68,0.25781491977123017,0.9782366636999428,0.09918943535714575,0
1,482,95,2,0.7340672174388485,440,2,29.38222822238558,40,0.8194467924596767,0.4332824170836378,0.45414525220756596,0
1,567,3,1,0.7643270991787872,169,2,54.91272200817647,53,0.5303679178081415,0.4238814517123503,0.08063979571154856,0
1,621,67,2,0.949607759609715,357,1,44.364747659512965,86,0.23067696720703815,0.7099483053213884,0.3985728742673484,0
0,811,108,0,0.3798708597743796,493,2,52.802506330940204,29,0.7181216376987924,0.5747440861759531,0.21026686036414266,0
1,377,86,0,0.5745740768703753,731,2,43.29154711918185,90,0.9466195296931996,0.7491099309604902,0.09150815784458105,0
1,638,81,0,0.4004107785311131,666,0,62.34979814324683,55,0.6152063268227247,0.8345772117601569,0.4690556583240819,0
0,808,100,1,0.2640737287041963,192,0,38.97730300645642,78,0.18883000514848464,0.44144460251258344,0.4816287432002492,0
0,537,17,0,0.5225844223579902,89,3,21.36167207163734,40,0.14927554555978584,0.929420485481317,0.25568645590209543,0
1,433,14,2,0.49926459783056265,60,1,28.58544179109884,13,0.8162851238881846,0.5661322007421736,0.2345872588133998,0
1,491,115,0,0.4163472959857504,362,0,51.52782112396602,20,0.6634752871369914,0.6288084893081165,0.4504208663924188,0
0,655,9,1,0.4375959129115332,105,1,35.13304845605678,97,0.9303916052121413,0.6022220511784302,0.2980683388043422,0
0,577,62,2,0.4883294450810225,784,2,64.25078964362015,89,0.5925251359431891,0.9039009148535193,0.133019311642335,0
0,317,94,0,0.9910701062240748,346,1,27.439810747444575,24,0.15615586291874806,0.5023913200972605,0.2125986284273071,0
0,823,21,0,0.826366212773824,799,3,60.27330643851688,49,0.4633181649987852,0.4172039309869884,0.41799453923770685,0
1,479,76,1,0.25712096086952557,446,1,38.504260278924434,94,0.692191619732276,0.9830809670315375,0.42978165367738047,0
1,422,37,0,0.8979305411893614,219,0,64.61300820476306,52,0.44639681584353674,0.9883794851326625,0.4696264017407567,0
1,545,96,0,0.7066426611189371,518,2,52.58446576879669,47,0.9996322570662097,0.5546156979281115,0.1441304435887818,0
1,672,11,0,0.9124750080975275,344,0,47.88757405528011,69,0.46484075230637056,0.40561158106255324,0.3399763784838553,0
0,350,20,1,0.4733677497041826,325,1,54.96600373543575,47,0.5916125138027951,0.7875502613160001,0.03419440616727415,0
1,370,35,2,0.571615091849375,530,2,63.3998079762363,3,0.3028528293613115,0.7890779696588617,0.36295132776337585,0
1,779,53,2,0.9169816458464868,206,3,44.23794603176391,23,0.23692438387197257,0.9642140286794322,0.2815998450228733,0
1,318,47,0,0.4180585087309452,829,1,16.84503710238669,30,0.6807749847069258,0.5790823064455362,0.12488304654479193,0
1,383,110,1,0.9324007009963322,835,0,63.00068329755915,82,0.6297514722241139,0.5137025067378924,0.32731595762691656,0
0,454,75,1,0.8627997697154155,889,0,40.93132893724875,74,0.10390497166565583,0.7698294083098347,0.06759105104336305,0
1,656,52,2,0.9844463527274347,748,2,83.39848889652808,28,0.3563033813179679,0.7382026393350576,0.16690314836738301,0
0,742,8,0,0.4594060696130905,244,1,35.959624695144036,4,0.6792216157116229,0.8306420762239697,0.20045679939697597,0
1,368,4,1,0.38860254400382677,885,2,39.288062192465475,81,0.8310244111592047,0.9310764419742673,0.3885685818868683,0
0,822,27,1,0.4646935176365825,682,1,56.166682098497105,66,0.3811317877358599,0.7358471124879937,0.15439215326388633,0
0,442,44,2,0.9637198367909883,626,3,56.42374278191067,74,0.6826927323599684,0.49004515587627506,0.024517326046118615,0
1,491,40,0,0.4664586368423533,723,3,51.33935576350761,84,0.33873213713576156,0.7588773660169857,0.09037034718843956,0
0,686,102,0,0.6521694559657905,361,1,36.60111243730137,93,0.7213419051663126,0.6244609404587548,0.30404656541915104,0
1,677,47,0,0.5229434260692114,157,0,27.59709196626811,82,0.7281531987962162,0.6716410171654621,0.007625190252812997,0
0,834,94,0,0.5169761155854247,298,1,34.84371864822506,52,0.21720111896763106,0.9756906345334996,0.3961161361351955,0
1,592,44,1,0.35470288790324417,580,1,22.25013106924117,88,0.6985808055793045,0.7329682325455227,0.4505600391792705,0
1,308,48,1,0.629663632638072,564,3,75.9516830668311,63,0.4002104635123327,0.48978829532736545,0.24769880407343076,0
1,570,112,1,0.8795234039737656,783,1,29.630648121918483,34,0.2553354384333647,0.6658951642747096,0.3538152091836744,0
0,686,91,0,0.23958801084309667,395,1,40.58918754120702,11,0.5503251094963968,0.5370583015696978,0.2313383952564098,0
0,392,85,0,0.9113812749307373,648,0,55.386743895663216,46,0.5070670155178492,0.48128949659975806,0.15438164725742293,0
0,828,52,0,0.7323783721098396,377,1,45.078321230134065,89,0.7964873299557973,0.8273404674010199,0.08243318933826521,0
0,453,84,0,0.6933904644599223,171,4,36.129959747964435,54,0.17606395824509669,0.77714144148334,0.25908114381736375,0
1,704,68,1,0.7007201863391939,174,1,42.771157350638354,68,0.8107779419486028,0.698673319910657,0.46494478411628054,0
1,448,11,0,0.43701586876357557,821,1,35.871158010747614,82,0.1954741258983661,0.6539429774745078,0.4449860834424199,0
1,566,77,0,0.5321156030946301,274,1,41.18314710487587,90,0.2867131252711557,0.5933306384925269,0.4598129001977572,0
1,721,73,1,0.8394320047233716,471,0,50.85819855639979,37,0.564293906496704,0.4528052273311014,0.48320653004900255,0
1,771,4,1,0.4451048295490317,732,0,29.449690293002554,28,0.516857140020182,0.5795617885181161,0.0826789887046433,0
1,846,76,1,0.5760161676581574,319,0,61.20661044169332,11,0.9899730772606433,0.9030367737770715,0.07326267064470154,0
0,825,73,2,0.21570581711012268,720,0,46.09030090923093,18,0.6305263419361954,0.8702052367523871,0.21388070392476294,0
1,802,77,0,0.7868466823484053,141,1,36.24768056352954,8,0.39469203572222256,0.9833906343647448,0.3446557680657537,0
1,313,48,1,0.5341617413428845,243,1,40.26549218686591,81,0.910133981689587,0.7936402672786231,0.2198469599827111,0
1,663,26,1,0.620287014778883,679,0,62.51175626814991,28,0.38099346110425336,0.7321838545410357,0.44617718547006735,0
0,418,102,1,0.29175145424860693,229,2,57.27613190147277,2,0.34639807166946107,0.5776266899457221,0.3586982418948135,0
0,537,106,2,0.9933713830299495,434,1,48.59957385829017,86,0.5449346156789735,0.4461161455081361,0.316985402723101,0
1,845,77,0,0.4419742615878768,450,0,35.99295275395202,29,0.9218573060257712,0.7708110030917089,0.03551891373963678,0
1,468,39,1,0.7079917292771603,36,2,53.523655667081854,57,0.7376628297329547,0.6928973150054631,0.08766771374213722,0
1,821,92,0,0.6649890758835724,887,0,45.21239219277755,87,0.7097348939205974,0.8554447080385664,0.21407687712269347,0
0,815,58,1,0.8280737631399924,554,1,71.1850354300948,52,0.7534695385348866,0.6471147570493816,0.4881873846789938,0
1,696,19,1,0.43506956449756845,621,0,44.436825631140124,3,0.6936765496982994,0.9913308147186219,0.16720434929185735,0
0,405,88,2,0.8047418759977898,315,2,70.25726644996807,56,0.7838167237011513,0.6385672329180603,0.31498773125788715,0
0,384,83,2,0.5060013845485876,700,2,47.92246435674353,53,0.27348581955622014,0.5998429809469484,0.49445301659979696,0
0,513,113,1,0.5289287726770793,418,2,29.447323557800807,27,0.25953245808544134,0.9225918260503483,0.1320125294497984,0
1,420,77,0,0.7381700211894162,445,0,94.45076306166209,15,0.4259470094122635,0.6373038538113611,0.08333351162078961,0
1,431,77,1,0.827428617392375,813,2,23.2956221768128,12,0.8658638009162493,0.9225383914724081,0.2731666410669999,0
0,496,58,1,0.7334933088964473,742,4,15.34913884979159,71,0.7430087939470388,0.41641257137431015,0.27594519525570993,0
1,318,28,0,0.9199036164569216,179,0,13.878962668161776,55,0.6098260085584922,0.8155559866393527,0.4609433162540471,0
0,311,117,1,0.4281272236080539,457,1,86.09523203132274,52,0.11750269373030786,0.4431117240994584,0.013215047595803553,0
1,380,66,2,0.9204933856815596,837,1,76.85985660476778,47,0.3122220555422799,0.48893947785097114,0.2036888665266232,0
1,629,10,1,0.304690820754703,322,0,47.1601756000414,24,0.8231625482949091,0.8200450119217547,0.15617407922898585,0
1,691,86,1,0.7276242552239844,363,2,51.512130360139764,65,0.3182380237757968,0.5738340047281149,0.28552640744218893,0
0,606,77,2,0.6381045211041421,301,1,48.76382246655897,29,0.7572611774718526,0.5262600407676397,0.004665177430334566,0
1,566,58,0,0.5957087523324716,72,2,18.440157425044628,2,0.2661708384368956,0.8809156825776066,0.35553190420056363,0
1,746,73,0,0.4487296230897426,497,2,66.88241320017751,22,0.6457308023794227,0.9677481185042183,0.2424948712465121,0
0,740,97,1,0.6029861962465874,348,1,64.91789891262323,28,0.6653902300304515,0.5394283891229807,0.35034460294311087,0
1,301,14,1,0.3294186851077626,521,1,26.533604111013453,40,0.7767696031178335,0.5903175737414113,0.22390310682316583,1
0,819,112,1,0.49545675536934053,556,0,49.885246407565894,93,0.49450816080607596,0.8284439836038462,0.237096416596293,0
1,608,84,0,0.27894473398710196,789,1,43.89878658911296,10,0.6694072291769252,0.8891757223335257,0.44777486403620254,0
0,821,15,0,0.6574772798290557,201,3,41.83261529887285,20,0.5382728098482564,0.9994973801963756,0.10544907431224337,0
1,768,96,0,0.27661430895970157,759,2,34.813539546458145,90,0.9526042408584816,0.5640224339521596,0.10874436725788134,0
1,511,33,2,0.32827571512413256,678,2,43.31515324197645,23,0.5696926543166567,0.7339711532521123,0.2797382975551523,0
0,411,17,1,0.2683734411899851,350,1,37.0973124914756,94,0.28863809481536906,0.48041136487282243,0.3301121372772092,0
0,307,24,1,0.5050485119616623,768,1,60.96361942760289,93,0.7011032942247727,0.5985040630590984,0.17734411674107414,0
0,776,30,0,0.8735667635346789,73,1,44.585380535946776,64,0.5936205953875722,0.42698114273476173,0.2597555836574539,0
1,759,62,0,0.9255171133070623,561,3,34.611825657165895,0,0.823446547498132,0.5265031257018103,0.11392820105876611,0
0,552,13,1,0.2575115636800107,660,3,44.62180429503786,53,0.25922043783391924,0.7039269860707555,0.06795531115491416,1
1,825,62,0,0.7076401126893017,483,2,42.88051656291647,71,0.3348456424065144,0.4982554737082258,0.11913132503312629,0
0,737,47,1,0.7475083396736588,775,1,42.24922524340633,33,0.9294661966579498,0.9336299861035655,0.45818652959757866,0
0,535,112,1,0.6270159539456193,877,1,55.156331405105774,79,0.9370235019216664,0.8261854068577887,0.4009089986630374,0
1,605,16,1,0.7335878891756369,897,4,40.850386360418625,90,0.49803108982740185,0.4166416015236587,0.07012283908110511,0
0,777,66,1,0.3869525723544762,803,1,36.43381045847318,67,0.1429760639065869,0.9260209334351283,0.023280153057601005,0
1,319,81,1,0.5917153694552129,112,0,24.59826429864204,82,0.3758995617633638,0.9863925965172813,0.04659248592289761,0
1,515,96,0,0.5127006792286628,572,1,44.87107626908598,28,0.3224103889791503,0.7011169418602021,0.14671640208729936,0
1,434,43,1,0.2717663611517049,351,0,63.68029968083495,2,0.47320916679542957,0.5887664065297467,0.4056795078763695,0
1,428,8,1,0.7004451517779913,815,1,43.14285712758191,10,0.3860205569907288,0.5580786696400296,0.16068724330355727,0
1,709,116,0,0.596172154137237,263,0,37.47301460349319,7,0.8460931094672088,0.4524516965311292,0.09282763163421537,0
0,721,3,2,0.42013922152206656,569,0,33.6414622666764,61,0.10273241721290864,0.6949656268414186,0.19792055272897963,0
0,593,12,0,0.5789482083226971,281,0,19.14248323496355,32,0.6801686681603484,0.43008401326164164,0.06202681117066,0
0,545,84,0,0.8202384147180024,865,0,62.646783016572186,7,0.697843202640439,0.7023023147965111,0.2351084223700316,0
1,385,16,0,0.8413262102464512,794,1,52.27052625336425,24,0.6945639177601386,0.5515290644350559,0.3377770773231532,0
0,674,78,2,0.7196209029994953,478,1,56.54445435516692,87,0.5685352124631128,0.6858591733469102,0.18442430986137387,0
1,745,80,1,0.5741982667201311,268,2,48.76604341465418,25,0.6499936657988227,0.6510304758066723,0.0868057479703554,0
1,677,59,1,0.6605997113630784,519,2,32.91963605024879,25,0.8294448803833812,0.5830685512025807,0.22659874105223826,0
1,689,117,0,0.5080122970844938,493,2,40.247351713326566,16,0.8057771008195432,0.6691829437100038,0.3812446162384077,0
1,350,49,1,0.3012450743953906,343,0,37.491907371250974,90,0.13116283946056936,0.6844203335473915,0.03829712582057421,0
0,541,63,1,0.5084964779088735,204,0,38.74709743932371,28,0.127392882163578,0.9002150569451431,0.03546856101172241,0
1,593,62,2,0.6242662048557075,735,1,38.83906665033803,42,0.8550503314934421,0.7994700060593621,0.15905536971641937,0
1,565,107,0,0.6790672117204672,209,0,61.57164552083727,72,0.6172567187775065,0.6598939586088112,0.20752639370193798,0
0,419,49,0,0.9486407808436967,414,1,75.32572479231393,77,0.961684601742273,0.9431451625454418,0.10823591786419645,0
0,547,51,0,0.821866756024493,324,0,31.91588857296905,4,0.4884324372248282,0.8534444659019849,0.01345531560102664,0
1,369,118,2,0.32159404915574186,244,0,42.46185392511559,49,0.25906763925616944,0.4454301382649739,0.10977982095689715,0
1,356,33,1,0.33934576532234245,744,4,48.25173107570411,93,0.5259114211490282,0.49224749755953423,0.21768493593688149,1
1,681,30,1,0.28039580739180325,791,0,30.29320656047097,55,0.4928898771653708,0.449000730166526,0.03971367221811101,0
1,338,59,1,0.7905453817767343,798,2,45.792183037413956,62,0.5654596432946647,0.5913180158673873,0.35794591432198525,0
1,742,76,2,0.7648978227934857,104,2,50.27456350999287,56,0.8271525104892549,0.6613879724819041,0.2760504222051151,0
1,317,15,2,0.9890903213575049,373,0,43.82983067660548,91,0.6900255891430984,0.7025475536559247,0.21722010990122537,0
0,651,82,1,0.6176187341314789,743,0,54.405429988788285,44,0.2667477946594373,0.9108473192180674,0.2593559216064404,0
0,597,92,0,0.8611319430791056,171,1,45.004930855021975,36,0.7610295307195551,0.410773771469869,0.32790299100851544,0
0,582,23,0,0.6611518869142301,747,1,2.0125509866011555,71,0.6327065919505884,0.6569730434470742,0.4973992528716066,0
1,409,78,2,0.8992693700219496,228,1,30.59244697552687,78,0.6204796574839132,0.646599024209298,0.3875600312707254,0
1,479,94,1,0.7768168314422013,200,4,66.48610886456629,91,0.7104311941920716,0.9684855619955813,0.27018155552692574,0
1,843,97,0,0.7143072119930023,435,0,52.804230927010394,35,0.6075689127908785,0.5446221505745157,0.3852668991706699,0
0,324,45,1,0.6520981367864402,857,0,2.2324828913003927,32,0.511762362704284,0.4734434871432814,0.23761211382979858,0
1,356,62,2,0.7783764195543799,257,0,22.347597328963897,5,0.6763422545326865,0.48535612731038563,0.15545435136402525,0
1,479,79,1,0.5357230741368084,440,1,55.82730346842083,75,0.7513543625955176,0.7120856343566974,0.13098063890763761,0
1,531,71,1,0.2772612645645313,720,0,36.35768172967277,70,0.30319024854807153,0.6345422821032798,0.1997396385501628,0
1,642,15,2,0.23198890303827266,816,2,4.466366124576304,44,0.5473449048143013,0.8524852170183936,0.001141637701234377,0
0,776,116,1,0.5832189852873391,91,1,60.89085850784544,91,0.5123552169386113,0.5939094232921257,0.08847795535642183,0
1,754,106,0,0.6794332657761131,356,1,55.85806312361528,6,0.13591294355015948,0.4767770512014129,0.06326667245294493,0
0,531,46,2,0.26307922445650034,745,2,32.56031340666337,64,0.8509947907816052,0.6321254738326204,0.4801710131734521,0
0,588,64,2,0.4295228391296818,162,1,63.67538453584972,23,0.4396438215445819,0.9298213703935331,0.032423911966015184,0
1,512,102,2,0.4576257647803897,613,0,33.12883988433627,44,0.1654203098810879,0.6433159320526376,0.25048638707015514,0
1,557,46,1,0.650236428166601,619,1,35.65642765779921,60,0.5121091873688333,0.9001766334850888,0.45985896561837897,0
1,829,56,0,0.4227859648342313,218,3,37.71456890443265,18,0.2453327254824376,0.6229180515121486,0.3037601094284365,0
1,528,118,2,0.27651887964480537,385,0,16.567911350595608,31,0.7339729731711984,0.5688313743498729,0.24763453900331128,0
1,525,44,0,0.3318853927572401,100,0,51.190616508351624,29,0.6145944176508864,0.8649176379432074,0.3714966934761102,0
1,734,75,2,0.3391582412833546,292,0,52.801576237172156,64,0.34310242628014165,0.525540716602826,0.17668764580856616,0
1,701,29,2,0.8741559553782092,335,1,38.12208536376106,31,0.9554264732358766,0.5390984237018869,0.09685722016273451,0
0,387,95,1,0.4274557495826332,587,1,55.59380060392278,56,0.36257081343002273,0.42988770284557987,0.4236412295948182,0
0,841,62,2,0.7717533871318056,253,3,21.133110419725888,19,0.5994972162792287,0.5127074267691967,0.028291079487625603,0
0,608,89,1,0.6542709970714446,357,3,55.29120657899957,84,0.8214110418619442,0.6272892361658792,0.4038969945434752,0
1,642,52,0,0.9816310028931536,791,1,49.88097241485499,82,0.5625030681590392,0.6397436192289423,0.05168304497717541,0
0,735,54,1,0.4182581351041618,617,0,34.63968216235145,93,0.9647701081977565,0.6523768521589439,0.31278393895348783,0
0,476,88,0,0.32669841642336017,103,3,51.21173200937633,91,0.859469110281563,0.6878157677412247,0.2385236643273661,0
0,438,57,1,0.2416302701556483,540,2,31.776188804793993,95,0.9289171126008063,0.7431463694554905,0.4992705849610403,0
1,493,83,0,0.39276772982502445,171,0,61.57666355706287,29,0.4354323253789951,0.5136574147572743,0.19396038769580654,0
0,485,66,1,0.7472567091323141,614,0,52.90577533893918,86,0.5935198756701328,0.7683665098456395,0.47864334895694305,0
1,517,22,2,0.2682065797094885,131,2,50.45464026783917,90,0.8561496659440605,0.6019327524815732,0.20189025197590754,0
0,463,20,2,0.39576147611972684,635,0,38.064417460456895,58,0.9131500308724713,0.8404064410834771,0.3408502454580669,0
1,460,33,1,0.8842466945472096,610,4,56.62772743679507,89,0.9499272201716693,0.7343226701117904,0.32183063442261417,0
0,824,72,1,0.6663623594916162,94,1,63.05565803092648,61,0.8912367939517802,0.7325611761028636,0.043225975951579565,0
0,341,25,1,0.2556172322025564,222,2,69.10339050723317,66,0.7576794136677109,0.811292193155724,0.3716829091988946,0
1,509,46,2,0.23814651539981063,91,2,36.820693942358815,30,0.12179332497873702,0.5998113945721404,0.1043338053368707,1
0,574,73,1,0.24889830026061352,561,1,57.27805578652726,65,0.38345810452791684,0.6575397643368852,0.19422047292643718,0
0,578,98,1,0.9535000401178022,270,0,65.93160735881328,53,0.21604265640408743,0.7497387210597292,0.39110037355304494,0
0,550,57,2,0.8798971428488438,744,2,41.35433906032879,9,0.23928274120613346,0.6529333723094354,0.47215684334030367,0
0,609,87,1,0.8759520336150197,439,4,66.08143022303894,37,0.3618164686446028,0.666554484660252,0.2799018281034944,0
0,439,5,2,0.9393734097948367,329,0,47.382970096797266,82,0.16726641146969734,0.5634922436734259,0.2596922505092694,0
0,845,55,2,0.6042043122007282,224,1,29.720193280460105,30,0.318728631091794,0.5724310157539455,0.2524617084068251,0
1,829,61,2,0.39787573691467526,483,1,34.350520889494035,28,0.9612809528852269,0.8193744442028716,0.4082823480156629,0
1,356,89,0,0.5210784033908145,603,2,23.34878345612173,24,0.3807492207293762,0.40256868521608347,0.49655803995571524,0
1,411,8,1,0.7750912583070486,648,2,44.41642349369191,31,0.24374176293162123,0.4571742533250031,0.3167955218890278,0
0,304,16,2,0.900826297217012,666,0,42.59724650647487,16,0.7464701623778269,0.9692859337027034,0.1893112132416951,0
1,709,118,1,0.5480727413596195,330,1,47.825854723598205,44,0.8456546350470248,0.5122108491178041,0.10933215719154321,0
0,713,48,1,0.628304764305649,808,0,65.42553179898489,48,0.38263406463683514,0.6508725351249245,0.09941060195810214,0
0,481,109,0,0.9454263946210026,485,0,44.753500361988614,86,0.3506475795205338,0.9098110816738012,0.42807550080216983,0
1,312,116,0,0.28599890968754327,231,2,40.993060340361396,17,0.31758359311453016,0.40006142351550816,0.49617602887625945,0
0,638,61,1,0.8898393735792991,703,0,42.00742191946063,74,0.45393511515973606,0.9551075136825099,0.34899522021044144,0
0,558,15,1,0.3274459858015487,885,2,17.19975731895928,51,0.17850858205500264,0.43209317433782124,0.4779144746439762,0
1,389,65,1,0.5870890802324962,331,2,55.2519791727513,19,0.7022163039005856,0.5025214297144065,0.17499776658215926,0
1,549,22,1,0.3747385029304477,653,3,42.738112875593586,61,0.840003692730813,0.41746212599944565,0.3137976167188019,0
1,554,3,1,0.6823581045524834,366,0,46.204976422788384,12,0.6973140517652962,0.7117120277407591,0.25584227678664606,0
1,407,102,1,0.6468587373666128,61,3,41.9885259220951,87,0.4790797209037436,0.9658565860513013,0.24100907893109302,0
1,784,54,1,0.5040058913926015,127,1,46.91077649740497,42,0.36006602260981535,0.903421966956422,0.31618681808021004,0
0,557,14,1,0.8906428118760996,788,1,25.323621832870245,83,0.46850154806041633,0.7838491277588073,0.15516940724310613,0
0,581,36,1,0.7278506562304479,802,2,44.98379164117507,91,0.48145373639852396,0.5112931825441582,0.3203111693622341,0
0,387,82,0,0.7769640999695551,220,0,35.939515643318934,98,0.6994187456252564,0.9217582591161905,0.33643076584119636,0
0,503,111,1,0.32052779056613484,570,2,45.52393700632169,20,0.9352543200855084,0.8528652346820313,0.41805666658526525,0
0,315,105,1,0.9065325423804942,77,0,29.775563801569767,5,0.163527840503145,0.56010865812849,0.36524070922615726,0
1,450,82,1,0.33363213089601473,279,0,52.178468106005724,70,0.9580182335952598,0.883053498037514,0.15988723156254686,0
1,553,67,1,0.37822797136796815,255,2,45.321079823069624,92,0.919181155205831,0.9262908028191094,0.22540001611088023,0
1,487,10,1,0.3024441107975044,301,2,25.567811018642242,52,0.20595907030859995,0.8189356074578028,0.060188955604734196,0
0,628,49,0,0.5522873663750525,694,2,59.195033442970704,86,0.26522652797680046,0.46023049058231696,0.12864706881105237,0
1,843,103,2,0.9101673854018479,514,2,37.28488109144081,51,0.38043604130223063,0.9905481059978801,0.26047252997082176,0
1,696,111,0,0.4019580156878877,357,0,39.620700759554225,68,0.6036994368686727,0.4456005933795918,0.05038039043226239,0
1,816,65,2,0.4990027363383626,826,0,56.9732543035599,85,0.22102857647075197,0.7926843928901403,0.285303147899868,0
0,758,91,1,0.8768531360603375,209,2,61.10070172707946,8,0.2803014579446983,0.46631515312347777,0.1951395758481319,0
1,629,57,1,0.6942522238071114,843,0,38.011832328303775,95,0.9124077645457113,0.9432480151724931,0.017383137722619235,0
0,468,27,0,0.8012931149170215,694,2,46.672272257266165,73,0.1983705676938332,0.6099866100534272,0.2172239408053777,0
0,665,75,0,0.3712000395488919,775,1,55.229532907402124,45,0.45899043862540556,0.7069018134326834,0.14057008822457395,0
0,477,113,0,0.7731918906660604,52,1,63.94892133496727,91,0.7867015998928378,0.5072569506184064,0.03348868709554759,0
1,661,5,0,0.382088462913418,635,3,46.33015975087733,74,0.8997248052016643,0.7279373138698826,0.14668493069743255,1
1,339,71,1,0.9898511857685288,399,1,52.07604621713134,70,0.40243830633701905,0.9633039431433936,0.1470475618630268,0
0,715,83,1,0.6479089249013898,274,2,31.290849715379885,29,0.24799375482180958,0.9409798423798941,0.17753683530220887,0
0,654,57,1,0.7565114064345095,831,0,22.315451546646983,42,0.7633104931860054,0.43833755212134157,0.18323748458766453,0
1,554,93,0,0.29472126731320225,189,2,53.32346890511797,58,0.7953019828058588,0.6269551038846024,0.2148857523941221,0
0,442,15,2,0.40052478403325564,402,1,32.89610520764573,37,0.9820300996544898,0.5604588178252998,0.045979063862278124,0
0,310,99,1,0.31179252765148346,314,3,31.13464302212281,33,0.22558766629906385,0.6888168862678533,0.002638891137433652,0
0,325,111,0,0.5121365722173785,550,2,54.62129653300075,45,0.7384787944024159,0.9002374974010419,0.3680036435998343,0
1,720,101,1,0.4273086913643188,479,1,42.78826638329217,91,0.47556328396118974,0.8433110713896583,0.168673224713569,0
0,520,119,0,0.7863378077044554,726,2,48.41355424222646,31,0.9231664938107088,0.6063869152983085,0.3068058877287273,0
0,795,76,0,0.28696718370252094,836,3,25.751361492810382,15,0.4670477959000472,0.6295994977373182,0.1535174099665929,0
0,536,30,1,0.8016474947602947,676,1,31.3339337058063,38,0.5013643380063995,0.7925529952049442,0.4920936702229826,0
1,536,20,1,0.23656385971087002,651,2,69.45928470174545,0,0.21411693836806076,0.5165351012995887,0.15771235215835216,0
1,518,37,2,0.36161426985791395,610,1,35.129912234667955,97,0.3888431065817919,0.4616368120866948,0.3025222012604221,0
1,786,3,1,0.8335719935716823,165,2,41.95061242378666,56,0.4607564233530558,0.5455530785265534,0.10998562430770675,0
0,760,73,2,0.794221312886316,125,2,48.56044508206958,86,0.11575787894006584,0.4744194588114579,0.2589011891884771,0
1,443,41,2,0.5810608911350907,148,0,28.950587132173762,19,0.4938170215985461,0.6111905459483958,0.28966540333515733,0
0,488,39,2,0.23998617206204145,403,1,65.2919976854358,81,0.4026866961405756,0.9625394704356558,0.09141201982034836,0
1,554,26,1,0.6879149933354395,303,0,45.11254461722532,81,0.8234557622204427,0.4721796856151007,0.06182770334899962,0
1,367,2,0,0.5253792831792787,899,3,41.45378054582047,41,0.19640135210121362,0.89099328616544,0.4868006450732135,0
1,635,23,0,0.45322252015837583,879,1,61.021699327543324,84,0.7841900142306021,0.7207888188628916,0.4466338076511077,0
1,708,23,1,0.7123285094612275,206,0,58.676999196161184,71,0.7426103889490607,0.7797418459004783,0.3300335660359299,0
1,599,85,1,0.5492916497613811,778,1,74.50486323556,33,0.31760409500479536,0.5020494208108492,0.43052713562762723,0
0,656,16,0,0.27393688036254293,813,1,38.444515615058044,49,0.17494450150761742,0.4908239868831367,0.047780186497716426,1
1,555,9,1,0.9327603764098755,306,2,77.89916254590915,10,0.8576501011801264,0.4976462060870864,0.3646881241597719,0
0,652,13,0,0.8227944795627031,167,1,54.69210390903139,42,0.3244870384704221,0.8002377258350488,0.14280217267983653,0
1,820,28,1,0.24510255303244197,161,2,70.35605164521627,9,0.23100410773638844,0.8486729600450374,0.2697465956809366,0
0,823,27,0,0.6200510961525565,73,2,59.787058655164536,7,0.4231329417218729,0.9521469666997114,0.3824069591926227,0
0,583,51,1,0.26670205031890265,152,1,35.37028539681778,71,0.4607945412931469,0.6389154116002813,0.016739665072053822,0
0,611,64,1,0.8698318872467881,165,0,32.49436266062049,18,0.3934791818020793,0.6771816304600841,0.3474190905495113,0
0,398,52,0,0.6904111688415775,396,2,17.938159204325892,64,0.9788330012562562,0.6817570095974874,0.21743339523657707,0
1,496,81,1,0.33795930685845477,402,1,14.841328074571567,54,0.8927386023667151,0.5619387416719402,0.2198364359390581,0
1,781,38,1,0.21659307424496063,155,3,35.81601352032919,51,0.8856779468131798,0.596939592786398,0.4536390500330485,0
0,525,100,0,0.2252648097171365,468,2,64.00507497933094,2,0.4588908314686929,0.9080921416460537,0.4298681929648357,0
0,664,65,0,0.6058923776518639,816,2,37.52809259677362,52,0.9665826757646441,0.606233310751553,0.028766872378064412,0
1,667,18,1,0.7874987829414191,605,1,34.85358170881151,43,0.7156137666625279,0.9214576611540911,0.30915771545060716,0
0,374,63,1,0.2966723610671673,837,0,55.49454415427597,95,0.8487952018345691,0.5831606268898318,0.21792308232511243,0
1,341,51,1,0.377027252731966,773,0,32.07700247725611,47,0.5507876125489258,0.6039298975255902,0.05890723215670712,0
1,721,9,0,0.46180795613562586,80,2,72.60847677159173,53,0.24455556387941713,0.7361685230673467,0.42552569314420724,0
1,480,13,1,0.37446142564892243,166,3,41.07498767631538,15,0.8981969544862088,0.4618761082859355,0.03575553652385138,1
1,844,40,0,0.5130692501497269,187,1,58.96032950868056,29,0.5377840654349569,0.9532373602997254,0.016048697633454567,0
0,370,55,2,0.6476920046120609,85,0,41.998988915942675,91,0.9716994181766773,0.8922399031831116,0.09875776997665064,0
1,404,109,1,0.7479493985930474,622,0,45.36865713409715,27,0.32937491026227206,0.8023022965045463,0.15168962830004618,0
0,499,79,2,0.9710201457657828,773,0,61.9062873832835,15,0.993141092288102,0.9928750082188761,0.030440388713721955,0
0,400,43,1,0.9446749357465556,457,0,48.44025641044106,50,0.30018221377493415,0.4095996168081413,0.32065572955164096,0
1,606,44,1,0.6561015798631316,472,1,67.40691521802188,32,0.4313500822211225,0.6466361898593938,0.2185750120907755,0
0,676,110,1,0.7873200451650837,355,1,33.2507433179953,24,0.6346148706324334,0.9150058349990046,0.20609443080461382,0
1,698,68,1,0.9606977637003424,669,0,25.514557754218107,17,0.7239907532660456,0.6598103678643948,0.07267036698071194,0
1,520,33,1,0.2667775556331239,667,4,18.76010575755504,25,0.7482539521057665,0.4031448020855624,0.21889454181863327,1
1,481,24,1,0.20450780788914333,858,2,63.8244859294247,5,0.5286271680349953,0.4946524693575724,0.1950829722377037,1
1,606,36,1,0.22383981098366662,109,0,58.52382673833331,37,0.1691442611776917,0.6604434474320515,0.19182135996061456,0
0,821,115,1,0.6506794898983711,503,1,41.01543106031587,43,0.5464433365444912,0.8007687165716342,0.1092835059358705,0
0,695,105,1,0.8102667402420274,406,1,49.48132967982282,66,0.4012191572827567,0.49759256103089355,0.0472186673961531,0
1,303,10,2,0.4936599605960277,898,0,61.04164913334034,42,0.6918900481168508,0.6688258361790219,0.13035396567811397,0
0,580,100,1,0.6361913397820949,362,1,42.14651839140817,5,0.26404802574914044,0.40767312264132655,0.33363508244526263,0
1,514,20,1,0.6130930548388296,204,1,18.5992082977078,77,0.4545210922762176,0.6865003133405784,0.03646171838373585,0
1,719,105,1,0.2758167132736157,686,0,18.790419470514312,63,0.9695072386004798,0.9375546857435055,0.19116222062237576,0
1,400,109,1,0.4572706113792392,470,2,28.58000191230963,81,0.17998065930727217,0.758060818914154,0.2571881153161763,0
0,820,108,2,0.2155481241458416,155,1,46.53306764130682,79,0.6421007421470443,0.6643933787363014,0.4815759063028167,0
0,608,75,2,0.28856455104520873,723,0,30.87562795729506,87,0.18158340614368218,0.49735560141659463,0.42191250105017397,0
0,809,12,1,0.8494865783278223,248,0,60.50230939152539,12,0.24129609034596383,0.521451138109907,0.45830666636497125,0
0,362,62,1,0.8635307977986553,307,2,25.896014984463267,64,0.6444409497517515,0.44590597004204746,0.41000077074741376,0
1,525,18,1,0.8415570560360559,514,1,34.59805457480353,37,0.4995959703200078,0.84544662613636,0.2945572892279137,0
0,404,94,1,0.7814549127617894,624,1,17.679746862867887,63,0.5936490972551535,0.4462811665448844,0.4303934022660062,0
0,724,108,2,0.8346502771199213,170,0,38.32212431779485,13,0.8918849535355834,0.630369297240521,0.28262372548174924,0
0,554,112,0,0.7367858730156147,875,3,45.10682053222821,16,0.8355162182598752,0.8499068161076528,0.17887399652092806,0
1,728,101,0,0.7358666710530308,636,1,61.16637876177485,76,0.8991833044856615,0.8276936196480971,0.18617100030958156,0
1,733,63,0,0.7338894379934464,735,1,46.79976575757198,12,0.6546294287543911,0.746519299951165,0.28273085665834913,0
0,506,84,1,0.6112342317425634,139,1,56.11350488802328,72,0.5406788527426128,0.7427846404756409,0.40471981136310664,0
0,327,25,2,0.49067778677187557,81,0,60.076698366376306,5,0.5132778236020197,0.45419684817514366,0.06682634410569971,0
0,635,12,0,0.7841562129292441,644,3,50.88412132313087,5,0.7658277006001996,0.504949163052694,0.019632609815715185,0
0,368,21,1,0.43891681086939327,642,0,31.55082414842576,93,0.5691698904924667,0.7208466742643265,0.39478431307768874,0
1,812,25,1,0.6343217051820954,683,1,51.06906052564503,36,0.19519191663599694,0.6088481969533479,0.32379603461193335,0
1,466,11,1,0.5466844961743051,742,1,67.31706522480769,56,0.22774512165243518,0.41136226065600345,0.41065515292688093,0
0,667,64,1,0.42129782167496094,348,0,40.27588260325934,52,0.42137449094251234,0.8789000397274981,0.4883382634964754,0
0,550,73,2,0.9797519363619707,228,1,53.319764088197374,45,0.16104103477406984,0.792287960264498,0.12569700571005032,0
1,469,50,0,0.40700131616145563,825,2,52.93250750624641,77,0.3153080975139372,0.595471280001458,0.09714598767374072,0
1,389,62,1,0.44743445097842405,758,0,39.465350227299446,3,0.6907607678921918,0.45892311837542443,0.17048927369965017,0
1,745,89,0,0.32927000140645457,75,0,59.05993608651125,33,0.1111872810675219,0.754720456385221,0.4389811494367706,0
0,593,99,1,0.8583845002514325,534,0,39.22962562789175,65,0.6436835790233482,0.6091297411399871,0.006981933977398491,0
1,449,116,2,0.6692715204435915,569,3,51.795773493928834,62,0.7951212308816471,0.5532336022048856,0.005266129359015659,0
0,431,96,0,0.6904314051779086,543,1,41.40939086326894,60,0.25313837637798764,0.8328815518096953,0.1083931934552671,0
1,732,49,0,0.8564491294392782,46,3,45.65441956649037,80,0.26287170688216777,0.5968900366296614,0.1879581478667205,0
1,358,14,1,0.4743357269039035,344,1,59.003600031724474,41,0.12597072986213262,0.4816290949581477,0.1511730441575489,0
0,498,1,1,0.354906740304171,465,2,15.79547106392662,77,0.5612050349501154,0.6889922486977561,0.41245892138743045,0
0,514,81,1,0.35872429119512317,417,4,54.25495171438613,63,0.6891288011854455,0.8970794729497041,0.34486119282332944,0
0,771,25,0,0.7860958571698076,106,1,55.607524723631414,16,0.511218623876157,0.9097952705197764,0.41891684096043924,0
0,546,59,0,0.6912921235699581,400,0,36.3764872042434,60,0.45050392866359057,0.9096058988802092,0.19188014727688318,0
0,681,72,1,0.3650711028656711,194,1,44.52967068935961,29,0.5089715355643005,0.6525519036408891,0.2979051423650471,0
0,538,69,0,0.3160523157123389,638,0,30.356911460898097,42,0.8033753968521897,0.8745605267436609,0.25772772459845533,0
1,666,5,2,0.29654984412957824,646,1,33.01477338879769,92,0.1301628766108231,0.9101384607792761,0.23736327422172954,0
1,467,105,0,0.7022389181624302,53,2,49.064348988611016,6,0.8054367047493475,0.6757229261155879,0.14405160488558638,0
0,350,99,1,0.20009491592868,741,1,84.3770912489792,72,0.6997079041001121,0.5912436333522277,0.35461031524564124,0
1,679,19,0,0.214655474082835,64,3,54.95946285637103,45,0.3172838987416779,0.8211787280863563,0.26201480298692376,0
0,773,23,0,0.5116425085008762,543,3,32.27528419346394,22,0.5722657536161639,0.942681563413597,0.039301390544472126,0
1,379,9,1,0.75307989142093,830,0,56.63692667966627,35,0.14436160358720007,0.9832914910747074,0.00026119216820008617,0
0,666,118,1,0.7560315011979231,873,1,53.71332797537774,13,0.44162980330537116,0.5741348834062933,0.010159524427612698,0
1,760,94,0,0.5440946188861525,883,2,19.097014584305853,19,0.2566382311694214,0.9737026336790303,0.037975017623841256,0
1,838,50,0,0.7528588852836557,490,0,40.2617849272593,55,0.12007034741858859,0.699569348024496,0.18547709556656683,0
1,751,16,0,0.6168769436641004,167,0,42.86179143207888,80,0.4213805479893693,0.5836208225805883,0.15283284359007915,0
1,763,33,1,0.9815451334378522,878,0,46.77121649848185,31,0.7535011756549921,0.9930388661341174,0.07832118930450743,0
0,777,2,1,0.32996817106946646,603,0,44.527274112292915,24,0.9289196806225638,0.9266847850743063,0.25772465089014346,0
1,719,14,0,0.6805338141644846,840,2,47.216504241997114,93,0.6960371617815848,0.8154499535651742,0.48509070665144766,0
0,513,110,1,0.5929910207608029,738,2,30.97282502416997,48,0.46177311531735143,0.9369653380729838,0.08034831935544501,0
0,668,1,1,0.35557307572615554,600,1,40.123050025013555,56,0.9995465011616899,0.8088927236229501,0.12529573209938594,0
0,413,90,2,0.7999923457133629,294,1,41.01318994650261,26,0.3546491572901893,0.6642422790652569,0.231051511237017,0
1,802,58,2,0.42040641594559625,362,0,62.39943311161589,26,0.2684182894373625,0.968829734232403,0.32042037643727644,0
0,610,89,1,0.5053678552748333,217,3,34.53751214374708,45,0.5173140423033262,0.9779486066296558,0.3001249954328226,0
1,768,16,0,0.499864455670024,92,2,41.33270594103046,94,0.5544202738976269,0.588505058373843,0.26059963970582917,0
1,343,79,0,0.3953635785503591,849,1,39.65997879408129,44,0.4193410420389937,0.6126372007379983,0.3686341068112117,0
1,714,90,1,0.5445642653587242,308,1,68.8106350042,25,0.725949171140788,0.6296322644592427,0.42297277963857677,0
1,545,47,2,0.5786767047420946,571,2,54.977484659135676,13,0.2654779707353954,0.8932875710303448,0.49948345370856273,0
0,383,44,1,0.795377338247446,200,2,30.994534633026042,47,0.5593057837757255,0.8746873905058614,0.23275527497431892,0
0,506,80,1,0.8120548595016297,532,2,50.961699863291436,84,0.5501142626507094,0.9898690628536768,0.4974783105632264,0
0,450,14,1,0.32684477463332967,562,1,29.825687521304033,91,0.8414077804134753,0.679128206219416,0.36524970513893545,1
0,827,93,1,0.6742178394620257,328,0,48.90859809045729,14,0.9342713788847243,0.842060256440557,0.3286708755893752,0
0,464,24,0,0.9169582386235164,230,1,65.49044740916982,93,0.6969392863395937,0.9140322819072849,0.31984153283316713,0
0,444,111,1,0.2870292871076487,164,3,15.655202683881555,88,0.374834431301177,0.5327382628803861,0.4553721473806325,0
0,336,55,0,0.5783312356273109,301,2,29.87679447627533,50,0.7206499178814619,0.7723332565069794,0.47396715302831527,0
1,632,15,0,0.8002824979266743,564,1,47.337645233415614,53,0.3262340163164509,0.7286246058383193,0.08924666397851494,0
1,702,83,1,0.6891930675058746,471,0,39.059910979975186,10,0.9698899514315837,0.84569620300024,0.24671192053264546,0
0,713,72,0,0.28046852527729915,116,2,48.20913451618468,74,0.8401259071744416,0.8172567895706015,0.47072492507482655,0
1,344,34,0,0.517284900280778,60,2,43.75002787686887,27,0.4880712299194342,0.8876755665109823,0.19105641549579527,0
0,701,2,0,0.6057915985734912,150,1,19.788181536715154,54,0.8059091654274366,0.5866871142108784,0.11633826783967133,0
0,505,27,2,0.9966764813730185,98,0,54.329714910317094,68,0.4677900808257174,0.5298138350041565,0.051326589160997804,0
1,361,74,1,0.3428863274589222,675,2,24.977571253825232,91,0.16714914290177307,0.8831192385444551,0.29860880177200255,0
1,719,99,0,0.9859390137280901,856,2,48.082786093255706,71,0.7360919857005449,0.6163380586163381,0.35013641486618247,0
0,767,87,1,0.5009198273835551,525,1,38.18247448734615,25,0.46415244972559655,0.5725441347559471,0.09777399318861119,0
1,318,113,0,0.3602563888590571,175,0,81.01605492355847,69,0.9372878351054756,0.6020911153161217,0.33681905658604344,0
1,664,72,1,0.5312872656991968,362,7,43.186696924308386,31,0.375905092896358,0.4398123946306165,0.44980959609179194,0
1,599,92,1,0.6911960992278537,510,0,50.26499387654588,47,0.858999539309134,0.8638866076943605,0.12178972714869712,0
1,306,23,2,0.37079791512879673,292,2,53.3095338852291,95,0.7123940606860878,0.829095795124048,0.06099994782584384,0
1,727,68,1,0.4331512666417022,322,1,50.06432295755792,11,0.8679921545151021,0.731615472297244,0.4177119863399343,0
0,416,14,2,0.8836372013882319,458,1,44.5997829924238,69,0.3626936893842,0.8296509879443257,0.4582232181931219,0
0,806,63,2,0.9992075693350944,115,0,30.141375176876885,76,0.5152108629867798,0.6238799000489772,0.10743097122294681,0
0,845,117,2,0.45453815319874113,45,0,43.322860764963394,60,0.8408161101118872,0.5772214456662277,0.3606902746173321,0
1,624,106,1,0.31908544315995224,757,0,17.01171378032126,33,0.6794369372660801,0.9173805936088875,0.2954597315261858,0
1,354,93,1,0.8345366559952334,657,1,52.313370077480464,86,0.4239297095458011,0.6534727421735238,0.11959822656589886,0
0,341,65,1,0.6803645498201162,147,0,88.80735606630917,80,0.56079606313837,0.5175473030708141,0.4118288443905018,0
1,596,68,0,0.2803209147004809,299,0,47.650358013452646,44,0.9964882849269481,0.8494263493674048,0.23521870734106542,0
1,530,63,0,0.9574171851488169,424,2,50.09262020230512,59,0.7676631958724938,0.6015231125717155,0.35016693722946773,0
1,752,96,1,0.2624396227199136,884,1,21.72138842801347,64,0.6530703875020262,0.5271107805398363,0.15071141503156965,0
1,693,97,1,0.700285121306913,191,2,32.760603573197116,70,0.8451202423901641,0.4163285666295352,0.40789080003555556,0
1,821,113,2,0.5391498047148652,729,1,58.42255032216852,12,0.4978273048949531,0.9823610549688747,0.13214297928877355,0
0,657,90,0,0.6452991345919488,133,0,23.290809402026678,77,0.9550576041820168,0.6803736303686603,0.18239362162507583,0
1,743,81,0,0.37057135652811557,682,2,34.080282623310815,80,0.596819105826123,0.4970547238167638,0.1957345960693918,0
0,427,103,1,0.7504883194005214,196,1,53.51805543506311,93,0.39418493466365967,0.8546866957304378,0.103213419557592,0
1,704,87,1,0.9677757513066718,329,3,57.13671499432589,47,0.17741797981446905,0.932590676827778,0.43718471095111244,0
0,691,64,0,0.5667406992359325,57,1,43.364037062431244,48,0.4381256973225012,0.7167807955593167,0.056743919976414536,0
1,492,32,2,0.6183666220545818,453,1,46.840471031172875,97,0.6117745393329134,0.4170156752707253,0.2815645326924645,0
1,377,116,1,0.39184933645510506,813,0,46.80554649415228,90,0.7329233248599197,0.6190857768407474,0.4070754246170676,0
0,384,79,1,0.9134943870008649,591,1,26.4994577743481,57,0.887605023619966,0.5458609813790563,0.2904524714002046,0
1,329,13,2,0.9769395241119667,185,1,43.899989966664,88,0.9495647517914333,0.7818384819135786,0.16344824774783984,0
1,348,66,1,0.8290375080688435,353,1,48.628406919576115,98,0.19220846156301497,0.7113146810510217,0.3906775301330298,0
1,444,19,1,0.6342188017278432,377,0,43.673923886427694,72,0.6408144873980334,0.6134421062396023,0.24958869443986614,0
1,368,24,2,0.9654374596069046,150,1,16.11656973344696,69,0.6999306842467233,0.7891030828429224,0.08150642483336862,0
1,357,109,0,0.3230800442938215,681,1,68.03469052531308,60,0.25485743529402294,0.7506575692590409,0.1584316374263839,0
0,778,88,1,0.5827926879161748,557,1,28.599409704793363,25,0.5910406122370735,0.9438940746761572,0.2959699091927901,0
0,744,11,0,0.6300845653811304,850,1,46.08192387713671,38,0.4013502720222476,0.7580817713680499,0.32938825639899344,0
0,595,59,0,0.5935331358019014,590,1,49.82686083655012,57,0.16967559878732205,0.7046271308269791,0.27406604533390433,0
1,470,86,2,0.8419346297429626,193,4,38.177676741702356,26,0.159279392050428,0.8942020504924374,0.13600471780682433,0
0,446,15,1,0.7363223128130914,91,0,48.66763183582739,39,0.7832916823989251,0.5214518015563859,0.2968763200900813,0
1,783,10,1,0.3013267727346094,369,4,33.370958070369554,30,0.6539099066848194,0.5461387707034374,0.16622576659706706,0
1,605,41,2,0.47716104587444835,695,2,77.20647705814582,2,0.7436095104073317,0.8701438810647943,0.11246053745148776,0
1,745,27,2,0.4712614787095091,341,3,41.09238370077541,87,0.716750339082754,0.6654101362194031,0.47276432948991337,0
1,520,60,2,0.6525057542343429,405,2,58.485144097018704,14,0.22088106980126804,0.6455415172554994,0.15743670156221196,0
1,677,73,1,0.43316673412631757,375,1,28.610572583579877,53,0.2364087308713548,0.932246772686683,0.1678102273642748,0
0,565,52,1,0.2938174156431285,179,0,55.81916867811589,69,0.32723535178640484,0.7660654205758409,0.4483882273819715,0
1,394,28,0,0.7229461325257083,614,1,34.241904542978126,10,0.4591905282682208,0.881745484239891,0.07134648771952701,0
1,561,65,1,0.880829550828018,610,2,24.102808739298343,29,0.9452586024438687,0.8859033223658118,0.29229743638159794,0
1,370,17,1,0.9452864763727391,206,1,29.02374926025093,34,0.70650312524465,0.4720159949870612,0.3918553176454036,0
1,518,95,1,0.9780627341275807,383,1,32.281345309366635,42,0.32965474100503117,0.7922214378818222,0.13683271819321968,0
0,832,44,1,0.8248934769672112,543,0,46.671797958229085,60,0.15038569164460594,0.9715098032236488,0.42204053048602913,0
0,391,10,2,0.31176194263352175,338,2,88.13684826141993,39,0.7158015377257358,0.6880162537768464,0.3848244895078952,0
1,426,63,1,0.8824894593893797,148,3,86.03513557407962,92,0.6627866237344469,0.8393094553134011,0.2430470336333742,0
0,379,101,1,0.5199680587059792,548,1,40.172217931339496,86,0.7081870765259233,0.7400397399667077,0.059357852383930765,0
1,537,93,1,0.783929051033891,796,1,59.39129380099539,41,0.3350616886527218,0.522907584544583,0.4850535797633266,0
1,671,82,0,0.6250144039686687,507,1,26.193343917276856,41,0.565266895502827,0.5171161874313454,0.31211511201639525,0
0,785,47,0,0.862884906919027,443,0,13.439064935842783,2,0.4255325212523401,0.6602998991115835,0.25854920209620225,0
1,324,38,1,0.5404045862717509,616,0,45.458779443041266,89,0.8359290450511707,0.6897943442856542,0.4427247925977124,0
0,455,103,0,0.24943504859201662,380,4,53.19434575363473,77,0.16245699590680113,0.7018794655878828,0.21067810482678795,0
1,816,113,1,0.6454589687059766,535,2,56.74884276068112,82,0.3478976104974723,0.9730004545015315,0.28182067552918455,0
1,829,70,1,0.33703244373413854,224,1,61.19547275214835,84,0.6426583697533321,0.4601527264824859,0.4292064942179067,0
1,356,104,0,0.9724141058823381,216,2,40.04331803100406,20,0.28470139936661937,0.6283160405786972,0.1964860914840239,0
0,318,76,0,0.6215704526603933,479,2,46.08062153979195,72,0.705442092375587,0.7087284610726121,0.38619579002957544,0
1,683,53,1,0.6428470350698083,525,3,57.31858154520582,76,0.2230952528801377,0.9778676436405412,0.12806888644799552,0
1,492,78,1,0.9258125702518543,544,1,62.90202642820812,52,0.12053106268723282,0.702588890204223,0.3511825510669291,0
1,536,44,1,0.6996681961209399,725,2,31.39299525356467,43,0.8771450795606082,0.8651654320725364,0.2552174318154493,0
1,686,119,1,0.44218350175176574,876,0,48.16016116188195,45,0.40009996126655223,0.8495668648253315,0.0824533980901545,0
0,725,74,1,0.43687569353069694,302,3,54.743293341754224,36,0.24116408475492912,0.7398664296570832,0.06800373019812161,0
0,576,54,2,0.6012629199251649,81,0,47.21328878861153,37,0.25543812317121983,0.47842186119159,0.22884410352498114,0
0,526,20,1,0.8932865831433272,292,0,35.6693478833692,87,0.8973058546311083,0.5312552259749562,0.35542355451270885,0
1,622,79,2,0.835783472589023,397,1,45.046390525127784,37,0.688988265532131,0.5440841551729008,0.30164799433919,0
0,452,31,0,0.9701924688454759,162,3,52.9459485603544,10,0.960711639931081,0.4231957885930803,0.42736251470869346,0
0,536,7,1,0.25750889828176293,254,3,33.59022256475492,92,0.8200362910401157,0.6275308059146745,0.19483082465266877,0
1,354,58,1,0.41466085517147094,339,0,27.04141741050553,44,0.7907884165253524,0.766308233425741,0.4218210693536029,0
0,735,105,0,0.2641661662509808,602,2,75.89314232798917,63,0.549838593617574,0.4865597792433875,0.018514227705360875,0
1,408,10,0,0.8008633551219491,45,2,47.81294640454396,43,0.8387244088355309,0.5050216058791976,0.18290230826382237,1
1,483,10,1,0.3126669513203069,770,1,59.075254695364976,80,0.47138728459766654,0.8241917970415849,0.03649152930017541,0
1,667,112,0,0.2799090543980854,224,2,48.1424437159242,61,0.844300447329119,0.5015520332875383,0.45962208525116793,0
0,497,39,0,0.6493377656796461,792,3,60.75476109055471,89,0.7819671625184105,0.4812013465713739,0.23765608837890395,1
0,670,28,2,0.5291877696953269,472,2,46.18767694462459,60,0.710594763036446,0.9867051318738568,0.15807822252135456,0
1,672,30,2,0.7720810710099737,332,1,53.80670172983462,89,0.39674456736711095,0.4088411684461168,0.24624385271852878,0
1,796,37,1,0.5896123133602185,77,0,28.357044644161224,11,0.6676404735777042,0.5952449016126177,0.26642303759337976,0
1,500,119,1,0.5402676767523622,776,1,18.523183721711547,81,0.5561088622975713,0.4209619968343853,0.4231162358943079,0
0,808,67,2,0.5404003589975768,150,2,37.85283238268917,8,0.5153885802333188,0.9028289161567514,0.27121386812653564,0
1,621,114,1,0.8975011043190837,528,2,23.61309193879626,66,0.991221700045128,0.7501214285605425,0.21569071149914776,0
1,574,43,0,0.5161805205779731,861,0,13.245273587275367,73,0.5539580468474231,0.4287711117362936,0.48067722368846405,0
1,510,79,2,0.4667177022157068,591,1,49.526215226123256,1,0.12878758486330033,0.7692172924163202,0.48427906903497214,0
1,803,85,1,0.47082806161818347,498,2,18.459578979950347,7,0.6638210821737047,0.4738578355799721,0.019208391847186757,0
1,417,52,1,0.35728063745191224,70,1,59.24243482921101,42,0.7552097605248741,0.6974395646332335,0.35342287847275783,0
1,341,101,1,0.8885510804591916,485,1,66.6177835020888,17,0.8966654823850696,0.8016477487255074,0.18587903277522078,0
0,614,56,1,0.31730465202206526,563,2,23.355154068563156,51,0.6694162540505443,0.4891042197004186,0.3375998349189669,0
1,628,76,2,0.9268885902396844,400,1,49.329984248189405,38,0.11751140547865796,0.6982302446475815,0.31846119702821457,0
0,316,68,1,0.426774177528805,211,0,72.86901218042165,30,0.20776990223007286,0.6744465574462271,0.1650522566758852,0
0,582,111,2,0.9195414577390775,546,3,37.920308433039416,13,0.24511604424221234,0.9494502861539673,0.49332936151036205,0
0,557,9,2,0.8326565254516618,686,2,54.162696838137435,63,0.2901352177241593,0.9974208367451831,0.17855472684981033,0
0,318,103,1,0.665590016760287,898,1,80.89355262096552,96,0.8197992074395027,0.7926846679790416,0.315990794298916,0
0,828,106,1,0.7355760031348793,619,1,19.842766837508478,92,0.37878404500825436,0.9129154933722561,0.40669320285938826,0
0,722,92,1,0.4606752726599422,260,1,29.710738274851956,43,0.38112609049377455,0.7881291744621601,0.07273249065475962,0
1,765,23,0,0.6593828914621299,838,1,53.46136649072101,59,0.7800286968799554,0.9257717532585921,0.1502841956958471,0
1,672,63,0,0.43392232058135766,377,4,77.58657932338242,96,0.4711929170692205,0.6599632311389787,0.09948635928749822,1
0,380,109,1,0.5218182511123693,508,1,34.33174749828047,98,0.15817557875842272,0.7647939147001815,0.3909112123993976,0
1,847,61,1,0.8117300441833959,238,0,81.53597789162833,1,0.6266138011845714,0.9071017138920682,0.4006042709784657,0
1,723,40,0,0.395146051048173,704,1,46.97934221094369,98,0.21706091785418508,0.9508514321325505,0.12797193072659319,0
0,728,44,0,0.8710768126700301,709,3,15.491165042987848,31,0.6144978519722613,0.41480963999031,0.0020650945692478606,0
0,687,86,2,0.5007062829319973,307,2,68.85722439109287,35,0.8016742968597103,0.46237161537252675,0.2116752468734997,0
1,503,24,1,0.6257359686849449,778,0,38.04564218085002,54,0.9365406735945458,0.9587032368028762,0.3435688070310146,0
1,495,51,2,0.9535683900502987,717,1,51.72787917888059,86,0.1603473462543148,0.7411052618407188,0.3112510898912634,0
1,584,58,1,0.7450045041494999,82,1,20.112454687000934,62,0.37356992538624156,0.9941152563603178,0.222849895547786,0
0,495,90,1,0.7164832902757019,890,0,33.70122623011438,68,0.68721758470717,0.8755798256301323,0.150970818468727,0
0,606,94,0,0.7692861820840233,39,4,22.546921151389828,79,0.38390770256031026,0.8908841102458867,0.2371936710464168,0
0,313,33,1,0.9344890710084492,687,1,20.955096559339353,39,0.5059230500737348,0.6316735045906043,0.007551404769847003,0
0,445,16,1,0.39881096737720867,768,1,46.47059396930126,23,0.11808177628986644,0.5545248327009994,0.03693530972687614,0
0,356,22,0,0.6905929646394707,777,2,53.50166203223316,57,0.7241482055456561,0.7589555043891281,0.08133839543650245,0
0,509,113,1,0.5203150835069219,493,1,36.79862777981919,27,0.8949521183608115,0.9274192591809994,0.3127026785069524,0
1,828,57,1,0.20948423456819515,783,1,23.44269315283185,61,0.9791736830316594,0.8354191052249884,0.10939960554309203,0
1,643,62,1,0.30024071712488737,846,3,25.858414894406565,24,0.8474800140601867,0.6833050841043671,0.21168945952027607,0
0,578,114,1,0.45999351621087076,612,1,50.57444457049561,6,0.1285986361814904,0.8519202856246231,0.3107054204172035,0
1,508,107,1,0.6519999769455326,187,2,46.660358558203285,37,0.6866685713591285,0.8142385739245569,0.41528840367713,0
0,634,82,1,0.9051798213570172,48,1,50.82112009929577,70,0.5460933216824828,0.9478308549429575,0.27482826023953133,0
1,587,71,2,0.8328912945611517,84,1,68.37607833909253,85,0.9441059438925238,0.5581343338789021,0.08856325209885257,0
0,551,114,2,0.6426669379382164,756,0,53.63024320771809,85,0.9119249782245866,0.47158687555420586,0.47586976248749646,0
1,564,90,2,0.2590963343259741,750,1,51.135440970187425,90,0.9892415569439865,0.6820306977833583,0.04500757477344458,0
1,570,72,1,0.4287250323159829,50,0,80.53074697792125,96,0.8757408018355144,0.6166484865172908,0.18355964550651271,0
1,718,70,1,0.49336691831379514,311,2,40.87823346299899,44,0.5922029204714356,0.984916688240187,0.46066197035196477,0
0,510,30,1,0.6973737481630741,790,4,80.75513071107304,31,0.7434104638690952,0.4045025125997522,0.30116673190716564,1
1,664,103,0,0.2519388983838729,569,1,66.358255352341,31,0.968209512729886,0.9600298371878777,0.33132613061242655,0
0,375,23,2,0.6241548436003788,446,0,40.5311188656451,0,0.6203050549899333,0.9730475334999784,0.15084632225410166,0
1,620,32,1,0.9211716609157659,837,3,57.07258261757226,73,0.855981268311037,0.4305750260610737,0.03926927767509569,1
1,732,86,0,0.7643461565579224,752,2,41.77198708772477,44,0.9479888885098539,0.9337419106874002,0.18288048876272,0
0,408,106,0,0.8376614452502051,314,2,23.4540688628229,63,0.6134839221239146,0.6824673037788658,0.2010786784084772,0
1,821,107,2,0.7453405186872588,561,2,44.879411173175825,67,0.24323882147215925,0.8596904418723198,0.13513618078069717,0
1,346,57,0,0.3652712897380738,561,1,22.993105055122328,92,0.24000705382619297,0.4475533186809685,0.10774269526993063,1
0,678,109,0,0.28838705605281495,540,2,48.494471276173805,6,0.20378545675116386,0.9731233564708482,0.17775435371541326,0
1,395,9,1,0.8635925384039271,871,0,57.007197587880775,37,0.5286908622474462,0.7645290850324387,0.3197084383817894,0
0,402,31,0,0.7564035488124228,425,0,41.74640257808308,69,0.5321274204454789,0.9392165819917263,0.47451737355914536,0
1,445,71,2,0.6600492470530945,149,2,48.464361765831725,52,0.6556340695340833,0.8037778565259683,0.3518903683965208,0
1,326,9,1,0.3514262919745968,126,1,48.215874724303276,74,0.5345855327086719,0.7220861764338449,0.38980154247278775,0
1,829,13,1,0.6826759722494027,149,0,57.665243809374005,72,0.9757495139356225,0.5034974105958596,0.1530334847675251,0
1,381,58,2,0.22505742817772784,566,1,46.34213282796288,29,0.3621797385390577,0.5067724781252803,0.052346241364024604,0
1,727,3,1,0.2950713075151676,182,0,40.27910538692219,21,0.8864349629901886,0.6835421751718176,0.14575677273457183,0
0,778,35,1,0.44951211984353967,274,4,56.98410593097582,57,0.1902973848554752,0.9222653293848263,0.201327105669745,0
1,461,97,1,0.5549906219289316,801,1,47.37837278594003,72,0.6417259102330575,0.4691312067291138,0.3449406732385084,0
0,701,21,1,0.2964515966576003,545,1,12.966647572015063,54,0.6834926956235802,0.9990310897754463,0.4696792835152122,0
1,807,64,1,0.2959521470860287,422,0,39.7457019090897,45,0.7950071139188059,0.9255473539008996,0.40464625717827346,0
0,337,95,1,0.7807149284669084,172,0,37.242430845658,96,0.5527199916506806,0.6355352623987921,0.13320014279505998,0
0,810,52,2,0.6557755252267885,533,4,47.211888605963196,25,0.2775036583227723,0.551870998454659,0.4101503406852927,0
1,692,34,1,0.626993584622132,823,3,45.599859711961614,63,0.432097851307096,0.9531976570993925,0.20587338762745394,0
0,793,96,2,0.56194759609404,876,1,15.7446151065956,79,0.3449453648460663,0.47392697154198143,0.08771940931704608,0
1,499,35,1,0.9812344850756511,887,0,22.624174673195544,8,0.47719496407168205,0.6083739612514987,0.23062674428488877,0
0,554,15,1,0.23984022631550142,249,3,30.7070925479122,86,0.5769714769414303,0.4503474090963962,0.28161027262635274,1
0,478,96,2,0.34450174092926195,868,2,45.96682624841991,14,0.6625632622395244,0.9720773678387262,0.3817025546791223,0
1,846,6,0,0.71800620592099,189,3,61.107627419274024,18,0.8606097504250861,0.7705737692052324,0.174948245854046,0
0,688,109,1,0.3090925230809931,105,1,20.94534403691107,15,0.9190092889543201,0.6017077868040632,0.0733896605193658,0
0,697,85,1,0.671504750407339,640,1,34.91827573143688,24,0.516323156411231,0.5652898992222365,0.04717677364590123,0
1,457,97,1,0.6542089803848641,721,1,44.272887334342904,98,0.17980429362062855,0.6664565761258149,0.056222991700421554,0
0,303,32,0,0.9768041469117137,668,0,31.02901501491072,50,0.8173586706415485,0.4548270862043625,0.47501170983879426,0
1,466,52,1,0.9067091896392179,61,2,46.31070468829443,76,0.5294419526263511,0.9336093581392493,0.47587562758891794,0
0,767,83,1,0.9564426750139621,806,2,54.60412422770102,45,0.591801941234135,0.7065642261704362,0.4843782227026716,0
0,708,97,1,0.2908818955791837,363,3,33.64783311476104,6,0.6362147259756445,0.8350588748099825,0.1512444342764132,0
1,711,28,2,0.8945187498033511,554,1,49.91375208266245,33,0.7010809828677912,0.5402475050166593,0.09580721027393652,0
0,503,95,2,0.3032725293826448,469,1,43.282211950626646,57,0.901090774029257,0.7022495565260127,0.49045723645813577,0
0,493,85,1,0.7063457428351911,381,1,27.76347071104797,77,0.956931575689172,0.5266516817961735,0.4941320450617342,0
0,534,118,2,0.7760625285424019,368,1,42.88677566239956,22,0.9461523871524581,0.8896567687723582,0.03917522097515769,0
0,449,98,1,0.3286827985194287,429,1,51.849989590349345,22,0.8285172870547309,0.8651650059046234,0.37626405018880804,0
1,458,64,1,0.7061275007436318,425,2,66.20614507144265,16,0.9003180282254225,0.48892139451783967,0.144331980656414,0
0,578,79,1,0.24196839432959527,231,0,69.66365614346378,12,0.14468929205352218,0.44470414044163975,0.4546493722075144,0
1,703,78,1,0.4346128685942642,559,0,36.48472907886515,26,0.8642013998091918,0.8945180419328318,0.044612508027116804,0
1,610,19,0,0.9369267951472933,122,2,35.58080877834007,65,0.16503871316862206,0.4657887428435583,0.44428886791833855,0
0,367,107,1,0.33738493032149536,821,0,45.60585190167817,29,0.771574516827676,0.7290903884112012,0.0013106329592813548,0
1,762,15,1,0.252215993960262,387,0,36.85954518893437,3,0.25242725943429833,0.7206923787588442,0.2609889365094544,0
0,387,6,1,0.5549425597243676,425,1,63.195487533255104,93,0.42409940123074985,0.5217664408792937,0.1677819237505666,0
1,516,116,2,0.8804945668218174,857,1,46.51036108289861,66,0.26576531123883507,0.7548138795308696,0.2136668768320526,0
0,300,73,1,0.261337905574632,89,0,45.82865265863864,13,0.49911547297354975,0.7016531244787619,0.21689228563298635,0
1,434,101,0,0.4844282921843268,506,0,54.64961670755346,10,0.47057269943495805,0.7055135334238833,0.32680157956784334,0
1,650,84,1,0.9198198676474609,755,2,47.39754264259817,39,0.14325655957546948,0.6158199858548015,0.01154856165331436,0
0,439,98,1,0.2945244399555635,641,2,49.578669720812,86,0.8474481505924749,0.9030571341551004,0.34568205412621467,0
1,432,38,1,0.4485348047295573,30,1,48.94786461854619,95,0.8687678462149827,0.4506223377209497,0.011099064515266377,0
1,477,26,0,0.8227364892285631,584,2,42.83043007818652,2,0.808756519604496,0.6631738287092016,0.09263688016375671,0
0,657,82,1,0.6345687897110435,340,1,31.463424582577417,0,0.862845942908142,0.5558898148987118,0.3033708257781725,0
0,679,92,2,0.8658665125068665,197,1,71.38533022805582,8,0.7757911317801633,0.9090599511773088,0.043218717970980425,0
1,749,119,1,0.28927631443903873,221,1,31.41399433324048,72,0.9437360008358294,0.5350482904315321,0.49545182957659756,0
1,762,51,2,0.9364433371037781,63,0,69.81345777419928,75,0.6187530251798246,0.86021489413948,0.3921920440859875,0
1,407,73,2,0.947929435612167,63,0,50.12163934146604,0,0.6243782919275676,0.7669091934353216,0.3528329634039578,0
1,421,96,0,0.3242504161173651,717,0,35.97624030676933,15,0.8739189175826723,0.9248741532280177,0.13384050313540746,0
1,316,53,1,0.22710037152540005,446,1,53.32286390344515,93,0.41447399204673707,0.7562763657526462,0.024282446133476798,1
1,495,56,1,0.9918731055644552,737,1,56.78874130355646,71,0.1450741187823139,0.7338906198421085,0.4893904980885754,0
0,626,59,0,0.5858012738419396,187,5,70.77302447128015,45,0.7748698558583464,0.8806779637489078,0.07392413998003128,0
0,617,70,1,0.6576603232283451,786,1,25.265328482692755,9,0.3291302614693264,0.737491879898938,0.41528367070822236,0
1,778,78,1,0.692723786933261,529,1,42.899953519027925,32,0.5268122308269643,0.9067252353880229,0.09875870675486603,0
1,551,92,0,0.8317347702244022,395,1,65.65814710723308,40,0.31639585210704935,0.4295908178854706,0.18704768348008205,0
0,802,58,2,0.8495903752367344,369,1,56.19829277480369,50,0.8443817668253787,0.6970899121963146,0.34679479520094225,0
0,418,88,1,0.3551401794558191,887,3,52.29026260748738,21,0.9624636685715293,0.8876149080266457,0.4726824457405634,0
1,797,13,2,0.3893093925068213,364,1,67.1773147672295,15,0.14952079324052905,0.9090190881493208,0.009891178040118298,0
1,785,43,1,0.9014664231570977,612,1,42.30089016923784,82,0.3100344683173015,0.9004332264456203,0.1303840789406413,0
0,344,76,2,0.8556140838004691,356,0,9.029477843205001,74,0.2706059114337791,0.7626287917669383,0.38248284593186166,0
1,613,51,1,0.6940955052431643,143,1,39.50238298837756,61,0.7058831614673199,0.996382805284061,0.0866969174448105,0
0,478,19,0,0.9957593272998799,826,2,75.17634668818928,52,0.48581055979780796,0.5088317846834087,0.055727559407948046,0
0,717,21,1,0.788147154841059,447,1,49.47713935360338,74,0.5106354971628048,0.5046745476325208,0.023092355723442426,0
0,377,91,1,0.3726694145041991,497,0,32.36354241853314,13,0.24137117594230872,0.41969360471470496,0.25124499759019575,0
0,625,83,1,0.8773152514661426,172,0,65.01194202115815,58,0.47326117737681606,0.9936023057533735,0.3838668256853628,0
1,656,24,1,0.531786109096112,638,0,57.67294355662784,25,0.37290545256104424,0.6088123045334025,0.4808672823463556,0
0,715,26,0,0.22892212843303136,338,0,47.20517626299235,43,0.6500718232036107,0.857232507723262,0.1337429746175185,0
1,814,45,1,0.4571370222493365,430,0,53.77698058895645,19,0.2955144058630852,0.4358261876652877,0.060686200795685874,0
1,513,28,1,0.8108409872475082,349,0,29.74117649664413,83,0.6533302070134427,0.5792128637979739,0.2012766365827744,0
0,373,110,1,0.9681649657491787,241,0,39.56852408562067,4,0.43997067267303247,0.774308404836941,0.027720150722328862,0
1,808,82,1,0.4209091330425551,346,1,44.02603157593041,64,0.4116651058255567,0.714868057659559,0.1656798258623296,0
1,631,108,2,0.3972130595277721,214,3,61.48758446025475,10,0.37500097074491234,0.5246489438175315,0.3215399952480802,0
1,392,100,1,0.6508932684786402,234,2,36.76879833959822,46,0.706450144623247,0.6769557476753068,0.08408301178680322,0
0,818,106,1,0.8493471197299576,393,3,44.61375444375632,9,0.6061765648896782,0.4652691951231076,0.3159383755034457,0
1,568,29,2,0.7972205457287573,245,1,66.61487240247043,60,0.8665495300019276,0.7256220833497024,0.4859745187941074,0
1,675,17,1,0.6479671220502532,275,0,82.86490451339505,91,0.31744915981785093,0.4581648658330421,0.4320999597509949,0
0,303,68,0,0.7051117452915829,268,2,31.940419094720845,44,0.136107621470121,0.7815612745357077,0.17841742729149385,0
0,437,44,0,0.3936791658610752,834,1,47.099363845567886,46,0.2638211336541191,0.4932145468481271,0.2107481417213526,0
1,530,109,1,0.5460594120026805,420,2,22.380706285827685,33,0.40902072789598876,0.7282515353607752,0.2096603501404638,0
1,828,61,0,0.40429250121623994,549,0,44.78248606782269,12,0.2616894912776668,0.47747240789393164,0.42995044519158077,0
0,351,93,1,0.9075343798757103,619,1,40.648433245271114,88,0.1751596097557241,0.6404262602029203,0.49691353611443706,0
1,624,68,0,0.2900436058924126,865,0,63.765494526836335,22,0.5008046258526118,0.6110989268718754,0.41294784090478714,0
0,576,74,0,0.7437924462850967,306,0,27.406415463874147,35,0.7092402973771953,0.8538464198998115,0.279059089049036,0
1,835,25,1,0.40822655773201877,231,2,25.350254457660856,62,0.7764136902585798,0.7846969867685569,0.048683020387441656,0
0,785,95,2,0.5804619277747731,243,2,67.81402092878582,75,0.4588545922467432,0.9622532922417942,0.4772420743297844,0
1,815,67,1,0.43953022419730625,635,1,35.503016854044,46,0.5302401350923435,0.9531463911711185,0.43002290010903377,0
0,451,111,2,0.4585962536475774,507,0,47.96146712352354,65,0.7799234440373205,0.8349976171368177,0.4207054243685571,0
0,782,2,2,0.4083144108888176,537,0,49.42566850872974,83,0.41743704727751063,0.8623514443538751,0.19590894715660406,0
0,558,89,0,0.8022343369563509,104,2,33.1902656665261,79,0.8062895901411754,0.7749474499462508,0.2235856893002477,0
0,623,49,1,0.4925726857432377,698,1,33.20623573221939,13,0.970638459039073,0.8149979384468318,0.05983088853753288,0
1,467,70,1,0.7810856141712661,694,0,61.90364527054828,52,0.8924325610072424,0.7703334211800571,0.46893649185846936,0
0,609,26,2,0.5648559440832102,171,3,55.156081332679946,65,0.5082358030183244,0.5870590187808348,0.4716171816333212,0
1,778,72,1,0.6377968336802298,619,1,44.76468810362307,48,0.6215666454000324,0.6104137495228226,0.12722063393036476,0
0,355,99,2,0.6346299805707899,351,0,42.94812262763634,15,0.7447837479904599,0.7448402967817733,0.3480039054866885,0
0,772,27,0,0.980681663474871,723,2,49.7491632727844,67,0.4143703981925627,0.8321061564368897,0.10174486870686822,0
0,595,89,0,0.493649964568761,490,1,50.73298817880183,42,0.8193142899786573,0.6436714275794657,0.19647354018408925,0
0,760,18,1,0.3661472763180781,736,1,63.91718283326105,76,0.49322529575247787,0.48560068049605276,0.1511906860423854,0
0,623,54,1,0.9294335522932817,699,2,44.687158326582846,64,0.8621574022903906,0.675650301011564,0.19479549884863456,0
0,440,1,0,0.33987143145245857,175,0,51.64471122300245,8,0.3292605054334589,0.9779126923210335,0.15448635427134,0
1,561,61,1,0.8675382766754758,83,1,55.77268192768021,20,0.11024025069954907,0.5284521207504245,0.17264566282881427,0
0,719,112,0,0.32017191637354064,385,0,56.036627850575556,81,0.6694195563751375,0.7894414521764764,0.39553013023778943,0
1,540,103,1,0.726979467381925,306,2,66.74579378041842,95,0.5067002057438131,0.9895250788981984,0.150013570796376,0
1,654,3,2,0.32043265061162884,850,2,44.811168320281396,97,0.15384080531580424,0.6257426316763778,0.40734773220680004,0
0,479,119,2,0.9384686553915436,624,0,36.51199152037776,83,0.5388511177657681,0.9327301653049616,0.2839610893218785,0
1,365,68,1,0.652006626122265,429,4,39.63055465156224,42,0.2517128608793634,0.9184052303056128,0.39022238579096086,0
1,647,41,1,0.46341907131207005,697,1,54.61240026142457,65,0.6667742464129569,0.6034269754151221,0.45944532522673537,0
1,470,37,1,0.31225821997087594,545,2,43.37847986904696,3,0.5005410198804321,0.4591103950694644,0.0692124752539246,0
1,773,51,0,0.4969537889167952,528,0,79.30196433740775,6,0.2540122767144567,0.5071234927400711,0.171945125461003,0
0,833,15,1,0.7640160278950494,340,0,45.188833998678305,85,0.4707450524908747,0.6194495068608733,0.027778747904281476,0
1,666,8,0,0.5079607071428378,300,1,30.675700337774657,83,0.30943792735972186,0.9754805853671638,0.20345501745451106,0
1,406,38,2,0.39687530887635525,605,1,49.84052500969469,57,0.6877871024256232,0.5646700870288582,0.1187014653605229,0
1,738,114,2,0.6619275586350538,478,1,68.0821831913405,98,0.3656290366411573,0.9561188475562994,0.28583930767963805,0
1,526,83,1,0.5342574822696957,141,3,32.76360285413044,3,0.8398156150461727,0.5088188113702687,0.3916949264511864,0
0,743,56,1,0.3326449888242339,268,0,32.3306780234844,19,0.11274688494236107,0.981887455414721,0.2431829888564429,0
0,741,47,0,0.32319039222196544,173,0,42.197769443024015,34,0.4630761788880654,0.5761627212387983,0.1668112784691309,0
1,695,90,1,0.7659695921774838,403,2,35.3113416175122,96,0.655372410029174,0.7798553580647234,0.07627818293482252,0
1,383,103,1,0.9797375164130051,49,1,24.7467285463187,58,0.12034745600424668,0.4418147346823198,0.013415075412551825,0
0,312,10,1,0.3864752566896451,605,1,21.887687426405353,84,0.2942577122716492,0.5797985027123889,0.33894150564081227,0
0,792,102,0,0.818518880665192,318,1,48.486429057003946,44,0.39467796357651397,0.5264262438270304,0.015272896867745356,0
0,567,78,2,0.2700853619603722,622,0,55.725646605218515,13,0.11966009912410983,0.40205000121033535,0.4604193064617978,0
0,824,49,1,0.5052607352417453,226,1,34.482536667545844,94,0.5920216343656035,0.4940618726303945,0.297115012574209,0
1,419,41,2,0.6053505222466056,411,1,43.942219605025244,21,0.6677815501760347,0.7558621899023146,0.17664765832606555,0
1,652,83,2,0.41499755623181467,610,0,47.774428906282424,47,0.3047700266317296,0.6339521039227953,0.020956795178882548,0
0,356,30,2,0.6236627332114004,727,1,28.421488974306357,29,0.5891344545955406,0.8335425888228609,0.20674327639520085,0
0,339,5,0,0.9060915421310836,708,1,57.88291045521994,28,0.9992142002417476,0.8026447601842044,0.43364976735426114,0
0,635,119,0,0.9555503698839949,746,2,48.17850503126353,35,0.8982273589725877,0.8795797054047512,0.4849116689265022,0
0,472,95,1,0.2804455634984396,521,3,52.86714764476102,41,0.1527947484404409,0.9202150138195775,0.04246419265128126,0
1,846,71,0,0.4174767471873619,193,0,55.19952997196748,28,0.2150942179746927,0.8918953018741971,0.3885690537340177,0
1,558,83,1,0.9833071340141799,635,2,81.38644497082377,6,0.5449629892143945,0.6688365038310309,0.12917880755920397,0
1,816,31,1,0.41633472832179497,278,0,29.631029302563334,31,0.32068100337824346,0.5852366382193046,0.18971844963386092,0
0,822,52,1,0.7541658809147529,97,0,31.608476357073116,12,0.17287231345914783,0.701381477781083,0.27383628024552326,0
1,416,103,0,0.40276295509629173,884,2,70.24387296839807,12,0.32909904347114693,0.7210771039828252,0.49736438461457644,0
1,483,88,2,0.4850924746568306,50,0,54.78342122414503,53,0.15506028790642232,0.5879047101651335,0.10440744882964403,0
1,415,98,0,0.353023190317518,860,1,46.03540835236178,13,0.576921197904084,0.724003927083861,0.06524919163642856,0
1,461,23,1,0.8850401549577163,541,3,37.82870204703911,5,0.5412250933035719,0.46346779129877896,0.2974884932397534,0
0,842,48,1,0.9061190110556032,626,4,41.52170391874483,15,0.10569353820053518,0.5386250770091728,0.42652449887905997,0
0,536,109,1,0.4375300063323453,419,3,41.81279047219517,40,0.5342647560795363,0.8476288521343334,0.324107898939347,0
0,365,40,1,0.8588718593365041,565,2,22.57532641856035,51,0.5678246325348918,0.5096993369942441,0.17378820063772832,0
0,369,6,0,0.4865933200295873,140,0,59.59798045352734,84,0.645133366910439,0.4834227089460401,0.4884912839479436,0
0,746,38,1,0.27921553831612667,892,1,14.840140120786845,15,0.973089751965854,0.5724059147924581,0.4975160423204396,0
1,715,41,0,0.8064611178336587,624,0,32.26408055810637,4,0.9844231843468004,0.6226294700567518,0.3853245513884238,0
1,831,100,0,0.6771569991190758,899,3,38.52338508100525,23,0.57423637960374,0.5971292106689292,0.4012081494597576,0
1,740,27,1,0.4195059549366003,489,1,77.15226581778919,42,0.8606680278488043,0.6247632309186428,0.38042083125843906,0
0,763,75,1,0.40239979240947765,107,1,43.488042470225466,64,0.1766491929912783,0.48394740573856504,0.12883047900272226,0
1,695,69,1,0.9804986963858571,463,2,49.74693748213929,9,0.5780391601870679,0.4992370947845722,0.0751320694226913,0
1,694,57,1,0.8900008327144731,409,1,31.83765733897593,58,0.7110100533015655,0.5415009877585447,0.27717675237915695,0
1,625,17,2,0.8478386634990118,681,2,58.03093519272298,34,0.6082559376125936,0.6411952104719875,0.47707309881828225,0
1,390,116,2,0.3024141669133325,469,0,89.27821842743661,30,0.3076488950087666,0.601539460971062,0.4391461446111924,0
1,369,71,1,0.8041498193986085,812,0,52.37251619408324,78,0.15639218767414986,0.8748009588559658,0.0534298677453528,0
1,465,91,0,0.37163217696262923,368,1,39.967431752838614,10,0.4480023561176706,0.7153107479578455,0.028495583260091717,0
0,513,47,1,0.9819111545665926,453,0,14.523907687867283,8,0.6828782480080828,0.7454206162276813,0.4368853938866198,0
0,634,79,0,0.24167135036980616,198,1,55.40538352886401,65,0.9925417662900058,0.7363557606423401,0.3065075361049691,0
0,668,110,1,0.4817107868481949,738,0,30.21080290554132,43,0.3128801062455516,0.639265035137378,0.15216052054428691,0
0,348,13,1,0.5429182726229722,291,1,33.66335995556957,93,0.9260109187402453,0.9882899792718601,0.2808840744541008,0
0,351,11,1,0.8593623292498036,756,2,58.975661256156634,15,0.1614352595727376,0.4223972662872966,0.11083429580118742,0
1,588,109,1,0.8129782544032369,608,3,37.89555488220825,47,0.9378903465315804,0.5295026668658666,0.4734759042537933,0
1,538,90,0,0.4999937159572717,258,1,43.58786213688881,52,0.849130091083027,0.5707928191930439,0.4135988492325286,0
1,432,86,1,0.6524482347664327,190,3,56.24679516162738,64,0.11885081745866316,0.9287788400029059,0.4811190083989073,0
0,465,92,1,0.8684761308861844,456,0,34.40904204025213,47,0.3683668366797982,0.951321481482493,0.09352859047834494,0
1,673,24,1,0.21455967372084217,151,2,25.665636982561193,69,0.14586098831068017,0.9076622918886377,0.42183521313729033,0
1,672,93,1,0.8417424796195778,178,0,51.96455378223936,45,0.9959552843766035,0.6501705886442135,0.2801428109830529,0
0,777,73,1,0.9575168202736337,881,2,56.31525499531544,74,0.4850596041253986,0.9487743338441061,0.1624959974879595,0
1,778,106,1,0.22565161718733695,734,0,36.336527303567465,32,0.6959561676495737,0.4591048577331363,0.23983167751778556,0
0,599,4,1,0.23646478966254608,772,0,35.59303508207746,51,0.31077151734014813,0.791460820169383,0.4721919877472329,0
0,381,113,0,0.47561120445281607,140,3,28.498569885479046,80,0.9403626148007965,0.9623342665489147,0.3457264436677318,0
1,386,46,0,0.27021565101413964,686,2,55.70236432559268,54,0.3467566796855245,0.8529399040432608,0.17995777633978172,0
0,524,18,1,0.5834208642351106,250,0,73.78347126830008,50,0.33419314657206867,0.5667203011613418,0.4999498421511456,0
1,315,43,0,0.7829685480718229,93,0,58.97317628779878,97,0.38314008634721763,0.8305034906607907,0.17287146016569394,0
1,657,80,1,0.6535193880254542,667,1,43.63219585699033,39,0.5162402481856359,0.5768580217375983,0.406859891696049,0
1,462,33,1,0.35714552725819226,759,1,55.74683068974055,24,0.11667945360673992,0.46694926852604324,0.3921886750644248,0
0,813,93,2,0.7238490400242863,825,1,32.52288309575772,62,0.638053750115276,0.8303329203002554,0.3614633190363428,0
0,649,103,2,0.7478835833431328,383,1,50.526054375454926,21,0.12849921742666434,0.5075359862283679,0.3347181465007714,0
0,763,10,0,0.9459567645480118,503,1,28.72099412404459,89,0.5852822389656338,0.4666389632894149,0.05433269628939719,0
1,674,73,2,0.31743751790163927,777,3,43.16721963346802,90,0.5120964119639008,0.7310560327890916,0.4974779718846949,0
0,391,59,1,0.7538689319277787,514,0,61.13540142044789,37,0.3182923523227692,0.7723751553585119,0.08052140826545473,0
0,480,31,1,0.9291417750825179,42,1,57.18057108062527,8,0.3967912154537441,0.4306337706738553,0.2980670089367021,0
1,600,28,0,0.6012513226565074,182,0,53.52712817624037,36,0.7350938301202027,0.40268133279948204,0.12457390285497077,0
1,488,60,2,0.48943974389044514,268,5,51.24415246428347,4,0.10863776788425672,0.929242198235891,0.0843887590359313,0
0,613,3,0,0.33659959537692663,219,2,33.95816558414502,81,0.38498242422318374,0.46915153657782577,0.27973268572619064,0
1,792,118,2,0.8934295091918061,692,0,47.137210095901324,21,0.7122675287483806,0.7503388316797932,0.4181720825608668,0
1,427,55,0,0.5153970998724755,115,1,56.74913329668807,11,0.23704647886229507,0.9721277484525348,0.18847282823110767,0
0,818,14,1,0.9399059546141539,50,0,41.35268326927589,59,0.604347088767493,0.707146069546252,0.03858444681587925,0
0,725,58,1,0.878206638504621,723,1,41.931272830943634,43,0.25203963563444143,0.4838788055066262,0.3118794564542281,0
1,486,89,0,0.5013118814377566,348,5,37.94662000371888,21,0.23928568917129966,0.636090701933269,0.3832151269616975,0
1,849,15,0,0.65913144715701,187,2,40.72576360955131,5,0.7950520861513812,0.7744252887066896,0.14804225345089334,0
1,752,2,1,0.22173922903513718,510,0,33.40014981837442,99,0.3398728179710239,0.8577037822415233,0.34529483756017393,0
0,770,24,0,0.4105771222937078,105,2,45.361075794842144,26,0.4381922070572747,0.7641627967423184,0.03789516122150138,0
0,523,78,1,0.7682182788553997,358,1,40.19586507253092,54,0.7570162590624728,0.4205894407010188,0.1807141941840883,0
0,453,64,1,0.7423287566770134,445,0,22.88631519227301,14,0.2615676404886787,0.48586171915896587,0.2370656958563228,0
0,650,112,2,0.4826955676334008,232,1,84.01413490810766,63,0.5785633191995718,0.6230810132769962,0.39098182498570516,0
0,446,71,1,0.8468864255275652,258,2,29.438577672858635,16,0.9260376973881967,0.8234282111955873,0.1690708545792844,0
0,648,100,0,0.3886688415198969,181,1,42.97959199274016,2,0.5984441374406398,0.7505967849683228,0.2268498961983162,0
1,481,114,1,0.5690164265218174,804,4,45.917518539262424,9,0.1439611899610865,0.42681699015823066,0.31417700893513106,0
1,478,24,0,0.5780245082487206,101,2,36.97698574356979,62,0.6307275472093996,0.878131544562333,0.31203998099517544,0
1,338,27,2,0.4726534150960137,254,0,43.65423256811618,62,0.18113805956295803,0.7630746588134586,0.25888010170170156,0
1,302,37,2,0.9637328809001338,502,0,32.721828153122914,88,0.35391208638995475,0.9322900213005528,0.1642373548752326,0
0,363,102,1,0.7573472268120811,672,1,55.907689737053374,61,0.8647075948091603,0.6505918592590471,0.3349623230477898,0
1,328,94,0,0.6313594682618413,389,0,44.66642169247359,84,0.10996221526175615,0.6941210685025285,0.4185771725506694,0
0,671,91,2,0.6084120747109188,569,2,55.77589887521018,8,0.16931197779815949,0.6433304617812461,0.07690704500306356,0
1,822,39,2,0.32743687397687726,840,1,67.04843507539385,23,0.4270277158123339,0.8334727177054106,0.17023089142402437,0
1,396,63,2,0.4977495176544786,638,1,40.781568840418466,31,0.9994562919094144,0.8512785135169403,0.33437420099789644,0
1,741,79,2,0.738218651783286,75,2,56.60173419955006,2,0.3626775154646589,0.8339454364287455,0.37788774594359836,0
1,502,26,1,0.9396561757493871,30,0,68.04517720829053,32,0.24154715686242811,0.5749595799126025,0.3907298230526303,0
1,710,65,0,0.853171247513471,707,2,43.147984381132964,42,0.594479919563424,0.7816189222258918,0.3266360097436663,0
0,320,4,1,0.44031184316797695,274,0,55.366488751030076,11,0.5673295194133631,0.6031168996863064,0.23913510560611573,0
0,401,29,1,0.5471653005519467,248,2,38.02077324373767,92,0.5046576295859538,0.9005202471186304,0.3228998022137254,0
1,345,1,1,0.2663340165702357,643,3,62.958180526558166,84,0.9519883768386539,0.43306969737476353,0.06752226407208856,1
0,365,107,1,0.28173785842846466,320,1,37.50302588089056,97,0.35213443385546683,0.4226324516154656,0.10388060911295527,0
1,463,50,0,0.576184309598972,487,2,55.54595094316115,96,0.36399180633576966,0.4610250547255559,0.4637655203217881,0
1,410,110,1,0.62417552545368,233,1,59.92676846379954,31,0.22623127424837575,0.5214179166779138,0.46108549142509253,0
0,637,86,1,0.41122167655753117,231,1,27.315343496842985,19,0.7275592161245578,0.4225812154509604,0.361941912471672,0
1,422,11,0,0.7142261513487531,595,1,34.99935162387601,66,0.3892325239724844,0.4429700135268082,0.1635236045143485,0
1,746,74,1,0.7627045484641102,511,3,34.3922919141007,67,0.8224662637410872,0.5836338956407884,0.324420002222367,0
1,590,59,2,0.4392929052895662,821,1,61.198993245012936,16,0.9745820896356282,0.45987440907115346,0.3438958046667462,0
1,711,62,2,0.8067397805660335,540,3,27.369785457728387,80,0.1393167177915328,0.8812442660048746,0.257557468439279,0
1,580,81,1,0.36448393523130673,307,0,49.88533846367198,18,0.9938097010523123,0.43232043337637843,0.37426291344478585,0
1,342,36,1,0.6354011018204591,45,1,55.897165728759674,3,0.32869380372137597,0.9447576681312616,0.014845464209242598,0
1,785,56,0,0.8434248748497386,554,4,47.54083474748124,92,0.47809932152907475,0.9225037263645844,0.12811039808891944,0
0,350,111,1,0.6296072685460443,385,1,64.12099511487106,16,0.799969019043423,0.525030619528384,0.39722518556996145,0
1,509,90,1,0.9263701748168405,385,2,16.13109182052047,63,0.698798027925392,0.4429162316615243,0.4693502218446922,0
1,425,112,1,0.24680098629970867,859,1,54.11873322859297,21,0.800593228751386,0.46332102709343387,0.4380439124590833,0
0,791,21,2,0.6706510763931774,628,1,42.27370239711316,65,0.5196988141469728,0.7354529419985759,0.35824668448429414,0
1,808,13,1,0.6494043620355121,107,2,22.423081832354146,41,0.9244603707155772,0.7605494439909269,0.08274840187284349,0
1,557,9,0,0.7282826628341479,96,1,28.783532280942158,75,0.8109467248645992,0.5893496716454815,0.18435975780931496,0
0,487,11,0,0.8667254709442462,888,0,68.47652160912888,44,0.3783051778903085,0.5781002009780805,0.02510634430570785,0
1,529,75,1,0.780682467470716,752,1,54.4833205272825,10,0.9536321992138839,0.7189007610918311,0.31993090169003424,0
1,488,70,1,0.8322261882982736,243,0,57.02861875692201,52,0.9649487740837189,0.5833768264403136,0.2249316178083159,0
1,714,1,2,0.43105338057409726,726,1,59.38446664920447,59,0.4735482001810698,0.9605916967531702,0.2865059384971316,0
0,309,118,1,0.5099979028551718,478,3,24.64763774170144,28,0.6867644391888316,0.6295790673418538,0.48967645683725175,0
0,413,70,1,0.7014215792369842,462,1,48.685925877295446,19,0.8332916816925131,0.5318882492647179,0.20112622251084916,0
0,375,77,1,0.6427691775399482,574,2,61.47627965806534,4,0.8355706451843025,0.48757890792218767,0.15335507699758838,0
1,801,86,1,0.9688830999764293,144,0,38.96096179465552,24,0.11271119022168165,0.7790249160356526,0.07530229729588483,0
0,384,56,1,0.3494675999475355,816,1,65.43669635812739,33,0.6661122697418873,0.5959969695787695,0.07180491230283115,0
1,348,31,1,0.48102269796091335,449,2,35.81090189601325,11,0.9763293677055455,0.5132768995508649,0.25928682931282554,0
0,794,86,1,0.6582041866278838,528,0,46.87141787008155,27,0.30821243301655404,0.565489314780996,0.37461404738801757,0
0,686,37,0,0.8943710159489215,739,1,50.96301043045585,97,0.8160479732592447,0.5847289438362718,0.28223123164575026,0
1,688,47,2,0.9434788197527935,409,2,56.3189763589799,5,0.5808228589692842,0.7755000825762752,0.4366463326001573,0
1,517,91,1,0.46882906466207885,172,1,40.683953088996134,18,0.2993231900250204,0.5048089001530183,0.15793621176125705,0
0,645,114,0,0.25368676922108135,769,2,60.1816817807462,11,0.14593417667559644,0.8396822590694335,0.29752329583865,0
0,529,116,0,0.5372957583377481,661,0,51.42021713648849,24,0.7839295399153069,0.5829293608475921,0.33062085554775233,0
0,554,78,0,0.5154753145868056,894,3,20.41809574380252,12,0.3848233145723443,0.6929857543790681,0.1403451383628132,0
1,535,47,1,0.9891896543437517,53,2,72.54858951043356,80,0.43802742525859417,0.7929034059202609,0.19815205304741046,0
1,325,69,0,0.5448489954326315,568,0,30.6320190685698,75,0.5367079479241099,0.7261720643168619,0.2954699371503395,0
0,560,58,0,0.4445783994425836,104,1,73.78500832954023,2,0.5564754126741774,0.7973401251729835,0.010465324533023623,0
0,570,36,1,0.49230189962794724,782,1,42.63471838211682,23,0.28556701927336997,0.5935573023010076,0.4433054572992926,0
0,422,32,1,0.517541024499051,564,1,39.84137261728523,7,0.7035777911696238,0.9780699515590001,0.05553202411124292,0
1,556,98,0,0.8572323057572928,702,0,50.98857264377235,99,0.7232859819602863,0.6753938329653606,0.02377894994235863,0
1,720,64,1,0.2648119142650114,70,3,34.52080119282952,89,0.22807083204931913,0.5931601658790308,0.10751764335237185,0
0,558,71,1,0.4532056391000214,779,1,16.71127090514278,44,0.5796185859213232,0.5778363767425636,0.25115898154624466,0
1,346,42,2,0.9730547935256797,780,0,43.360369551288436,71,0.6483334134045637,0.42561698179398894,0.16434870190791667,0
0,824,48,1,0.32248200383903997,597,0,50.625792155176505,95,0.26762638906026315,0.8108835214134489,0.22007280395270662,0
0,507,74,0,0.7940810572260719,442,1,68.06654930830669,95,0.9050159138763832,0.5575091662863823,0.04213554953894355,0
1,610,114,1,0.48511480095863235,444,0,27.12959473625549,0,0.5345432750577596,0.975358123793546,0.11655231486128709,0
1,448,81,1,0.6654284209556203,478,4,53.70334874478585,2,0.20352552189941545,0.526266847226075,0.048830398146192444,0
1,737,30,0,0.27963843080710565,639,1,43.44149801444776,64,0.4009565598590753,0.7176947162112224,0.11485329327062682,0
1,454,21,2,0.44512933388315723,687,4,45.49562608697179,14,0.5292644034471885,0.8412824199006546,0.35165451342126375,0
0,389,60,1,0.6006919533287106,803,1,59.58067330653809,49,0.10912973777263354,0.9220691768926044,0.287645397370707,0
1,657,13,2,0.38536052654068675,465,1,37.32865742019506,19,0.12871888812772667,0.4938765356933359,0.16698546227067135,0
0,473,1,1,0.6334959544425218,581,1,47.51288962743373,2,0.14996853577955616,0.99124092429822,0.13061363345608196,0
1,516,65,1,0.37580745125017306,734,0,61.34906682302707,60,0.58432170330949,0.9440493911906092,0.49876391636159967,0
0,755,111,1,0.7200804421204432,268,1,60.444005792848166,14,0.4024793766137691,0.9777098597365194,0.38393384179725365,0
1,498,33,1,0.9234834722002514,71,1,26.695722237905738,58,0.9037936432503996,0.9116024557249838,0.41102209471783235,0
0,785,38,1,0.26839090988125713,763,3,35.805929958982716,53,0.6033104850960049,0.9266015368201388,0.013182318176900854,0
0,832,25,2,0.3732928286208691,737,0,42.84410457287936,59,0.78390669593882,0.7592973495478978,0.029793396989562293,0
1,499,26,1,0.875538421808264,829,1,57.20907861785736,36,0.7184198590795651,0.9071860378704294,0.35630723528127806,0
0,670,77,2,0.7052427883535661,39,1,41.231957807109616,20,0.5682886545139529,0.7204080147179783,0.0959164278056015,0
1,747,59,2,0.2629671337140522,776,1,46.24106883382318,22,0.7702483957886123,0.722930302367899,0.21282771760363434,0
0,547,92,2,0.5890800920875963,866,0,63.75463783346272,98,0.5902351325809561,0.7375480551405955,0.09208329017803074,0
0,563,33,1,0.36780681200906806,294,0,39.92011218315949,17,0.44691067467140544,0.9977907549418321,0.08853595284325311,0
0,357,101,1,0.3592771152560558,610,1,67.09738135971695,16,0.4922243492568835,0.46263690408257374,0.054538475844669754,0
0,601,41,0,0.952516274688419,474,1,20.91849500496247,30,0.8546512055894933,0.8833659870974919,0.2971300552081186,0
1,330,30,1,0.8092332384608871,168,0,39.10872843069717,63,0.6069462023111921,0.5639875138733006,0.3696506865105381,0
0,797,57,0,0.7569844748193151,896,1,24.522832464810705,47,0.4395665333460841,0.6167362495586454,0.02842230114627209,0
1,548,49,0,0.3911430536622869,760,2,46.75047844838705,25,0.2617688364276233,0.4483199543836168,0.1377759209779888,0
1,570,48,0,0.2948587464327604,225,2,56.26487432667008,21,0.5458220579815348,0.6109442688304417,0.3291841993221966,0
0,693,72,2,0.89666609702828,103,0,42.581750916113464,44,0.3271636985792272,0.994457618282025,0.1961580112317624,0
1,801,49,2,0.20470365547396074,644,1,37.883543870253625,35,0.9600218903155332,0.6382415570968213,0.3523329437428281,0
1,383,47,1,0.5104771389608157,254,2,24.60570679092501,63,0.5418838761859793,0.801812751983348,0.3796141066618332,0
1,664,56,1,0.42209000236906685,664,2,70.22002366734884,34,0.10805344650033141,0.47242791289692276,0.0161470179603595,1
0,848,65,1,0.6563009602790589,131,2,44.66382204309186,74,0.18358947054502678,0.9534983258492062,0.1904298891463183,0
0,641,12,1,0.40040674870866777,293,4,38.21785473614126,90,0.35589204253948825,0.8966472279680793,0.36456947484762375,0
1,706,69,1,0.4489642874626464,190,2,68.43798620321715,97,0.18294655752847994,0.6317765825181679,0.18920799177854247,0
1,724,88,1,0.8800318839945549,262,1,39.71931966942474,81,0.9045660029458613,0.6090779996036593,0.0029166014929244977,0
1,392,6,1,0.682551058723615,520,1,31.344565088502417,26,0.8689164101204777,0.6593602021081069,0.168151466187827,0
0,711,89,1,0.31654602186349473,816,0,34.345791670850865,67,0.973775357989081,0.6407549097126992,0.4363263782187648,0
1,731,65,1,0.7811772347966652,799,1,32.141400666246504,16,0.7358190529094288,0.5548304828487348,0.4759694468462549,0
1,458,25,1,0.3659673611839027,340,1,29.009577499282337,69,0.6809180915908143,0.9945077644996076,0.2802583213062266,0
1,313,1,2,0.5464039440899842,680,0,34.598451858419864,10,0.931146974106199,0.8863278734228434,0.1531800515205129,0
0,672,32,0,0.7172857894714346,256,1,81.22425950568564,4,0.9517538303256918,0.5607539557045301,0.23303212408988883,0
1,524,106,1,0.4175436299659898,302,0,27.752655520387908,57,0.8897390585952423,0.9890348806161573,0.11810176351533619,0
0,804,106,1,0.5072854517406338,346,2,22.617720640300323,81,0.8753255594378404,0.4093180828281276,0.08406284712458606,0
0,372,3,0,0.7873196778433207,115,2,49.17044201368403,56,0.7045329298993552,0.6627385820376503,0.24676763821601633,0
1,548,49,1,0.9503287627394748,320,0,43.8605043140304,88,0.10144535251568032,0.7416911182367305,0.3683419944303559,0
0,810,19,0,0.6233960455675784,498,1,54.90061434856243,73,0.4865653452966875,0.4225519732669868,0.11123241301893544,0
0,515,60,1,0.2079767772452982,758,2,36.688735196640835,79,0.6720964940614128,0.4966223144222809,0.45476865649585285,0
0,840,107,1,0.4707710009934644,607,1,31.972299190434182,73,0.5924146424001443,0.5548786493111781,0.08411381937533341,0
1,519,29,1,0.5189074678764276,798,0,70.10579651223969,73,0.8390139669017851,0.8321362346237758,0.27920578823210707,0
1,520,50,1,0.47133889600179524,676,2,20.824656231667944,99,0.8370120488627169,0.9638461173191653,0.3881916292681665,0
0,688,2,0,0.5490150888924502,433,1,50.408983488944635,84,0.6388138085154451,0.774721052120759,0.10669424134446981,0
1,341,73,1,0.7061330030547197,456,0,55.35454392137902,13,0.1197946479331573,0.7375969546061751,0.14822222348386022,0
1,582,56,0,0.29690242159820257,404,2,57.325531837722295,71,0.43239695710124604,0.7220554719854783,0.025742124416642753,0
0,357,17,2,0.4181044070940044,596,0,40.44928097794119,0,0.30593492680912654,0.610422189886601,0.4719741984301532,0
1,836,60,2,0.6061184688140997,897,1,26.276671653143733,15,0.40490929787972574,0.8966286076823183,0.2434860966886681,0
1,372,110,1,0.4524586465439801,784,2,67.49271044089167,25,0.6555633890644557,0.7244604629417555,0.032153087526848534,0
1,428,36,2,0.9928682705082876,281,8,38.316836199494325,48,0.1598157124144548,0.5380619075942337,0.41506340658449253,1
0,725,61,1,0.5451451736299906,562,0,67.94996971621899,41,0.12001784414407439,0.4820987248984469,0.2846720795248194,0
1,424,17,2,0.8958393228737731,336,3,50.521109198566165,69,0.493185624382274,0.9913075089171215,0.027642358769234265,0
1,366,49,1,0.9172078684910916,459,1,37.741139823411324,65,0.8142164490228804,0.41048392901320113,0.22544828530734484,0
0,305,76,0,0.8688055997778801,704,1,50.90164570925097,52,0.12762871713869667,0.960064017993883,0.2172015213182883,0
0,613,60,2,0.23751859275613427,897,2,62.2620293558688,8,0.8641437265837573,0.5309819807081866,0.07304086671991117,0
0,625,20,0,0.9581973852906811,293,1,46.231323757358155,68,0.4454916694750072,0.7945297196089887,0.21018640454364101,0
0,805,50,0,0.30299404970654154,97,0,33.93626336163823,39,0.20641188605090663,0.5809195153588788,0.1414035079324759,0
1,381,3,0,0.22752290217143561,136,1,18.18670508783513,55,0.6107479559182919,0.9158862471278894,0.3499709476281339,0
0,301,43,1,0.531495686325246,429,0,38.63614690654082,4,0.9571245052819684,0.7260671933089651,0.002745974919783345,0
0,503,57,1,0.35570722620628487,608,3,57.114608713282365,55,0.5882616091349335,0.48463465358903746,0.053187971711166626,0
1,703,50,1,0.34735722373058897,228,4,29.844992246453423,71,0.7179712802073743,0.5619010002694603,0.4593244045239742,0
0,402,68,2,0.4302556907009205,221,2,55.21743096894245,4,0.834779158201918,0.5921911441418557,0.21666666366057075,0
1,835,81,0,0.3987244841974839,543,0,45.422986135803534,68,0.8194061100226778,0.9315534186340585,0.08809098733742032,0
0,667,50,2,0.7478363217201225,798,0,56.18243006365236,51,0.16580685566236572,0.8600430512236115,0.39661321843451847,0
0,511,37,2,0.34942184530885606,471,0,9.911521493896906,80,0.7668958719078324,0.8977523875665203,0.4257963000382207,0
0,508,46,0,0.6344946441578069,30,0,23.6949730085179,72,0.9545046092855872,0.4313513127048715,0.10560700675095003,0
0,416,42,1,0.9891412369148238,387,1,38.06102500740609,97,0.7305870105825195,0.7472693232839582,0.3567999962023927,0
0,777,15,2,0.5459059367650312,144,2,72.9940961440225,32,0.8527986043394209,0.9995061583087879,0.3075678455834741,0
1,404,33,1,0.7134984870363492,629,1,33.68597758062805,21,0.5369947309100077,0.8711197834319886,0.37252835566237746,0
1,794,80,1,0.975497342183899,226,2,43.09825040041995,84,0.38716239373558436,0.4724246088339487,0.3939492096199649,0
0,345,11,1,0.31011119843309143,633,2,77.26096032744076,14,0.7086153007817865,0.8072909004444092,0.33046792819663046,0
1,630,119,1,0.5348856074344395,303,2,51.4295565414189,64,0.5429799803074736,0.8471942925371099,0.47810847923026406,0
1,515,20,0,0.8801539201562034,885,1,57.89445141544405,70,0.9057599706829647,0.7085490135528452,0.43211317961915935,0
1,791,102,1,0.945844546195904,189,1,35.36512923750858,22,0.9769437717344734,0.44725188866406523,0.11448574391901756,0
0,748,24,0,0.6809888463671241,202,2,62.684801109519505,5,0.8378218607581005,0.4208117411238142,0.45678289813615097,0
0,835,64,1,0.31473648203217874,574,1,64.97092403272589,83,0.9934116557368996,0.9626858183436102,0.17979865055322958,0
0,810,118,2,0.921177267158124,487,1,52.52397371583848,57,0.41353353855487285,0.5545083792871712,0.36327092568494,0
1,757,80,1,0.3395572529527541,614,3,43.71034587563366,25,0.9061798408790351,0.6273808762110701,0.4240051583882089,0
1,846,94,2,0.48230227866569486,462,1,53.39140881848374,11,0.39694026591764164,0.877166524591303,0.21818521325716744,0
0,835,98,1,0.5004063822098095,510,2,20.614712181020263,76,0.2062342677753582,0.813556448030466,0.025754273231191782,0
0,839,65,1,0.5578332318981025,484,2,61.329508514873325,76,0.6592363257803038,0.9811394200206011,0.47483071724581627,0
1,783,88,1,0.8321326527447597,225,2,32.26317445199135,1,0.5094897708807967,0.45570352012670057,0.03624002641217966,0
1,315,88,2,0.8417155024819878,825,3,40.82102709729647,31,0.9295293100875561,0.8241517444475364,0.174054795582462,0
1,542,73,1,0.7757240586224914,628,0,64.76332305848811,49,0.5429744988202135,0.44933731166660174,0.29822364888582986,0
1,506,86,0,0.2177029395372653,338,1,61.463433756400065,94,0.9348693213828728,0.40009929790068677,0.058768353818716534,0
0,570,76,2,0.6518760817737212,765,2,20.683084232306275,60,0.17077048047559232,0.47213813571264845,0.419103163294634,0
1,414,17,1,0.79799436470512,585,2,30.79007216529397,10,0.8474606521717012,0.7700355089675424,0.1017110778882242,0
1,598,89,0,0.5557001920492343,877,1,54.601700261877184,67,0.7832028416179441,0.8057156497464648,0.4930018316545387,0
0,782,92,1,0.9559488362923172,523,3,18.908888013808284,33,0.747980446130688,0.6630039234457505,0.45821672028254207,0
1,696,61,2,0.8590484175042807,468,1,66.2901934834127,79,0.41962226956191084,0.42764242584245454,0.3022780436089317,0
1,693,15,1,0.7105240523894647,679,3,46.76887615204978,94,0.805383672397817,0.7804356346326944,0.33000504464368996,0
0,374,94,1,0.24994014694601072,811,2,66.1937636068778,88,0.5349669213202993,0.45149048655189405,0.2668032340043368,0
1,781,51,2,0.7218769980665105,388,3,33.8266971187785,7,0.7436831597962913,0.4850357990598386,0.1955519843164163,0
1,402,27,1,0.9292636810017751,65,1,35.157425286111945,7,0.5970044321066533,0.7075454108624961,0.17585404853695885,0
1,596,86,1,0.5035563095047612,63,1,60.512294965828076,97,0.24169573408006995,0.6042239628849086,0.4458274533701311,0
0,477,74,0,0.8705060204842889,117,0,40.5544098645359,14,0.158102731155972,0.6788523563658044,0.28830986305688394,0
0,514,61,0,0.45052891428974323,687,1,26.386177727742716,4,0.42956798608306346,0.7810461421763155,0.41164686610668594,0
1,614,58,1,0.6560826332378422,45,1,53.42207966807635,18,0.9395099406512636,0.4960042216968381,0.2570355219363592,0
0,338,31,2,0.7187395346966259,774,1,21.114408317075917,73,0.5767615187393978,0.9358520438146047,0.15351246112102596,0
1,558,91,0,0.742396030047116,450,2,66.63201394063191,8,0.8219728608551838,0.735688038787744,0.04587973831485992,0
1,306,12,1,0.9060394515714785,582,3,47.76312663976714,56,0.6183577635839482,0.4132559653187714,0.16184840150415863,1
0,348,46,0,0.3876978136050257,796,4,31.655152746807886,53,0.9621147576460939,0.7770717050403166,0.4400587570325492,0
1,837,31,1,0.4098956682311798,822,1,62.17782085472347,28,0.4325100059391408,0.6779073590644309,0.3559805869418847,0
1,460,32,0,0.7632327946485895,155,1,62.44178087728306,18,0.15134540984017564,0.8209834668855138,0.39291495493550627,0
0,475,32,0,0.3417550499872305,37,0,45.05598613937059,76,0.8026015449750261,0.8704201737625268,0.38671710805027865,0
1,301,105,0,0.5714163239711683,501,0,79.13113085539334,45,0.7349108574979822,0.9633069120339575,0.05998620861573806,0
1,754,109,1,0.2160275072617721,497,0,78.78517193972138,79,0.5747809440145115,0.9990074765649998,0.07943028302891497,0
1,575,99,1,0.3127834695920913,891,1,49.85022984455022,61,0.39375211887128325,0.7297701960828562,0.15861962441701094,0
1,797,53,0,0.7430771080230891,881,0,60.98109152691136,93,0.2694386329204953,0.7369050118770548,0.1505143893339561,0
1,327,61,2,0.7979692827854032,539,1,64.63207836675247,59,0.5340484397586829,0.41346715058536376,0.033040519127865875,0
1,632,46,0,0.2922552265903015,431,1,27.97614821739394,4,0.6995812683614382,0.9191022840917984,0.07673575478460343,0
1,300,85,1,0.3821676403289576,865,0,49.300743968340285,32,0.6209977864331736,0.4172307961255126,0.4281151417833898,0
1,487,74,2,0.2791235572296409,205,0,34.772461836653164,82,0.49374145933444724,0.7795988842006252,0.29452241899085174,0
1,355,80,1,0.5467302751400935,769,2,32.65647664463508,54,0.5857249998962755,0.459146187246538,0.1711414963898208,0
0,846,7,1,0.30089285659570664,864,1,46.82410221854196,18,0.19715943728313862,0.5715031624638739,0.26323894893168776,0
1,411,4,0,0.5498368137335121,396,2,47.95111890678904,16,0.7262560934739292,0.48419773186643533,0.13065669578914452,0
0,609,91,1,0.7856786046409054,517,2,20.819855946125998,87,0.7608304394163401,0.48243657286752467,0.2919211586735875,0
0,335,52,1,0.7467109065147339,47,1,50.15572911380575,91,0.11030734368738154,0.4447605893901583,0.03731544161794931,0
0,738,119,2,0.4243683894814762,85,4,41.23578308487972,41,0.34346760027478207,0.5907291891913021,0.45132534948227565,0
1,624,89,0,0.7390100393975461,64,1,65.96878371887648,21,0.18290517415594573,0.6541908066716762,0.12022329234180734,0
1,606,31,1,0.9421697047196615,659,3,62.4406589040895,38,0.9984089186870471,0.6786839156992952,0.4095377509688064,0
1,833,75,1,0.47801950966793244,823,2,32.159872710807136,79,0.6340085503796471,0.6638248236802644,0.3299994331622586,0
1,408,112,2,0.4632953229580853,795,0,64.69092556707821,98,0.5191642848039062,0.7142152205771666,0.26150347121166695,0
1,671,84,0,0.6571509211856139,754,0,53.03933013665214,26,0.5167009170829515,0.9158721575121646,0.4648982303588978,0
1,656,36,2,0.3964014488219775,602,4,41.72578520777702,75,0.9682965273058932,0.7790779694237051,0.07840659016057683,0
1,480,54,1,0.7212631423842015,629,2,37.31731521740507,45,0.6938700743345936,0.4103714025818877,0.059638735134499854,0
0,655,54,1,0.8658094165379848,812,1,27.785304017018465,27,0.2517936024223808,0.5037713669441912,0.16093006591171882,0
0,367,119,0,0.5674548040789056,376,1,26.730032391654728,51,0.5033429451962806,0.6093698932892877,0.4151106132591774,0
1,591,17,1,0.743605859942706,61,0,17.593065906388006,64,0.7967771568513093,0.9694262253189261,0.01760072809511737,0
1,480,109,1,0.7215083391063963,162,3,45.31322594282199,38,0.48101506017291373,0.446847638469955,0.11970285365466998,0
0,765,75,1,0.23093244947807162,605,2,14.099175745402036,17,0.3785800832981727,0.8260715574426889,0.21235109584333378,0
0,733,30,0,0.3467330361406211,228,1,32.00226133486669,86,0.9920944689222299,0.41985587904692384,0.35647049426910415,0
1,763,99,0,0.9148240014545039,285,2,54.852742864944794,21,0.9420734211510061,0.6175223014011795,0.14965653380542016,0
0,833,105,2,0.9511137178920155,371,0,67.39897232831275,67,0.9474043323915627,0.862089258228246,0.224056223115357,0
1,365,102,2,0.8243517119289419,696,0,27.77377988045207,10,0.21850527670546394,0.6063576018630116,0.16842524543558074,0
1,320,22,1,0.9369985186621557,260,1,54.144115907270816,81,0.31082973112824586,0.6581692359918794,0.04603012736285117,0
0,683,117,0,0.44491892073485984,330,0,40.354726255855745,63,0.49786026234925684,0.9431827169604575,0.36933799241562676,0
0,338,43,1,0.39816877742323764,576,0,37.25690802965304,70,0.8489163324093024,0.43970145479157885,0.23068969822224156,0
1,584,112,1,0.507440150048416,55,0,47.32000605111675,84,0.7631447862048608,0.7165973951260607,0.4062560597640482,0
1,635,115,2,0.2442735988403623,564,1,35.177304705678395,56,0.8647006556371862,0.619742535154707,0.34734645852706936,0
1,487,27,1,0.8478972952330623,682,2,43.73736976790198,34,0.9286869620416338,0.9782870029102185,0.02890760009476334,0
1,542,37,2,0.9873403880920619,503,3,46.064040571166785,36,0.8026901587454681,0.8762138976509548,0.25003795024813924,0
0,372,46,2,0.8592234339492879,416,1,62.40871765357007,49,0.3355930091304804,0.4732460664199233,0.4954278118076868,0
1,778,113,2,0.6439802678820385,314,0,65.66243856703242,29,0.3569011141484524,0.9564458540335432,0.15393513093297073,0
1,400,35,0,0.43622557638635984,479,0,36.02180772162525,16,0.41723891346078856,0.5267279784722613,0.24647905024482114,0
1,813,4,0,0.3581583108348645,349,1,40.95089658568453,32,0.37276783015025583,0.4508905861208921,0.32601622183702017,0
0,475,80,1,0.491250297437328,185,2,57.06316547504467,15,0.3241890547328018,0.7249559678766955,0.1011328001899478,0
1,537,80,1,0.7335756236385651,500,1,42.28554714133644,14,0.777237453888168,0.8419789419857675,0.3512536051825209,0
1,358,85,0,0.5576492444326588,449,2,55.714948537284585,12,0.1305919458103431,0.8296305336977272,0.3298883382208396,0
0,398,26,0,0.947247856067589,142,2,58.5329955870611,2,0.7555543642855586,0.7204336413264378,0.18748023335974384,0
0,794,100,1,0.8833762743725859,680,1,60.287772807924696,23,0.8412073943634711,0.6956424846518217,0.14221963365654955,0
1,813,19,1,0.28192049277031916,451,2,46.316651272817985,22,0.15943963901033606,0.9817263383818915,0.4595513506390495,0
0,596,81,1,0.305220179108568,750,0,27.547816067593516,58,0.15566239648089658,0.8923353050616987,0.06351178634856852,0
0,510,45,1,0.7409913482400887,864,2,42.48125910498348,54,0.35691742260397086,0.8191840228858236,0.2160153956560925,0
0,422,26,1,0.3846147119842835,627,1,37.39073753000493,64,0.2874761340414987,0.5171268781357852,0.38349181411106426,0
1,528,22,1,0.832823901609401,314,1,56.65708421980408,31,0.623020306321174,0.8918624146159908,0.07406854773769356,0
